#
# A fatal error has been detected by the Java Runtime Environment:
#
#  SIGSEGV (0xb) at pc=0x00007dae7d619859, pid=4986, tid=21647
#
# JRE version: OpenJDK Runtime Environment (17.0.1+12) (build 17.0.1+12-39)
# Java VM: OpenJDK 64-Bit Server VM (17.0.1+12-39, mixed mode, sharing, tiered, compressed oops, compressed class ptrs, g1 gc, linux-amd64)
# Problematic frame:
# j  com.android.build.gradle.tasks.ProcessPackagedManifestTask_Decorated.toString()Ljava/lang/String;+15
#
# Core dump will be written. Default location: Core dumps may be processed with "/usr/share/apport/apport -p%p -s%s -c%c -d%d -P%P -u%u -g%g -- %E" (or dumping to /home/victor/Downloads/bootcamp_project/Flex-app/android/core.4986)
#
# If you would like to submit a bug report, please visit:
#   https://bugreport.java.com/bugreport/crash.jsp
#

---------------  S U M M A R Y ------------

Command Line: -XX:MaxMetaspaceSize=512m --add-opens=java.base/java.util=ALL-UNNAMED --add-opens=java.base/java.lang=ALL-UNNAMED --add-opens=java.base/java.lang.invoke=ALL-UNNAMED --add-opens=java.prefs/java.util.prefs=ALL-UNNAMED --add-opens=java.base/java.nio.charset=ALL-UNNAMED --add-opens=java.base/java.net=ALL-UNNAMED --add-opens=java.base/java.util.concurrent.atomic=ALL-UNNAMED -Xmx2048m -Dfile.encoding=UTF-8 -Duser.country=US -Duser.language=en -Duser.variant -javaagent:/home/victor/.gradle/wrapper/dists/gradle-8.3-all/6en3ugtfdg5xnpx44z4qbwgas/gradle-8.3/lib/agents/gradle-instrumentation-agent-8.3.jar org.gradle.launcher.daemon.bootstrap.GradleDaemon 8.3

Host: Intel(R) Core(TM) i5 CPU       M 560  @ 2.67GHz, 4 cores, 7G, Ubuntu 22.04.3 LTS
Time: Thu May  9 16:58:43 2024 GMT elapsed time: 6762.531184 seconds (0d 1h 52m 42s)

---------------  T H R E A D  ---------------

Current thread (0x00007dae440a18f0):  JavaThread "Daemon worker Thread 10" [_thread_in_Java, id=21647, stack(0x00007dae69200000,0x00007dae69300000)]

Stack: [0x00007dae69200000,0x00007dae69300000],  sp=0x00007dae692f97d0,  free space=997k
Native frames: (J=compiled Java code, j=interpreted, Vv=VM code, C=native code)
j  com.android.build.gradle.tasks.ProcessPackagedManifestTask_Decorated.toString()Ljava/lang/String;+15
J 56378 c2 org.gradle.api.internal.AbstractTask.<init>(Lorg/gradle/api/internal/AbstractTask$TaskInfo;)V (407 bytes) @ 0x00007dae85b24720 [0x00007dae85b23800+0x0000000000000f20]
J 57776 c2 com.android.build.gradle.internal.tasks.NonIncrementalTask.<init>()V (5 bytes) @ 0x00007dae87a1a698 [0x00007dae87a1a640+0x0000000000000058]
j  com.android.build.gradle.tasks.ProcessPackagedManifestTask.<init>(Lorg/gradle/api/model/ObjectFactory;Lorg/gradle/workers/WorkerExecutor;)V+13
j  com.android.build.gradle.tasks.ProcessPackagedManifestTask_Decorated.<init>(Lorg/gradle/api/model/ObjectFactory;Lorg/gradle/workers/WorkerExecutor;)V+3
v  ~StubRoutines::call_stub
V  [libjvm.so+0x7f2af5]  JavaCalls::call_helper(JavaValue*, methodHandle const&, JavaCallArguments*, JavaThread*)+0x315
V  [libjvm.so+0xc70ae1]  invoke(InstanceKlass*, methodHandle const&, Handle, bool, objArrayHandle, BasicType, objArrayHandle, bool, JavaThread*) [clone .constprop.0]+0x511
V  [libjvm.so+0xc7188b]  Reflection::invoke_constructor(oopDesc*, objArrayHandle, JavaThread*)+0x19b
V  [libjvm.so+0x8ca40b]  JVM_NewInstanceFromConstructor+0x11b
J 2032  jdk.internal.reflect.NativeConstructorAccessorImpl.newInstance0(Ljava/lang/reflect/Constructor;[Ljava/lang/Object;)Ljava/lang/Object; java.base@17.0.1 (0 bytes) @ 0x00007dae851c3e1d [0x00007dae851c3d40+0x00000000000000dd]
J 57614 c2 jdk.internal.reflect.NativeConstructorAccessorImpl.newInstance([Ljava/lang/Object;)Ljava/lang/Object; java.base@17.0.1 (122 bytes) @ 0x00007dae879c1fcc [0x00007dae879c1f60+0x000000000000006c]
J 19775 c2 java.lang.reflect.Constructor.newInstanceWithCaller([Ljava/lang/Object;ZLjava/lang/Class;)Ljava/lang/Object; java.base@17.0.1 (75 bytes) @ 0x00007dae85c234c4 [0x00007dae85c23400+0x00000000000000c4]
J 18615 c2 org.gradle.internal.instantiation.generator.AsmBackedClassGenerator$InvokeConstructorStrategy.newInstance(Lorg/gradle/internal/service/ServiceLookup;Lorg/gradle/internal/instantiation/InstanceGenerator;Lorg/gradle/api/Describable;[Ljava/lang/Object;)Ljava/lang/Object; (66 bytes) @ 0x00007dae85b55258 [0x00007dae85b54e60+0x00000000000003f8]
J 19149 c2 org.gradle.internal.instantiation.generator.DependencyInjectingInstantiator.doCreate(Ljava/lang/Class;Lorg/gradle/api/Describable;[Ljava/lang/Object;)Ljava/lang/Object; (64 bytes) @ 0x00007dae85b9bc94 [0x00007dae85b9ae00+0x0000000000000e94]
J 52746 c2 org.gradle.api.internal.DefaultNamedDomainObjectCollection$AbstractDomainObjectCreatingProvider.tryCreate()V (95 bytes) @ 0x00007dae875ddcd0 [0x00007dae875dd3e0+0x00000000000008f0]
J 56376 c2 org.gradle.api.internal.tasks.DefaultTaskContainer$TaskCreatingProvider$1.run(Lorg/gradle/internal/operations/BuildOperationContext;)V (41 bytes) @ 0x00007dae859d6b88 [0x00007dae859d6b40+0x0000000000000048]
J 14103 c2 org.gradle.internal.operations.DefaultBuildOperationRunner$1.execute(Lorg/gradle/internal/operations/BuildOperation;Lorg/gradle/internal/operations/BuildOperationContext;)V (10 bytes) @ 0x00007dae8588ed88 [0x00007dae8588ec40+0x0000000000000148]
J 18607 c2 org.gradle.internal.operations.DefaultBuildOperationExecutor.run(Lorg/gradle/internal/operations/RunnableBuildOperation;)V (11 bytes) @ 0x00007dae85b5ef54 [0x00007dae85b5d620+0x0000000000001934]
J 49225 c2 org.gradle.api.internal.DefaultNamedDomainObjectCollection$AbstractDomainObjectCreatingProvider.calculateOwnValue(Lorg/gradle/api/internal/provider/ValueSupplier$ValueConsumer;)Lorg/gradle/api/internal/provider/ValueSupplier$Value; (71 bytes) @ 0x00007dae8706222c [0x00007dae87061fc0+0x000000000000026c]
J 21489 c2 org.gradle.api.internal.provider.AbstractMinimalProvider.calculateValue(Lorg/gradle/api/internal/provider/ValueSupplier$ValueConsumer;)Lorg/gradle/api/internal/provider/ValueSupplier$Value; (15 bytes) @ 0x00007dae85e45e20 [0x00007dae85e45de0+0x0000000000000040]
J 55629 c2 org.gradle.api.internal.provider.FlatMapProvider.getProducer()Lorg/gradle/api/internal/provider/ValueSupplier$ValueProducer; (13 bytes) @ 0x00007dae86caf890 [0x00007dae86caf840+0x0000000000000050]
J 22831 c2 org.gradle.api.internal.provider.TransformBackedProvider.getProducer()Lorg/gradle/api/internal/provider/ValueSupplier$ValueProducer; (10 bytes) @ 0x00007dae85df6b64 [0x00007dae85df6b20+0x0000000000000044]
J 23268 c2 org.gradle.api.internal.provider.AbstractProperty.getProducer()Lorg/gradle/api/internal/provider/ValueSupplier$ValueProducer; (24 bytes) @ 0x00007dae85f1db70 [0x00007dae85f1db20+0x0000000000000050]
J 23268 c2 org.gradle.api.internal.provider.AbstractProperty.getProducer()Lorg/gradle/api/internal/provider/ValueSupplier$ValueProducer; (24 bytes) @ 0x00007dae85f1db70 [0x00007dae85f1db20+0x0000000000000050]
J 23268 c2 org.gradle.api.internal.provider.AbstractProperty.getProducer()Lorg/gradle/api/internal/provider/ValueSupplier$ValueProducer; (24 bytes) @ 0x00007dae85f1db70 [0x00007dae85f1db20+0x0000000000000050]
J 23268 c2 org.gradle.api.internal.provider.AbstractProperty.getProducer()Lorg/gradle/api/internal/provider/ValueSupplier$ValueProducer; (24 bytes) @ 0x00007dae85f1db70 [0x00007dae85f1db20+0x0000000000000050]
J 52899 c2 org.gradle.api.internal.file.collections.ProviderBackedFileCollection.visitDependencies(Lorg/gradle/api/internal/tasks/TaskDependencyResolveContext;)V (76 bytes) @ 0x00007dae8747834c [0x00007dae87478300+0x000000000000004c]
J 32633 c2 org.gradle.api.internal.tasks.CachingTaskDependencyResolveContext$TaskGraphImpl.getNodeValues(Ljava/lang/Object;Ljava/util/Collection;Ljava/util/Collection;)V (172 bytes) @ 0x00007dae863de35c [0x00007dae863de260+0x00000000000000fc]
J 54022 c2 org.gradle.internal.graph.CachingDirectedGraphWalker.doSearch()Ljava/util/Set; (659 bytes) @ 0x00007dae86169960 [0x00007dae86168160+0x0000000000001800]
J 49030 c2 org.gradle.api.internal.tasks.CachingTaskDependencyResolveContext.getDependencies(Lorg/gradle/api/Task;Ljava/lang/Object;)Ljava/util/Set; (102 bytes) @ 0x00007dae86eb52d0 [0x00007dae86eb4f40+0x0000000000000390]
J 54707 c2 org.gradle.execution.plan.LocalTaskNode.resolveDependencies(Lorg/gradle/execution/plan/TaskDependencyResolver;)V (229 bytes) @ 0x00007dae85cfca04 [0x00007dae85cfc920+0x00000000000000e4]
J 55545 c2 org.gradle.execution.plan.DefaultExecutionPlan.discoverNodeRelationships(Ljava/util/LinkedList;)V (317 bytes) @ 0x00007dae8733c568 [0x00007dae8733c040+0x0000000000000528]
j  org.gradle.execution.plan.DefaultExecutionPlan.doAddEntryNodes(Ljava/util/SortedSet;I)V+91
j  org.gradle.execution.plan.DefaultExecutionPlan.addEntryTasks(Ljava/util/Collection;I)V+63
j  org.gradle.execution.plan.DefaultExecutionPlan.addEntryTasks(Ljava/util/Collection;)V+13
j  org.gradle.execution.TaskNameResolvingBuildTaskScheduler.scheduleRequestedTasks(Lorg/gradle/api/internal/GradleInternal;Lorg/gradle/execution/EntryTaskSelector;Lorg/gradle/execution/plan/ExecutionPlan;)V+130
j  org.gradle.execution.DefaultTasksBuildTaskScheduler.scheduleRequestedTasks(Lorg/gradle/api/internal/GradleInternal;Lorg/gradle/execution/EntryTaskSelector;Lorg/gradle/execution/plan/ExecutionPlan;)V+184
j  org.gradle.initialization.DefaultTaskExecutionPreparer.lambda$scheduleRequestedTasks$0(Lorg/gradle/api/internal/GradleInternal;Lorg/gradle/execution/EntryTaskSelector;Lorg/gradle/execution/plan/ExecutionPlan;)V+7
j  org.gradle.initialization.DefaultTaskExecutionPreparer$$Lambda$2219+0x0000000801cc8c10.run()V+16
J 59646 c2 org.gradle.internal.Factories$1.create()Ljava/lang/Object; (11 bytes) @ 0x00007dae872d1be4 [0x00007dae872d1ba0+0x0000000000000044]
j  org.gradle.internal.work.DefaultWorkerLeaseService.withReplacedLocks(Ljava/util/Collection;Lorg/gradle/internal/resources/ResourceLock;Lorg/gradle/internal/Factory;)Ljava/lang/Object;+40
j  org.gradle.api.internal.project.DefaultProjectStateRegistry$DefaultBuildProjectRegistry.withMutableStateOfAllProjects(Lorg/gradle/internal/Factory;)Ljava/lang/Object;+36
j  org.gradle.api.internal.project.DefaultProjectStateRegistry$DefaultBuildProjectRegistry.withMutableStateOfAllProjects(Ljava/lang/Runnable;)V+5
j  org.gradle.initialization.DefaultTaskExecutionPreparer.scheduleRequestedTasks(Lorg/gradle/api/internal/GradleInternal;Lorg/gradle/execution/EntryTaskSelector;Lorg/gradle/execution/plan/ExecutionPlan;)V+20
j  org.gradle.initialization.VintageBuildModelController.lambda$scheduleRequestedTasks$0(Lorg/gradle/execution/EntryTaskSelector;Lorg/gradle/execution/plan/ExecutionPlan;)V+10
j  org.gradle.initialization.VintageBuildModelController$$Lambda$2218+0x0000000801cc89e8.run()V+12
j  org.gradle.internal.model.StateTransitionController.lambda$inState$1(Ljava/lang/Runnable;)Ljava/lang/Object;+1
j  org.gradle.internal.model.StateTransitionController$$Lambda$262+0x0000000800ee8aa0.get()Ljava/lang/Object;+4
j  org.gradle.internal.model.StateTransitionController.lambda$inState$2(Lorg/gradle/internal/model/StateTransitionController$State;Ljava/util/function/Supplier;)Ljava/lang/Object;+11
j  org.gradle.internal.model.StateTransitionController$$Lambda$263+0x0000000800ee8cc8.create()Ljava/lang/Object;+12
j  org.gradle.internal.work.DefaultSynchronizer.withLock(Lorg/gradle/internal/Factory;)Ljava/lang/Object;+6
j  org.gradle.internal.model.StateTransitionController.inState(Lorg/gradle/internal/model/StateTransitionController$State;Ljava/util/function/Supplier;)Ljava/lang/Object;+12
j  org.gradle.internal.model.StateTransitionController.inState(Lorg/gradle/internal/model/StateTransitionController$State;Ljava/lang/Runnable;)V+8
j  org.gradle.initialization.VintageBuildModelController.scheduleRequestedTasks(Lorg/gradle/execution/EntryTaskSelector;Lorg/gradle/execution/plan/ExecutionPlan;)V+15
j  org.gradle.internal.build.DefaultBuildLifecycleController$DefaultWorkGraphBuilder.addRequestedTasks(Lorg/gradle/execution/EntryTaskSelector;)V+12
j  org.gradle.internal.buildtree.DefaultBuildTreeWorkPreparer.lambda$scheduleRequestedTasks$0(Lorg/gradle/execution/EntryTaskSelector;Lorg/gradle/internal/build/BuildLifecycleController$WorkGraphBuilder;)V+2
j  org.gradle.internal.buildtree.DefaultBuildTreeWorkPreparer$$Lambda$2217+0x0000000801cc87b0.accept(Ljava/lang/Object;)V+8
j  org.gradle.internal.build.DefaultBuildLifecycleController.lambda$populateWorkGraph$7(Ljava/util/function/Consumer;Lorg/gradle/execution/plan/ExecutionPlan;)V+10
j  org.gradle.internal.build.DefaultBuildLifecycleController$$Lambda$1702+0x00000008017a7868.accept(Ljava/lang/Object;)V+12
j  org.gradle.internal.build.DefaultBuildWorkPreparer.populateWorkGraph(Lorg/gradle/api/internal/GradleInternal;Lorg/gradle/execution/plan/ExecutionPlan;Ljava/util/function/Consumer;)V+2
j  org.gradle.internal.build.BuildOperationFiringBuildWorkPreparer$PopulateWorkGraph.populateTaskGraph()V+16
j  org.gradle.internal.build.BuildOperationFiringBuildWorkPreparer$PopulateWorkGraph.run(Lorg/gradle/internal/operations/BuildOperationContext;)V+1
J 14103 c2 org.gradle.internal.operations.DefaultBuildOperationRunner$1.execute(Lorg/gradle/internal/operations/BuildOperation;Lorg/gradle/internal/operations/BuildOperationContext;)V (10 bytes) @ 0x00007dae8588ed88 [0x00007dae8588ec40+0x0000000000000148]
J 18607 c2 org.gradle.internal.operations.DefaultBuildOperationExecutor.run(Lorg/gradle/internal/operations/RunnableBuildOperation;)V (11 bytes) @ 0x00007dae85b5ef54 [0x00007dae85b5d620+0x0000000000001934]
j  org.gradle.internal.build.BuildOperationFiringBuildWorkPreparer.populateWorkGraph(Lorg/gradle/api/internal/GradleInternal;Lorg/gradle/execution/plan/ExecutionPlan;Ljava/util/function/Consumer;)V+22
j  org.gradle.internal.build.DefaultBuildLifecycleController.lambda$populateWorkGraph$8(Lorg/gradle/internal/build/DefaultBuildLifecycleController$DefaultBuildWorkPlan;Ljava/util/function/Consumer;)V+19
j  org.gradle.internal.build.DefaultBuildLifecycleController$$Lambda$1701+0x00000008017a7640.run()V+12
j  org.gradle.internal.model.StateTransitionController.lambda$inState$1(Ljava/lang/Runnable;)Ljava/lang/Object;+1
j  org.gradle.internal.model.StateTransitionController$$Lambda$262+0x0000000800ee8aa0.get()Ljava/lang/Object;+4
j  org.gradle.internal.model.StateTransitionController.lambda$inState$2(Lorg/gradle/internal/model/StateTransitionController$State;Ljava/util/function/Supplier;)Ljava/lang/Object;+11
j  org.gradle.internal.model.StateTransitionController$$Lambda$263+0x0000000800ee8cc8.create()Ljava/lang/Object;+12
j  org.gradle.internal.work.DefaultSynchronizer.withLock(Lorg/gradle/internal/Factory;)Ljava/lang/Object;+6
j  org.gradle.internal.model.StateTransitionController.inState(Lorg/gradle/internal/model/StateTransitionController$State;Ljava/util/function/Supplier;)Ljava/lang/Object;+12
j  org.gradle.internal.model.StateTransitionController.inState(Lorg/gradle/internal/model/StateTransitionController$State;Ljava/lang/Runnable;)V+8
j  org.gradle.internal.build.DefaultBuildLifecycleController.populateWorkGraph(Lorg/gradle/execution/plan/BuildWorkPlan;Ljava/util/function/Consumer;)V+27
j  org.gradle.internal.build.DefaultBuildWorkGraphController$DefaultBuildWorkGraph.populateWorkGraph(Ljava/util/function/Consumer;)V+26
j  org.gradle.composite.internal.DefaultBuildController.populateWorkGraph(Ljava/util/function/Consumer;)V+12
j  org.gradle.composite.internal.DefaultIncludedBuildTaskGraph$DefaultBuildTreeWorkGraphBuilder.withWorkGraph(Lorg/gradle/internal/build/BuildState;Ljava/util/function/Consumer;)V+6
j  org.gradle.internal.buildtree.DefaultBuildTreeWorkPreparer.lambda$scheduleRequestedTasks$1(Lorg/gradle/execution/EntryTaskSelector;Lorg/gradle/internal/buildtree/BuildTreeWorkGraph$Builder;)V+36
j  org.gradle.internal.buildtree.DefaultBuildTreeWorkPreparer$$Lambda$2216+0x0000000801cc8578.accept(Ljava/lang/Object;)V+12
j  org.gradle.composite.internal.DefaultIncludedBuildTaskGraph$DefaultBuildTreeWorkGraph$1.run(Lorg/gradle/internal/operations/BuildOperationContext;)V+40
J 14103 c2 org.gradle.internal.operations.DefaultBuildOperationRunner$1.execute(Lorg/gradle/internal/operations/BuildOperation;Lorg/gradle/internal/operations/BuildOperationContext;)V (10 bytes) @ 0x00007dae8588ed88 [0x00007dae8588ec40+0x0000000000000148]
J 18607 c2 org.gradle.internal.operations.DefaultBuildOperationExecutor.run(Lorg/gradle/internal/operations/RunnableBuildOperation;)V (11 bytes) @ 0x00007dae85b5ef54 [0x00007dae85b5d620+0x0000000000001934]
j  org.gradle.composite.internal.DefaultIncludedBuildTaskGraph$DefaultBuildTreeWorkGraph.scheduleWork(Ljava/util/function/Consumer;)Lorg/gradle/internal/buildtree/BuildTreeWorkGraph$FinalizedGraph;+34
j  org.gradle.internal.buildtree.DefaultBuildTreeWorkPreparer.scheduleRequestedTasks(Lorg/gradle/internal/buildtree/BuildTreeWorkGraph;Lorg/gradle/execution/EntryTaskSelector;)Lorg/gradle/internal/buildtree/BuildTreeWorkGraph$FinalizedGraph;+17
j  org.gradle.configurationcache.VintageBuildTreeWorkController$scheduleAndRunRequestedTasks$1.apply(Lorg/gradle/internal/buildtree/BuildTreeWorkGraph;)Lorg/gradle/internal/build/ExecutionResult;+18
j  org.gradle.configurationcache.VintageBuildTreeWorkController$scheduleAndRunRequestedTasks$1.apply(Ljava/lang/Object;)Ljava/lang/Object;+5
j  org.gradle.composite.internal.DefaultIncludedBuildTaskGraph.withNewWorkGraph(Ljava/util/function/Function;)Ljava/lang/Object;+30
j  org.gradle.configurationcache.VintageBuildTreeWorkController.scheduleAndRunRequestedTasks(Lorg/gradle/execution/EntryTaskSelector;)Lorg/gradle/internal/build/ExecutionResult;+16
j  org.gradle.internal.buildtree.DefaultBuildTreeLifecycleController.lambda$scheduleAndRunTasks$1(Lorg/gradle/execution/EntryTaskSelector;)Lorg/gradle/internal/build/ExecutionResult;+5
j  org.gradle.internal.buildtree.DefaultBuildTreeLifecycleController$$Lambda$265+0x0000000800ee9610.get()Ljava/lang/Object;+8
j  org.gradle.internal.buildtree.DefaultBuildTreeLifecycleController.lambda$runBuild$4(Ljava/util/function/Supplier;)Ljava/lang/Object;+1
j  org.gradle.internal.buildtree.DefaultBuildTreeLifecycleController$$Lambda$266+0x0000000800ee9838.get()Ljava/lang/Object;+8
j  org.gradle.internal.model.StateTransitionController.lambda$transition$6(Ljava/util/function/Supplier;)Lorg/gradle/internal/build/ExecutionResult;+1
j  org.gradle.internal.model.StateTransitionController$$Lambda$268+0x0000000800ee9c88.get()Ljava/lang/Object;+4
J 51687 c1 org.gradle.internal.model.StateTransitionController.doTransition(Lorg/gradle/internal/model/StateTransitionController$State;Lorg/gradle/internal/model/StateTransitionController$State;Ljava/util/function/Supplier;)Lorg/gradle/internal/build/ExecutionResult; (90 bytes) @ 0x00007dae7e6da3b4 [0x00007dae7e6d9e40+0x0000000000000574]
j  org.gradle.internal.model.StateTransitionController.lambda$transition$7(Lorg/gradle/internal/model/StateTransitionController$State;Lorg/gradle/internal/model/StateTransitionController$State;Ljava/util/function/Supplier;)Ljava/lang/Object;+9
j  org.gradle.internal.model.StateTransitionController$$Lambda$267+0x0000000800ee9a60.create()Ljava/lang/Object;+16
j  org.gradle.internal.work.DefaultSynchronizer.withLock(Lorg/gradle/internal/Factory;)Ljava/lang/Object;+6
...<more frames>...


siginfo: si_signo: 11 (SIGSEGV), si_code: 2 (SEGV_ACCERR), si_addr: 0x00007dae393faa60

Register to memory mapping:

RAX=0x00000000cc876fb8 is an oop: com.android.build.gradle.tasks.ProcessPackagedManifestTask_Decorated 
{0x00000000cc876fb8} - klass: 'com/android/build/gradle/tasks/ProcessPackagedManifestTask_Decorated'
 - ---- fields (total size 23 words):
 - private 'enabled' 'Z' @12  true
 - private 'impliesSubProjects' 'Z' @13  false
 - private 'hasCustomActions' 'Z' @14  false
 - private final 'identity' 'Lorg/gradle/api/internal/project/taskfactory/TaskIdentity;' @16  a 'org/gradle/api/internal/project/taskfactory/TaskIdentity'{0x00000000cd444558} (cd444558)
 - private final 'project' 'Lorg/gradle/api/internal/project/ProjectInternal;' @20  a 'org/gradle/api/internal/project/DefaultProject_Decorated'{0x00000000d11c3ec0} (d11c3ec0)
 - private 'actions' 'Ljava/util/List;' @24  NULL (0)
 - private final 'dependencies' 'Lorg/gradle/api/internal/tasks/DefaultTaskDependency;' @28  NULL (0)
 - private final 'lifecycleDependencies' 'Lorg/gradle/api/internal/tasks/DefaultTaskDependency;' @32  a 'org/gradle/api/internal/tasks/DefaultTaskDependency'{0x00000000cc8771e0} (cc8771e0)
 - private final 'mustRunAfter' 'Lorg/gradle/api/internal/tasks/DefaultTaskDependency;' @36  a 'org/gradle/api/internal/tasks/DefaultTaskDependency'{0x00000000cc877180} (cc877180)
 - private final 'finalizedBy' 'Lorg/gradle/api/internal/tasks/DefaultTaskDependency;' @40  a 'org/gradle/api/internal/tasks/DefaultTaskDependency'{0x00000000cc8771a0} (cc8771a0)
 - private final 'shouldRunAfter' 'Lorg/gradle/api/internal/tasks/DefaultTaskDependency;' @44  a 'org/gradle/api/internal/tasks/DefaultTaskDependency'{0x00000000cc8771c0} (cc8771c0)
 - private 'extensibleDynamicObject' 'Lorg/gradle/internal/extensibility/ExtensibleDynamicObject;' @48  NULL (0)
 - private 'description' 'Ljava/lang/String;' @52  NULL (0)
 - private 'group' 'Ljava/lang/String;' @56  NULL (0)
 - private final 'timeout' 'Lorg/gradle/api/provider/Property;' @60  NULL (0)
 - private 'onlyIfSpec' 'Lorg/gradle/api/internal/tasks/execution/DescribingAndSpec;' @64  a 'org/gradle/api/internal/tasks/execution/DescribingAndSpec'{0x00000000cc877070} (cc877070)
 - private 'reasonNotToTrackState' 'Ljava/lang/String;' @68  NULL (0)
 - private 'reasonIncompatibleWithConfigurationCache' 'Ljava/lang/String;' @72  NULL (0)
 - private final 'services' 'Lorg/gradle/internal/service/ServiceRegistry;' @76  a 'org/gradle/internal/service/scopes/ProjectScopeServices'{0x00000000d11c4078} (d11c4078)
 - private final 'state' 'Lorg/gradle/api/internal/tasks/TaskStateInternal;' @80  a 'org/gradle/api/internal/tasks/TaskStateInternal'{0x00000000cc877160} (cc877160)
 - private final 'logger' 'Lorg/gradle/internal/logging/slf4j/ContextAwareTaskLogger;' @84  a 'org/gradle/internal/logging/slf4j/DefaultContextAwareTaskLogger'{0x00000000cc877148} (cc877148)
 - private final 'taskMutator' 'Lorg/gradle/api/internal/tasks/TaskMutator;' @88  a 'org/gradle/api/internal/tasks/TaskMutator'{0x00000000cc877200} (cc877200)
 - private 'observableActionList' 'Lgroovy/util/ObservableList;' @92  NULL (0)
 - private final 'taskInputs' 'Lorg/gradle/api/internal/TaskInputsInternal;' @96  NULL (0)
 - private final 'taskOutputs' 'Lorg/gradle/api/internal/TaskOutputsInternal;' @100  NULL (0)
 - private final 'taskDestroyables' 'Lorg/gradle/api/tasks/TaskDestroyables;' @104  NULL (0)
 - private final 'taskLocalState' 'Lorg/gradle/api/internal/tasks/TaskLocalStateInternal;' @108  NULL (0)
 - private final 'taskRequiredServices' 'Lorg/gradle/api/internal/tasks/TaskRequiredServices;' @112  NULL (0)
 - private final 'taskExecutionAccessChecker' 'Lorg/gradle/api/internal/tasks/TaskExecutionAccessChecker;' @116  NULL (0)
 - private 'loggingManager' 'Lorg/gradle/internal/logging/LoggingManagerInternal;' @120  NULL (0)
 - public 'variantName' 'Ljava/lang/String;' @124  NULL (0)
 - private final 'workersProperty' 'Lorg/gradle/api/provider/Property;' @128  NULL (0)
 - private transient '__variantName__' 'Z' @15  false
 - private synthetic '_gr_dn_' 'Lorg/gradle/api/Describable;' @132  NULL (0)
 - private synthetic '_gr_owner_' 'Lorg/gradle/internal/state/ModelObject;' @136  NULL (0)
 - private transient synthetic '_gr_f_' 'Lorg/gradle/internal/instantiation/generator/ManagedObjectFactory;' @140  NULL (0)
 - private transient '_gr_map_' 'Lorg/gradle/api/internal/ConventionMapping;' @144  NULL (0)
 - private transient '_gr_mc_' 'Lgroovy/lang/MetaClass;' @148  NULL (0)
 - private '__analyticsService__' 'Lorg/gradle/api/provider/Property;' @152  NULL (0)
 - private '__mergedManifests__' 'Lorg/gradle/api/file/DirectoryProperty;' @156  NULL (0)
 - private '__packageManifests__' 'Lorg/gradle/api/file/DirectoryProperty;' @160  NULL (0)
 - private '__privacySandboxSdkManifestSnippets__' 'Lorg/gradle/api/file/ConfigurableFileCollection;' @164  NULL (0)
 - private '__projectPath__' 'Lorg/gradle/api/provider/Property;' @168  NULL (0)
 - private '__transformationRequest__' 'Lorg/gradle/api/provider/Property;' @172  NULL (0)
 - private transient '__workerExecutor__' 'Lorg/gradle/workers/WorkerExecutor;' @176  NULL (0)
RBX=0x00007dae393faa58 is an unknown value
RCX=0x00007dadf2ecf660 is pointing into metadata
RDX=0x0000000000000014 is an unknown value
RSP=0x00007dae692f97d0 is pointing into the stack for thread: 0x00007dae440a18f0
RBP=0x00007dae692f9828 is pointing into the stack for thread: 0x00007dae440a18f0
RSI=0x00000000cc876fb8 is an oop: com.android.build.gradle.tasks.ProcessPackagedManifestTask_Decorated 
{0x00000000cc876fb8} - klass: 'com/android/build/gradle/tasks/ProcessPackagedManifestTask_Decorated'
 - ---- fields (total size 23 words):
 - private 'enabled' 'Z' @12  true
 - private 'impliesSubProjects' 'Z' @13  false
 - private 'hasCustomActions' 'Z' @14  false
 - private final 'identity' 'Lorg/gradle/api/internal/project/taskfactory/TaskIdentity;' @16  a 'org/gradle/api/internal/project/taskfactory/TaskIdentity'{0x00000000cd444558} (cd444558)
 - private final 'project' 'Lorg/gradle/api/internal/project/ProjectInternal;' @20  a 'org/gradle/api/internal/project/DefaultProject_Decorated'{0x00000000d11c3ec0} (d11c3ec0)
 - private 'actions' 'Ljava/util/List;' @24  NULL (0)
 - private final 'dependencies' 'Lorg/gradle/api/internal/tasks/DefaultTaskDependency;' @28  NULL (0)
 - private final 'lifecycleDependencies' 'Lorg/gradle/api/internal/tasks/DefaultTaskDependency;' @32  a 'org/gradle/api/internal/tasks/DefaultTaskDependency'{0x00000000cc8771e0} (cc8771e0)
 - private final 'mustRunAfter' 'Lorg/gradle/api/internal/tasks/DefaultTaskDependency;' @36  a 'org/gradle/api/internal/tasks/DefaultTaskDependency'{0x00000000cc877180} (cc877180)
 - private final 'finalizedBy' 'Lorg/gradle/api/internal/tasks/DefaultTaskDependency;' @40  a 'org/gradle/api/internal/tasks/DefaultTaskDependency'{0x00000000cc8771a0} (cc8771a0)
 - private final 'shouldRunAfter' 'Lorg/gradle/api/internal/tasks/DefaultTaskDependency;' @44  a 'org/gradle/api/internal/tasks/DefaultTaskDependency'{0x00000000cc8771c0} (cc8771c0)
 - private 'extensibleDynamicObject' 'Lorg/gradle/internal/extensibility/ExtensibleDynamicObject;' @48  NULL (0)
 - private 'description' 'Ljava/lang/String;' @52  NULL (0)
 - private 'group' 'Ljava/lang/String;' @56  NULL (0)
 - private final 'timeout' 'Lorg/gradle/api/provider/Property;' @60  NULL (0)
 - private 'onlyIfSpec' 'Lorg/gradle/api/internal/tasks/execution/DescribingAndSpec;' @64  a 'org/gradle/api/internal/tasks/execution/DescribingAndSpec'{0x00000000cc877070} (cc877070)
 - private 'reasonNotToTrackState' 'Ljava/lang/String;' @68  NULL (0)
 - private 'reasonIncompatibleWithConfigurationCache' 'Ljava/lang/String;' @72  NULL (0)
 - private final 'services' 'Lorg/gradle/internal/service/ServiceRegistry;' @76  a 'org/gradle/internal/service/scopes/ProjectScopeServices'{0x00000000d11c4078} (d11c4078)
 - private final 'state' 'Lorg/gradle/api/internal/tasks/TaskStateInternal;' @80  a 'org/gradle/api/internal/tasks/TaskStateInternal'{0x00000000cc877160} (cc877160)
 - private final 'logger' 'Lorg/gradle/internal/logging/slf4j/ContextAwareTaskLogger;' @84  a 'org/gradle/internal/logging/slf4j/DefaultContextAwareTaskLogger'{0x00000000cc877148} (cc877148)
 - private final 'taskMutator' 'Lorg/gradle/api/internal/tasks/TaskMutator;' @88  a 'org/gradle/api/internal/tasks/TaskMutator'{0x00000000cc877200} (cc877200)
 - private 'observableActionList' 'Lgroovy/util/ObservableList;' @92  NULL (0)
 - private final 'taskInputs' 'Lorg/gradle/api/internal/TaskInputsInternal;' @96  NULL (0)
 - private final 'taskOutputs' 'Lorg/gradle/api/internal/TaskOutputsInternal;' @100  NULL (0)
 - private final 'taskDestroyables' 'Lorg/gradle/api/tasks/TaskDestroyables;' @104  NULL (0)
 - private final 'taskLocalState' 'Lorg/gradle/api/internal/tasks/TaskLocalStateInternal;' @108  NULL (0)
 - private final 'taskRequiredServices' 'Lorg/gradle/api/internal/tasks/TaskRequiredServices;' @112  NULL (0)
 - private final 'taskExecutionAccessChecker' 'Lorg/gradle/api/internal/tasks/TaskExecutionAccessChecker;' @116  NULL (0)
 - private 'loggingManager' 'Lorg/gradle/internal/logging/LoggingManagerInternal;' @120  NULL (0)
 - public 'variantName' 'Ljava/lang/String;' @124  NULL (0)
 - private final 'workersProperty' 'Lorg/gradle/api/provider/Property;' @128  NULL (0)
 - private transient '__variantName__' 'Z' @15  false
 - private synthetic '_gr_dn_' 'Lorg/gradle/api/Describable;' @132  NULL (0)
 - private synthetic '_gr_owner_' 'Lorg/gradle/internal/state/ModelObject;' @136  NULL (0)
 - private transient synthetic '_gr_f_' 'Lorg/gradle/internal/instantiation/generator/ManagedObjectFactory;' @140  NULL (0)
 - private transient '_gr_map_' 'Lorg/gradle/api/internal/ConventionMapping;' @144  NULL (0)
 - private transient '_gr_mc_' 'Lgroovy/lang/MetaClass;' @148  NULL (0)
 - private '__analyticsService__' 'Lorg/gradle/api/provider/Property;' @152  NULL (0)
 - private '__mergedManifests__' 'Lorg/gradle/api/file/DirectoryProperty;' @156  NULL (0)
 - private '__packageManifests__' 'Lorg/gradle/api/file/DirectoryProperty;' @160  NULL (0)
 - private '__privacySandboxSdkManifestSnippets__' 'Lorg/gradle/api/file/ConfigurableFileCollection;' @164  NULL (0)
 - private '__projectPath__' 'Lorg/gradle/api/provider/Property;' @168  NULL (0)
 - private '__transformationRequest__' 'Lorg/gradle/api/provider/Property;' @172  NULL (0)
 - private transient '__workerExecutor__' 'Lorg/gradle/workers/WorkerExecutor;' @176  NULL (0)
RDI=0x00007dae9998a3b9 points into unknown readable memory: 04 04 04 04 04 04 04
R8 =0x00000000cfef3ce0 is an oop: org.gradle.api.internal.file.DefaultFileCollectionFactory 
{0x00000000cfef3ce0} - klass: 'org/gradle/api/internal/file/DefaultFileCollectionFactory'
 - ---- fields (total size 5 words):
 - private final 'fileResolver' 'Lorg/gradle/internal/file/PathToFileResolver;' @12  a 'org/gradle/api/internal/file/BaseDirFileResolver'{0x00000000cfef3ac8} (cfef3ac8)
 - private final 'taskDependencyFactory' 'Lorg/gradle/api/internal/tasks/TaskDependencyFactory;' @16  a 'org/gradle/api/internal/tasks/DefaultTaskDependencyFactory'{0x00000000cfef3cb8} (cfef3cb8)
 - private final 'directoryFileTreeFactory' 'Lorg/gradle/api/internal/file/collections/DirectoryFileTreeFactory;' @20  a 'org/gradle/api/internal/file/collections/DefaultDirectoryFileTreeFactory'{0x0000000080877a68} (80877a68)
 - private final 'patternSetFactory' 'Lorg/gradle/internal/Factory;' @24  a 'org/gradle/api/tasks/util/internal/PatternSets$PatternSetFactory'{0x0000000080877a80} (80877a80)
 - private final 'propertyHost' 'Lorg/gradle/api/internal/provider/PropertyHost;' @28  a 'org/gradle/internal/service/scopes/ProjectBackedPropertyHost'{0x00000000cfef3cd0} (cfef3cd0)
 - private final 'fileSystem' 'Lorg/gradle/internal/nativeintegration/filesystem/FileSystem;' @32  a 'org/gradle/internal/nativeintegration/filesystem/services/GenericFileSystem'{0x0000000080bb6c48} (80bb6c48)
 - private final 'listener' 'Lorg/gradle/api/internal/file/collections/FileCollectionObservationListener;' @36  a 'jdk/proxy1/$Proxy32'{0x00000000d27e7db8} (d27e7db8)
R9 =0x00000000cc877200 is an oop: org.gradle.api.internal.tasks.TaskMutator 
{0x00000000cc877200} - klass: 'org/gradle/api/internal/tasks/TaskMutator'
 - ---- fields (total size 2 words):
 - private final 'task' 'Lorg/gradle/api/internal/TaskInternal;' @12  a 'com/android/build/gradle/tasks/ProcessPackagedManifestTask_Decorated'{0x00000000cc876fb8} (cc876fb8)
R10=0x00007dae9b859060: <offset 0x0000000001259060> in /home/victor/.sdkman/candidates/java/17.0.1-open/lib/server/libjvm.so at 0x00007dae9a600000
R11=0x00000000006643b9 is an unknown value
R12=0x0 is NULL
R13=0x00007dadf2ecdc4f is pointing into metadata
R14=0x00007dae692f9838 is pointing into the stack for thread: 0x00007dae440a18f0
R15=0x00007dae440a18f0 is a thread


Registers:
RAX=0x00000000cc876fb8, RBX=0x00007dae393faa58, RCX=0x00007dadf2ecf660, RDX=0x0000000000000014
RSP=0x00007dae692f97d0, RBP=0x00007dae692f9828, RSI=0x00000000cc876fb8, RDI=0x00007dae9998a3b9
R8 =0x00000000cfef3ce0, R9 =0x00000000cc877200, R10=0x00007dae9b859060, R11=0x00000000006643b9
R12=0x0000000000000000, R13=0x00007dadf2ecdc4f, R14=0x00007dae692f9838, R15=0x00007dae440a18f0
RIP=0x00007dae7d619859, EFLAGS=0x0000000000010246, CSGSFS=0x002b000000000033, ERR=0x0000000000000004
  TRAPNO=0x000000000000000e

Top of Stack: (sp=0x00007dae692f97d0)
0x00007dae692f97d0:   00000000cc876fb8 0000000000000000
0x00007dae692f97e0:   00007dae692f97e0 00007dadf2ecdc4f
0x00007dae692f97f0:   00007dae692f9838 00007dadf2ecf660
0x00007dae692f9800:   0000000000000000 0000000091882cd8 

Instructions: (pc=0x00007dae7d619859)
0x00007dae7d619759:   00 00 00 00 00 00 00 48 83 ec 08 f3 0f 11 04 24
0x00007dae7d619769:   e9 25 00 00 00 48 83 ec 10 f2 0f 11 04 24 e9 17
0x00007dae7d619779:   00 00 00 48 83 ec 10 48 89 04 24 48 c7 44 24 08
0x00007dae7d619789:   00 00 00 00 e9 01 00 00 00 50 4c 89 6d c0 41 0f
0x00007dae7d619799:   b7 55 01 48 8b 4d d0 c1 e2 02 8b 5c d1 28 c1 eb
0x00007dae7d6197a9:   10 81 e3 ff 00 00 00 81 fb b8 00 00 00 0f 84 98
0x00007dae7d6197b9:   00 00 00 bb b8 00 00 00 e8 05 00 00 00 e9 7d 00
0x00007dae7d6197c9:   00 00 48 8b f3 48 8d 44 24 08 4c 89 6d c0 49 8b
0x00007dae7d6197d9:   ff 49 89 af 98 02 00 00 49 89 87 88 02 00 00 f7
0x00007dae7d6197e9:   c4 0f 00 00 00 0f 84 12 00 00 00 48 83 ec 08 e8
0x00007dae7d6197f9:   03 44 7d 1d 48 83 c4 08 e9 05 00 00 00 e8 f5 43
0x00007dae7d619809:   7d 1d 49 c7 87 88 02 00 00 00 00 00 00 49 c7 87
0x00007dae7d619819:   98 02 00 00 00 00 00 00 49 c7 87 90 02 00 00 00
0x00007dae7d619829:   00 00 00 49 81 7f 08 00 00 00 00 0f 84 05 00 00
0x00007dae7d619839:   00 e9 c1 73 fe ff 4c 8b 6d c0 4c 8b 75 c8 c3 41
0x00007dae7d619849:   0f b7 55 01 48 8b 4d d0 c1 e2 02 48 8b 5c d1 30
0x00007dae7d619859:   48 8b 5b 08 48 8b 5b 08 48 8b 5b 18 80 bb 3b 01
0x00007dae7d619869:   00 00 04 0f 84 0d 00 00 00 4c 3b bb 40 01 00 00
0x00007dae7d619879:   0f 85 3d ff ff ff 48 8b 5c d1 30 8b 54 d1 40 c1
0x00007dae7d619889:   ea 1c 49 ba 20 a1 85 9b ae 7d 00 00 49 8b 14 d2
0x00007dae7d619899:   52 48 8b 45 d8 48 85 c0 0f 84 12 00 00 00 48 83
0x00007dae7d6198a9:   40 08 01 48 83 58 08 00 48 83 c0 10 48 89 45 d8
0x00007dae7d6198b9:   48 8b 45 d8 48 85 c0 0f 84 35 01 00 00 80 78 f0
0x00007dae7d6198c9:   0a 0f 85 2b 01 00 00 48 83 c0 08 4c 8b 68 f8 41
0x00007dae7d6198d9:   83 ed 00 41 83 fd 02 0f 8c 0a 01 00 00 4c 8b 6b
0x00007dae7d6198e9:   08 45 0f b7 6d 2c 4c 2b 28 41 83 ed 01 4e 8b 6c
0x00007dae7d6198f9:   ec 08 4d 85 ed 75 07 48 83 48 08 01 eb 53 45 8b
0x00007dae7d619909:   6d 08 49 ba 00 00 00 00 08 00 00 00 4d 03 ea 4c
0x00007dae7d619919:   33 68 08 49 f7 c5 fc ff ff ff 74 35 49 f7 c5 02
0x00007dae7d619929:   00 00 00 75 2c 48 81 78 08 00 00 00 00 74 1e 48
0x00007dae7d619939:   81 78 08 01 00 00 00 74 14 4c 33 68 08 49 f7 c5
0x00007dae7d619949:   fc ff ff ff 74 0b 48 83 48 08 02 eb 04 4c 89 68 


Stack slot to memory mapping:
stack at sp + 0 slots: 0x00000000cc876fb8 is an oop: com.android.build.gradle.tasks.ProcessPackagedManifestTask_Decorated 
{0x00000000cc876fb8} - klass: 'com/android/build/gradle/tasks/ProcessPackagedManifestTask_Decorated'
 - ---- fields (total size 23 words):
 - private 'enabled' 'Z' @12  true
 - private 'impliesSubProjects' 'Z' @13  false
 - private 'hasCustomActions' 'Z' @14  false
 - private final 'identity' 'Lorg/gradle/api/internal/project/taskfactory/TaskIdentity;' @16  a 'org/gradle/api/internal/project/taskfactory/TaskIdentity'{0x00000000cd444558} (cd444558)
 - private final 'project' 'Lorg/gradle/api/internal/project/ProjectInternal;' @20  a 'org/gradle/api/internal/project/DefaultProject_Decorated'{0x00000000d11c3ec0} (d11c3ec0)
 - private 'actions' 'Ljava/util/List;' @24  NULL (0)
 - private final 'dependencies' 'Lorg/gradle/api/internal/tasks/DefaultTaskDependency;' @28  NULL (0)
 - private final 'lifecycleDependencies' 'Lorg/gradle/api/internal/tasks/DefaultTaskDependency;' @32  a 'org/gradle/api/internal/tasks/DefaultTaskDependency'{0x00000000cc8771e0} (cc8771e0)
 - private final 'mustRunAfter' 'Lorg/gradle/api/internal/tasks/DefaultTaskDependency;' @36  a 'org/gradle/api/internal/tasks/DefaultTaskDependency'{0x00000000cc877180} (cc877180)
 - private final 'finalizedBy' 'Lorg/gradle/api/internal/tasks/DefaultTaskDependency;' @40  a 'org/gradle/api/internal/tasks/DefaultTaskDependency'{0x00000000cc8771a0} (cc8771a0)
 - private final 'shouldRunAfter' 'Lorg/gradle/api/internal/tasks/DefaultTaskDependency;' @44  a 'org/gradle/api/internal/tasks/DefaultTaskDependency'{0x00000000cc8771c0} (cc8771c0)
 - private 'extensibleDynamicObject' 'Lorg/gradle/internal/extensibility/ExtensibleDynamicObject;' @48  NULL (0)
 - private 'description' 'Ljava/lang/String;' @52  NULL (0)
 - private 'group' 'Ljava/lang/String;' @56  NULL (0)
 - private final 'timeout' 'Lorg/gradle/api/provider/Property;' @60  NULL (0)
 - private 'onlyIfSpec' 'Lorg/gradle/api/internal/tasks/execution/DescribingAndSpec;' @64  a 'org/gradle/api/internal/tasks/execution/DescribingAndSpec'{0x00000000cc877070} (cc877070)
 - private 'reasonNotToTrackState' 'Ljava/lang/String;' @68  NULL (0)
 - private 'reasonIncompatibleWithConfigurationCache' 'Ljava/lang/String;' @72  NULL (0)
 - private final 'services' 'Lorg/gradle/internal/service/ServiceRegistry;' @76  a 'org/gradle/internal/service/scopes/ProjectScopeServices'{0x00000000d11c4078} (d11c4078)
 - private final 'state' 'Lorg/gradle/api/internal/tasks/TaskStateInternal;' @80  a 'org/gradle/api/internal/tasks/TaskStateInternal'{0x00000000cc877160} (cc877160)
 - private final 'logger' 'Lorg/gradle/internal/logging/slf4j/ContextAwareTaskLogger;' @84  a 'org/gradle/internal/logging/slf4j/DefaultContextAwareTaskLogger'{0x00000000cc877148} (cc877148)
 - private final 'taskMutator' 'Lorg/gradle/api/internal/tasks/TaskMutator;' @88  a 'org/gradle/api/internal/tasks/TaskMutator'{0x00000000cc877200} (cc877200)
 - private 'observableActionList' 'Lgroovy/util/ObservableList;' @92  NULL (0)
 - private final 'taskInputs' 'Lorg/gradle/api/internal/TaskInputsInternal;' @96  NULL (0)
 - private final 'taskOutputs' 'Lorg/gradle/api/internal/TaskOutputsInternal;' @100  NULL (0)
 - private final 'taskDestroyables' 'Lorg/gradle/api/tasks/TaskDestroyables;' @104  NULL (0)
 - private final 'taskLocalState' 'Lorg/gradle/api/internal/tasks/TaskLocalStateInternal;' @108  NULL (0)
 - private final 'taskRequiredServices' 'Lorg/gradle/api/internal/tasks/TaskRequiredServices;' @112  NULL (0)
 - private final 'taskExecutionAccessChecker' 'Lorg/gradle/api/internal/tasks/TaskExecutionAccessChecker;' @116  NULL (0)
 - private 'loggingManager' 'Lorg/gradle/internal/logging/LoggingManagerInternal;' @120  NULL (0)
 - public 'variantName' 'Ljava/lang/String;' @124  NULL (0)
 - private final 'workersProperty' 'Lorg/gradle/api/provider/Property;' @128  NULL (0)
 - private transient '__variantName__' 'Z' @15  false
 - private synthetic '_gr_dn_' 'Lorg/gradle/api/Describable;' @132  NULL (0)
 - private synthetic '_gr_owner_' 'Lorg/gradle/internal/state/ModelObject;' @136  NULL (0)
 - private transient synthetic '_gr_f_' 'Lorg/gradle/internal/instantiation/generator/ManagedObjectFactory;' @140  NULL (0)
 - private transient '_gr_map_' 'Lorg/gradle/api/internal/ConventionMapping;' @144  NULL (0)
 - private transient '_gr_mc_' 'Lgroovy/lang/MetaClass;' @148  NULL (0)
 - private '__analyticsService__' 'Lorg/gradle/api/provider/Property;' @152  NULL (0)
 - private '__mergedManifests__' 'Lorg/gradle/api/file/DirectoryProperty;' @156  NULL (0)
 - private '__packageManifests__' 'Lorg/gradle/api/file/DirectoryProperty;' @160  NULL (0)
 - private '__privacySandboxSdkManifestSnippets__' 'Lorg/gradle/api/file/ConfigurableFileCollection;' @164  NULL (0)
 - private '__projectPath__' 'Lorg/gradle/api/provider/Property;' @168  NULL (0)
 - private '__transformationRequest__' 'Lorg/gradle/api/provider/Property;' @172  NULL (0)
 - private transient '__workerExecutor__' 'Lorg/gradle/workers/WorkerExecutor;' @176  NULL (0)
stack at sp + 1 slots: 0x0 is NULL
stack at sp + 2 slots: 0x00007dae692f97e0 is pointing into the stack for thread: 0x00007dae440a18f0
stack at sp + 3 slots: 0x00007dadf2ecdc4f is pointing into metadata
stack at sp + 4 slots: 0x00007dae692f9838 is pointing into the stack for thread: 0x00007dae440a18f0
stack at sp + 5 slots: 0x00007dadf2ecf660 is pointing into metadata
stack at sp + 6 slots: 0x0 is NULL
stack at sp + 7 slots: 0x0000000091882cd8 is an oop: java.lang.Class 
{0x0000000091882cd8} - klass: 'java/lang/Class'
 - ---- fields (total size 14 words):
 - private volatile transient 'classRedefinedCount' 'I' @12  0
 - private volatile transient 'cachedConstructor' 'Ljava/lang/reflect/Constructor;' @40  NULL (0)
 - private transient 'name' 'Ljava/lang/String;' @44  "com.android.build.gradle.tasks.ProcessPackagedManifestTask_Decorated"{0x000000009188df30} (9188df30)
 - private transient 'module' 'Ljava/lang/Module;' @48  a 'java/lang/Module'{0x0000000086aac1c8} (86aac1c8)
 - private final 'classLoader' 'Ljava/lang/ClassLoader;' @52  a 'org/gradle/internal/classloader/VisitableURLClassLoader$InstrumentingVisitableURLClassLoader'{0x0000000086a52c00} (86a52c00)
 - private transient 'classData' 'Ljava/lang/Object;' @56  NULL (0)
 - private transient 'packageName' 'Ljava/lang/String;' @60  "com.android.build.gradle.tasks"{0x00000000876673d8} (876673d8)
 - private final 'componentType' 'Ljava/lang/Class;' @64  NULL (0)
 - private volatile transient 'reflectionData' 'Ljava/lang/ref/SoftReference;' @68  a 'java/lang/ref/SoftReference'{0x000000009188dfa0} (9188dfa0)
 - private volatile transient 'genericInfo' 'Lsun/reflect/generics/repository/ClassRepository;' @72  NULL (0)
 - private volatile transient 'enumConstants' '[Ljava/lang/Object;' @76  NULL (0)
 - private volatile transient 'enumConstantDirectory' 'Ljava/util/Map;' @80  NULL (0)
 - private volatile transient 'annotationData' 'Ljava/lang/Class$AnnotationData;' @84  a 'java/lang/Class$AnnotationData'{0x000000009188f930} (9188f930)
 - private volatile transient 'annotationType' 'Lsun/reflect/annotation/AnnotationType;' @88  NULL (0)
 - transient 'classValueMap' 'Ljava/lang/ClassValue$ClassValueMap;' @92  NULL (0)
 - signature: Lcom/android/build/gradle/tasks/ProcessPackagedManifestTask_Decorated;
 - fake entry for mirror: 'com/android/build/gradle/tasks/ProcessPackagedManifestTask_Decorated'
 - fake entry for array: NULL
 - fake entry for oop_size: 14
 - fake entry for static_oop_field_count: 0

invokestatic  184 invokestatic  [0x00007dae7d619760, 0x00007dae7d619a20]  704 bytes
[MachCode]
  0x00007dae7d619760: 4883 ec08 | f30f 1104 | 24e9 2500 | 0000 4883 | ec10 f20f | 1104 24e9 | 1700 0000 | 4883 ec10 
  0x00007dae7d619780: 4889 0424 | 48c7 4424 | 0800 0000 | 00e9 0100 | 0000 504c | 896d c041 | 0fb7 5501 | 488b 4dd0 
  0x00007dae7d6197a0: c1e2 028b | 5cd1 28c1 | eb10 81e3 | ff00 0000 | 81fb b800 | 0000 0f84 | 9800 0000 | bbb8 0000 
  0x00007dae7d6197c0: 00e8 0500 | 0000 e97d | 0000 0048 | 8bf3 488d | 4424 084c | 896d c049 | 8bff 4989 | af98 0200 
  0x00007dae7d6197e0: 0049 8987 | 8802 0000 | f7c4 0f00 | 0000 0f84 | 1200 0000 | 4883 ec08 | e803 447d | 1d48 83c4 
  0x00007dae7d619800: 08e9 0500 | 0000 e8f5 | 437d 1d49 | c787 8802 | 0000 0000 | 0000 49c7 | 8798 0200 | 0000 0000 
  0x00007dae7d619820: 0049 c787 | 9002 0000 | 0000 0000 | 4981 7f08 | 0000 0000 | 0f84 0500 | 0000 e9c1 | 73fe ff4c 
  0x00007dae7d619840: 8b6d c04c | 8b75 c8c3 | 410f b755 | 0148 8b4d | d0c1 e202 | 488b 5cd1 | 3048 8b5b | 0848 8b5b 
  0x00007dae7d619860: 0848 8b5b | 1880 bb3b | 0100 0004 | 0f84 0d00 | 0000 4c3b | bb40 0100 | 000f 853d | ffff ff48 
  0x00007dae7d619880: 8b5c d130 | 8b54 d140 | c1ea 1c49 | ba20 a185 | 9bae 7d00 | 0049 8b14 | d252 488b | 45d8 4885 
  0x00007dae7d6198a0: c00f 8412 | 0000 0048 | 8340 0801 | 4883 5808 | 0048 83c0 | 1048 8945 | d848 8b45 | d848 85c0 
  0x00007dae7d6198c0: 0f84 3501 | 0000 8078 | f00a 0f85 | 2b01 0000 | 4883 c008 | 4c8b 68f8 | 4183 ed00 | 4183 fd02 
  0x00007dae7d6198e0: 0f8c 0a01 | 0000 4c8b | 6b08 450f | b76d 2c4c | 2b28 4183 | ed01 4e8b | 6cec 084d | 85ed 7507 
  0x00007dae7d619900: 4883 4808 | 01eb 5345 | 8b6d 0849 | ba00 0000 | 0008 0000 | 004d 03ea | 4c33 6808 | 49f7 c5fc 
  0x00007dae7d619920: ffff ff74 | 3549 f7c5 | 0200 0000 | 752c 4881 | 7808 0000 | 0000 741e | 4881 7808 | 0100 0000 
  0x00007dae7d619940: 7414 4c33 | 6808 49f7 | c5fc ffff | ff74 0b48 | 8348 0802 | eb04 4c89 | 6808 4883 | c010 4c8b 
  0x00007dae7d619960: 68e8 4183 | ed02 4183 | fd02 0f8c | 8000 0000 | 4c8b 6b08 | 450f b76d | 2c4c 2b28 | 4183 ed01 
  0x00007dae7d619980: 4e8b 6cec | 084d 85ed | 7507 4883 | 4808 01eb | 5345 8b6d | 0849 ba00 | 0000 0008 | 0000 004d 
  0x00007dae7d6199a0: 03ea 4c33 | 6808 49f7 | c5fc ffff | ff74 3549 | f7c5 0200 | 0000 752c | 4881 7808 | 0000 0000 
  0x00007dae7d6199c0: 741e 4881 | 7808 0100 | 0000 7414 | 4c33 6808 | 49f7 c5fc | ffff ff74 | 0b48 8348 | 0802 eb04 
  0x00007dae7d6199e0: 4c89 6808 | 4883 c010 | 4c8b 68d8 | 4183 ed04 | 41c1 e503 | 4903 c548 | 8945 d84c | 8d6c 2408 
  0x00007dae7d619a00: 4c89 6df0 | ff63 5090 | 0000 0000 | 0000 0000 | 0000 0000 | 0000 0000 | 0000 0000 | 0000 0000 
[/MachCode]

---------------  P R O C E S S  ---------------

Threads class SMR info:
_java_thread_list=0x00007dae5800f6a0, length=84, elements={
0x00007dae94025c60, 0x00007dae94109390, 0x00007dae9410a770, 0x00007dae9410fe80,
0x00007dae94111230, 0x00007dae94112640, 0x00007dae94113ff0, 0x00007dae94115520,
0x00007dae94116990, 0x00007dae94131d50, 0x00007dae941ed8c0, 0x00007dae952365b0,
0x00007dae9529f410, 0x00007dae952e5690, 0x00007dae0c327170, 0x00007dae0c330600,
0x00007dae0c583890, 0x00007dae0c7622f0, 0x00007dae0c76ba90, 0x00007dae0c7e16c0,
0x00007dae0c8844f0, 0x00007dae0cbd4bd0, 0x00007dae0ccee930, 0x00007dae0c2fda40,
0x00007dae0c2fe0d0, 0x00007dae0ccd6b00, 0x00007dae0d6abe70, 0x00007dae4c5c4670,
0x00007dae4c5acf70, 0x00007dae4c5a15a0, 0x00007dae4c0771a0, 0x00007dae4c078430,
0x00007dae180b5a50, 0x00007dae30196e50, 0x00007dae440a11e0, 0x00007dae4409ea50,
0x00007dae440a18f0, 0x00007dae59172630, 0x00007dae58008830, 0x00007dae5917eb90,
0x00007dae5917cdc0, 0x00007dae5917d330, 0x00007dae58029500, 0x00007dae5802a270,
0x00007dae5802e260, 0x00007dae5802fd20, 0x00007dae591777f0, 0x00007dae59178150,
0x00007dae59179040, 0x00007dae580270a0, 0x00007dae58027cf0, 0x00007dae580287e0,
0x00007dae59179ae0, 0x00007dae5917a190, 0x00007dae58023af0, 0x00007dae58024590,
0x00007dae58038930, 0x00007dae58039120, 0x00007dae2c1c7360, 0x00007dae2c1bbe90,
0x00007dae58039990, 0x00007dae5803a430, 0x00007dae5800b330, 0x00007dae3d5c4fe0,
0x00007dae3d5c9340, 0x00007dae3ca15500, 0x00007dae4014fac0, 0x00007dae3c78a840,
0x00007dae40160f40, 0x00007dae3d0edab0, 0x00007dae401614b0, 0x00007dae40161a20,
0x00007dae3d0ee2b0, 0x00007dae3d0ef430, 0x00007dae40164940, 0x00007dae40165b10,
0x00007dae402b6b20, 0x00007dae402b7e50, 0x00007dae402b90a0, 0x00007dae402ba300,
0x00007dae3d0f08a0, 0x00007dae5800c6a0, 0x00007dae5800d690, 0x00007dae5800e6c0
}

Java Threads: ( => current thread )
  0x00007dae94025c60 JavaThread "main" [_thread_blocked, id=4987, stack(0x00007dae9a500000,0x00007dae9a600000)]
  0x00007dae94109390 JavaThread "Reference Handler" daemon [_thread_blocked, id=4995, stack(0x00007dae9866a000,0x00007dae9876a000)]
  0x00007dae9410a770 JavaThread "Finalizer" daemon [_thread_blocked, id=4996, stack(0x00007dae9856a000,0x00007dae9866a000)]
  0x00007dae9410fe80 JavaThread "Signal Dispatcher" daemon [_thread_blocked, id=4998, stack(0x00007dae9846a000,0x00007dae9856a000)]
  0x00007dae94111230 JavaThread "Service Thread" daemon [_thread_blocked, id=4999, stack(0x00007dae9836a000,0x00007dae9846a000)]
  0x00007dae94112640 JavaThread "Monitor Deflation Thread" daemon [_thread_blocked, id=5000, stack(0x00007dae9826a000,0x00007dae9836a000)]
  0x00007dae94113ff0 JavaThread "C2 CompilerThread0" daemon [_thread_blocked, id=5002, stack(0x00007dae9816a000,0x00007dae9826a000)]
  0x00007dae94115520 JavaThread "C1 CompilerThread0" daemon [_thread_blocked, id=5003, stack(0x00007dae9806a000,0x00007dae9816a000)]
  0x00007dae94116990 JavaThread "Sweeper thread" daemon [_thread_blocked, id=5004, stack(0x00007dae93f00000,0x00007dae94000000)]
  0x00007dae94131d50 JavaThread "Common-Cleaner" daemon [_thread_blocked, id=5005, stack(0x00007dae79500000,0x00007dae79600000)]
  0x00007dae941ed8c0 JavaThread "Notification Thread" daemon [_thread_blocked, id=5006, stack(0x00007dae79400000,0x00007dae79500000)]
  0x00007dae952365b0 JavaThread "Daemon health stats" [_thread_blocked, id=5016, stack(0x00007dae781fc000,0x00007dae782fc000)]
  0x00007dae9529f410 JavaThread "Incoming local TCP Connector on port 37325" [_thread_in_native, id=5017, stack(0x00007dae783fe000,0x00007dae784fe000)]
  0x00007dae952e5690 JavaThread "Daemon periodic checks" [_thread_blocked, id=5025, stack(0x00007dae780fc000,0x00007dae781fc000)]
  0x00007dae0c327170 JavaThread "Cache worker for journal cache (/home/victor/.gradle/caches/journal-1)" [_thread_blocked, id=5057, stack(0x00007dae68700000,0x00007dae68800000)]
  0x00007dae0c330600 JavaThread "File lock request listener" [_thread_in_native, id=5065, stack(0x00007dae68600000,0x00007dae68700000)]
  0x00007dae0c583890 JavaThread "Cache worker for file hash cache (/home/victor/.gradle/caches/8.3/fileHashes)" [_thread_blocked, id=5068, stack(0x00007dae68500000,0x00007dae68600000)]
  0x00007dae0c7622f0 JavaThread "File watcher server" daemon [_thread_blocked, id=5092, stack(0x00007dae681fc000,0x00007dae682fc000)]
  0x00007dae0c76ba90 JavaThread "File watcher consumer" daemon [_thread_blocked, id=5093, stack(0x00007dae680fc000,0x00007dae681fc000)]
  0x00007dae0c7e16c0 JavaThread "Cache worker for file content cache (/home/victor/.gradle/caches/8.3/fileContent)" [_thread_blocked, id=5097, stack(0x00007dadfb400000,0x00007dadfb500000)]
  0x00007dae0c8844f0 JavaThread "Cache worker for execution history cache (/home/victor/.gradle/caches/8.3/executionHistory)" [_thread_blocked, id=5101, stack(0x00007dadfb0fe000,0x00007dadfb1fe000)]
  0x00007dae0cbd4bd0 JavaThread "jar transforms" [_thread_blocked, id=5105, stack(0x00007dadfaefe000,0x00007dadfaffe000)]
  0x00007dae0ccee930 JavaThread "jar transforms Thread 2" [_thread_blocked, id=5106, stack(0x00007dadfadfe000,0x00007dadfaefe000)]
  0x00007dae0c2fda40 JavaThread "jar transforms Thread 3" [_thread_blocked, id=5122, stack(0x00007dadfaffe000,0x00007dadfb0fe000)]
  0x00007dae0c2fe0d0 JavaThread "jar transforms Thread 4" [_thread_blocked, id=5123, stack(0x00007dadfacfe000,0x00007dadfadfe000)]
  0x00007dae0ccd6b00 JavaThread "Cache worker for kotlin-dsl (/home/victor/.gradle/caches/8.3/kotlin-dsl)" [_thread_blocked, id=5178, stack(0x00007dadfa200000,0x00007dadfa300000)]
  0x00007dae0d6abe70 JavaThread "Memory manager" [_thread_blocked, id=5196, stack(0x00007dadf8200000,0x00007dadf8300000)]
  0x00007dae4c5c4670 JavaThread "process reaper" daemon [_thread_in_native, id=7377, stack(0x00007dae98006000,0x00007dae98028000)]
  0x00007dae4c5acf70 JavaThread "RMI Scheduler(0)" daemon [_thread_blocked, id=7426, stack(0x00007dadf0400000,0x00007dadf0500000)]
  0x00007dae4c5a15a0 JavaThread "RMI GC Daemon" daemon [_thread_blocked, id=7428, stack(0x00007dadf0200000,0x00007dadf0300000)]
  0x00007dae4c0771a0 JavaThread "RMI TCP Accept-0" daemon [_thread_in_native, id=7430, stack(0x00007dadf0100000,0x00007dadf0200000)]
  0x00007dae4c078430 JavaThread "RMI Reaper" [_thread_blocked, id=7431, stack(0x00007dadf0000000,0x00007dadf0100000)]
  0x00007dae180b5a50 JavaThread "Cache worker for Java compile cache (/home/victor/.gradle/caches/8.3/javaCompile)" [_thread_blocked, id=7468, stack(0x00007dadf30fe000,0x00007dadf31fe000)]
  0x00007dae30196e50 JavaThread "Daemon Thread 10" [_thread_blocked, id=21618, stack(0x00007dadea000000,0x00007dadea100000)]
  0x00007dae440a11e0 JavaThread "Handler for socket connection from /127.0.0.1:37325 to /127.0.0.1:48058" [_thread_in_native, id=21619, stack(0x00007dadf1e00000,0x00007dadf1f00000)]
  0x00007dae4409ea50 JavaThread "Cancel handler" [_thread_blocked, id=21630, stack(0x00007dade8a00000,0x00007dade8b00000)]
=>0x00007dae440a18f0 JavaThread "Daemon worker Thread 10" [_thread_in_Java, id=21647, stack(0x00007dae69200000,0x00007dae69300000)]
  0x00007dae59172630 JavaThread "Asynchronous log dispatcher for DefaultDaemonConnection: socket connection from /127.0.0.1:37325 to /127.0.0.1:48058" [_thread_blocked, id=21650, stack(0x00007dadf4700000,0x00007dadf4800000)]
  0x00007dae58008830 JavaThread "Stdin handler" [_thread_blocked, id=21655, stack(0x00007dadf5000000,0x00007dadf5100000)]
  0x00007dae5917eb90 JavaThread "Daemon client event forwarder" [_thread_blocked, id=21658, stack(0x00007dadf6300000,0x00007dadf6400000)]
  0x00007dae5917cdc0 JavaThread "Cache worker for checksums cache (/home/victor/Downloads/bootcamp_project/Flex-app/android/.gradle/8.3/checksums)" [_thread_blocked, id=21672, stack(0x00007dadf2000000,0x00007dadf2100000)]
  0x00007dae5917d330 JavaThread "Cache worker for file hash cache (/home/victor/Downloads/bootcamp_project/Flex-app/android/.gradle/8.3/fileHashes)" [_thread_blocked, id=21673, stack(0x00007dade8b00000,0x00007dade8c00000)]
  0x00007dae58029500 JavaThread "Cache worker for cache directory md-supplier (/home/victor/.gradle/caches/8.3/md-supplier)" [_thread_blocked, id=21674, stack(0x00007dade8900000,0x00007dade8a00000)]
  0x00007dae5802a270 JavaThread "Cache worker for cache directory md-rule (/home/victor/.gradle/caches/8.3/md-rule)" [_thread_blocked, id=21675, stack(0x00007dadea100000,0x00007dadea200000)]
  0x00007dae5802e260 JavaThread "process reaper" daemon [_thread_blocked, id=21681, stack(0x00007dae98028000,0x00007dae9804a000)]
  0x00007dae5802fd20 JavaThread "Unconstrained build operations" [_thread_blocked, id=21856, stack(0x00007dadf4500000,0x00007dadf4600000)]
  0x00007dae591777f0 JavaThread "Unconstrained build operations Thread 2" [_thread_blocked, id=21857, stack(0x00007dade95fe000,0x00007dade96fe000)]
  0x00007dae59178150 JavaThread "Cache worker for dependencies-accessors (/home/victor/Downloads/bootcamp_project/Flex-app/android/.gradle/8.3/dependencies-accessors)" [_thread_blocked, id=21858, stack(0x00007dadf4800000,0x00007dadf4900000)]
  0x00007dae59179040 JavaThread "Cache worker for Build Output Cleanup Cache (/home/victor/Downloads/bootcamp_project/Flex-app/node_modules/expo-dev-launcher/expo-dev-launcher-gradle-plugin/.gradle/buildOutputCleanup)" [_thread_blocked, id=21859, stack(0x00007dade94fe000,0x00007dade95fe000)]
  0x00007dae580270a0 JavaThread "Unconstrained build operations Thread 3" [_thread_blocked, id=21860, stack(0x00007dae69b00000,0x00007dae69c00000)]
  0x00007dae58027cf0 JavaThread "Unconstrained build operations Thread 4" [_thread_blocked, id=21861, stack(0x00007dadfb500000,0x00007dadfb600000)]
  0x00007dae580287e0 JavaThread "Unconstrained build operations Thread 5" [_thread_blocked, id=21862, stack(0x00007dadf6900000,0x00007dadf6a00000)]
  0x00007dae59179ae0 JavaThread "Cache worker for Build Output Cleanup Cache (/home/victor/Downloads/bootcamp_project/Flex-app/node_modules/@react-native/gradle-plugin/.gradle/buildOutputCleanup)" [_thread_blocked, id=21863, stack(0x00007dadf2700000,0x00007dadf2800000)]
  0x00007dae5917a190 JavaThread "Unconstrained build operations Thread 6" [_thread_blocked, id=21864, stack(0x00007dae69100000,0x00007dae69200000)]
  0x00007dae58023af0 JavaThread "Unconstrained build operations Thread 7" [_thread_blocked, id=21865, stack(0x00007dadf4600000,0x00007dadf4700000)]
  0x00007dae58024590 JavaThread "Unconstrained build operations Thread 8" [_thread_blocked, id=21866, stack(0x00007dadf1f00000,0x00007dadf2000000)]
  0x00007dae58038930 JavaThread "Cache worker for Build Output Cleanup Cache (/home/victor/Downloads/bootcamp_project/Flex-app/android/.gradle/buildOutputCleanup)" [_thread_blocked, id=21867, stack(0x00007dadf2400000,0x00007dadf2500000)]
  0x00007dae58039120 JavaThread "ForkJoinPool.commonPool-worker-30" daemon [_thread_blocked, id=21868, stack(0x00007dadf2300000,0x00007dadf2400000)]
  0x00007dae2c1c7360 JavaThread "ForkJoinPool.commonPool-worker-31" daemon [_thread_blocked, id=21869, stack(0x00007dadea200000,0x00007dadea300000)]
  0x00007dae2c1bbe90 JavaThread "ForkJoinPool.commonPool-worker-32" daemon [_thread_blocked, id=21870, stack(0x00007dadf2500000,0x00007dadf2600000)]
  0x00007dae58039990 JavaThread "included builds" [_thread_blocked, id=21871, stack(0x00007dadf2100000,0x00007dadf2200000)]
  0x00007dae5803a430 JavaThread "included builds Thread 2" [_thread_blocked, id=21872, stack(0x00007dadebe00000,0x00007dadebf00000)]
  0x00007dae5800b330 JavaThread "included builds Thread 3" [_thread_blocked, id=21873, stack(0x00007dadf2600000,0x00007dadf2700000)]
  0x00007dae3d5c4fe0 JavaThread "Execution worker" [_thread_blocked, id=21874, stack(0x00007dadf0700000,0x00007dadf0800000)]
  0x00007dae3d5c9340 JavaThread "Execution worker Thread 2" [_thread_blocked, id=21875, stack(0x00007dadf6b00000,0x00007dadf6c00000)]
  0x00007dae3ca15500 JavaThread "Execution worker Thread 3" [_thread_blocked, id=21876, stack(0x00007dadf6000000,0x00007dadf6100000)]
  0x00007dae4014fac0 JavaThread "Cache worker for execution history cache (/home/victor/Downloads/bootcamp_project/Flex-app/node_modules/expo-dev-launcher/expo-dev-launcher-gradle-plugin/.gradle/8.3/executionHistory)" [_thread_blocked, id=21877, stack(0x00007dadf8d00000,0x00007dadf8e00000)]
  0x00007dae3c78a840 JavaThread "Cache worker for execution history cache (/home/victor/Downloads/bootcamp_project/Flex-app/node_modules/@react-native/gradle-plugin/.gradle/8.3/executionHistory)" [_thread_blocked, id=21878, stack(0x00007dadebc00000,0x00007dadebd00000)]
  0x00007dae40160f40 JavaThread "Unconstrained build operations Thread 10" [_thread_blocked, id=21879, stack(0x00007dadf4b00000,0x00007dadf4c00000)]
  0x00007dae3d0edab0 JavaThread "Unconstrained build operations Thread 9" [_thread_blocked, id=21880, stack(0x00007dae69700000,0x00007dae69800000)]
  0x00007dae401614b0 JavaThread "Unconstrained build operations Thread 11" [_thread_blocked, id=21881, stack(0x00007dadf4d00000,0x00007dadf4e00000)]
  0x00007dae40161a20 JavaThread "Unconstrained build operations Thread 12" [_thread_blocked, id=21882, stack(0x00007dadf6500000,0x00007dadf6600000)]
  0x00007dae3d0ee2b0 JavaThread "Unconstrained build operations Thread 13" [_thread_blocked, id=21883, stack(0x00007dadf8e00000,0x00007dadf8f00000)]
  0x00007dae3d0ef430 JavaThread "Unconstrained build operations Thread 14" [_thread_blocked, id=21884, stack(0x00007dae69f00000,0x00007dae6a000000)]
  0x00007dae40164940 JavaThread "Unconstrained build operations Thread 15" [_thread_blocked, id=21885, stack(0x00007dae69300000,0x00007dae69400000)]
  0x00007dae40165b10 JavaThread "Unconstrained build operations Thread 16" [_thread_blocked, id=21886, stack(0x00007dae69000000,0x00007dae69100000)]
  0x00007dae402b6b20 JavaThread "Unconstrained build operations Thread 17" [_thread_blocked, id=21887, stack(0x00007dadfb700000,0x00007dadfb800000)]
  0x00007dae402b7e50 JavaThread "Unconstrained build operations Thread 18" [_thread_blocked, id=21888, stack(0x00007dadfb600000,0x00007dadfb700000)]
  0x00007dae402b90a0 JavaThread "Unconstrained build operations Thread 19" [_thread_blocked, id=21889, stack(0x00007dadfb1fe000,0x00007dadfb2fe000)]
  0x00007dae402ba300 JavaThread "Unconstrained build operations Thread 20" [_thread_blocked, id=21890, stack(0x00007dadfa300000,0x00007dadfa400000)]
  0x00007dae3d0f08a0 JavaThread "Unconstrained build operations Thread 21" [_thread_blocked, id=21891, stack(0x00007dadfa100000,0x00007dadfa200000)]
  0x00007dae5800c6a0 JavaThread "Unconstrained build operations Thread 22" [_thread_blocked, id=21892, stack(0x00007dadfa000000,0x00007dadfa100000)]
  0x00007dae5800d690 JavaThread "Unconstrained build operations Thread 23" [_thread_blocked, id=21893, stack(0x00007dadf8f00000,0x00007dadf9000000)]
  0x00007dae5800e6c0 JavaThread "Unconstrained build operations Thread 24" [_thread_blocked, id=21894, stack(0x00007dadf8c00000,0x00007dadf8d00000)]

Other Threads:
  0x00007dae941053d0 VMThread "VM Thread" [stack: 0x00007dae9876c000,0x00007dae9886c000] [id=4993] _threads_hazard_ptr=0x00007dae5800f6a0
  0x00007dae94028580 WatcherThread [stack: 0x00007dae78500000,0x00007dae78600000] [id=5007]
  0x00007dae94065490 GCTaskThread "GC Thread#0" [stack: 0x00007dae99226000,0x00007dae99326000] [id=4988]
  0x00007dae60005170 GCTaskThread "GC Thread#1" [stack: 0x00007dae782fe000,0x00007dae783fe000] [id=5012]
  0x00007dae60007250 GCTaskThread "GC Thread#2" [stack: 0x00007dae68400000,0x00007dae68500000] [id=5073]
  0x00007dae60007a80 GCTaskThread "GC Thread#3" [stack: 0x00007dae682fe000,0x00007dae683fe000] [id=5074]
  0x00007dae94076a70 ConcurrentGCThread "G1 Main Marker" [stack: 0x00007dae99124000,0x00007dae99224000] [id=4989]
  0x00007dae940779d0 ConcurrentGCThread "G1 Conc#0" [stack: 0x00007dae99022000,0x00007dae99122000] [id=4990]
  0x00007dae940d9640 ConcurrentGCThread "G1 Refine#0" [stack: 0x00007dae98b1c000,0x00007dae98c1c000] [id=4991]
  0x00007dae64000eb0 ConcurrentGCThread "G1 Refine#1" [stack: 0x00007dadfb300000,0x00007dadfb400000] [id=5099]
  0x00007dae2014e300 ConcurrentGCThread "G1 Refine#2" [stack: 0x00007dadf3300000,0x00007dadf3400000] [id=5858]
  0x00007dae183c2a30 ConcurrentGCThread "G1 Refine#3" [stack: 0x00007dade9700000,0x00007dade9800000] [id=7531]
  0x00007dae940da530 ConcurrentGCThread "G1 Service" [stack: 0x00007dae98a1a000,0x00007dae98b1a000] [id=4992]

Threads with active compile tasks:

VM state: synchronizing (normal execution)

VM Mutex/Monitor currently owned by a thread:  ([mutex/lock_event])
[0x00007dae94022a50] Threads_lock - owner thread: 0x00007dae941053d0

Heap address: 0x0000000080000000, size: 2048 MB, Compressed Oops mode: 32-bit

CDS archive(s) mapped at: [0x0000000800000000-0x0000000800bda000-0x0000000800bda000), size 12427264, SharedBaseAddress: 0x0000000800000000, ArchiveRelocationMode: 0.
Compressed class space mapped at: 0x0000000800c00000-0x000000081a800000, reserved size: 432013312
Narrow klass base: 0x0000000800000000, Narrow klass shift: 0, Narrow klass range: 0x100000000

GC Precious Log:
 CPUs: 4 total, 4 available
 Memory: 7603M
 Large Page Support: Disabled
 NUMA Support: Disabled
 Compressed Oops: Enabled (32-bit)
 Heap Region Size: 1M
 Heap Min Capacity: 8M
 Heap Initial Capacity: 120M
 Heap Max Capacity: 2G
 Pre-touch: Disabled
 Parallel Workers: 4
 Concurrent Workers: 1
 Concurrent Refinement Workers: 4
 Periodic GC: Disabled

Heap:
 garbage-first heap   total 1676288K, used 1471016K [0x0000000080000000, 0x0000000100000000)
  region size 1024K, 411 young (420864K), 2 survivors (2048K)
 Metaspace       used 196245K, committed 199616K, reserved 602112K
  class space    used 25525K, committed 27072K, reserved 421888K

Heap Regions: E=young(eden), S=young(survivor), O=old, HS=humongous(starts), HC=humongous(continues), CS=collection set, F=free, OA=open archive, CA=closed archive, TAMS=top-at-mark-start (previous, next)
|   0|0x0000000080000000, 0x0000000080100000, 0x0000000080100000|100%| O|  |TAMS 0x0000000080100000, 0x0000000080000000| Untracked 
|   1|0x0000000080100000, 0x0000000080200000, 0x0000000080200000|100%| O|  |TAMS 0x0000000080200000, 0x0000000080100000| Untracked 
|   2|0x0000000080200000, 0x0000000080300000, 0x0000000080300000|100%|HS|  |TAMS 0x0000000080300000, 0x0000000080200000| Complete 
|   3|0x0000000080300000, 0x0000000080400000, 0x0000000080400000|100%|HC|  |TAMS 0x0000000080400000, 0x0000000080300000| Complete 
|   4|0x0000000080400000, 0x0000000080500000, 0x0000000080500000|100%|HC|  |TAMS 0x0000000080500000, 0x0000000080400000| Complete 
|   5|0x0000000080500000, 0x0000000080600000, 0x0000000080600000|100%|HC|  |TAMS 0x0000000080600000, 0x0000000080500000| Complete 
|   6|0x0000000080600000, 0x0000000080700000, 0x0000000080700000|100%| O|  |TAMS 0x0000000080700000, 0x0000000080600000| Untracked 
|   7|0x0000000080700000, 0x0000000080800000, 0x0000000080800000|100%| O|  |TAMS 0x0000000080800000, 0x0000000080700000| Untracked 
|   8|0x0000000080800000, 0x0000000080900000, 0x0000000080900000|100%| O|  |TAMS 0x0000000080900000, 0x0000000080800000| Untracked 
|   9|0x0000000080900000, 0x0000000080a00000, 0x0000000080a00000|100%| O|  |TAMS 0x0000000080a00000, 0x0000000080900000| Untracked 
|  10|0x0000000080a00000, 0x0000000080b00000, 0x0000000080b00000|100%| O|  |TAMS 0x0000000080b00000, 0x0000000080a00000| Untracked 
|  11|0x0000000080b00000, 0x0000000080c00000, 0x0000000080c00000|100%| O|  |TAMS 0x0000000080c00000, 0x0000000080b00000| Untracked 
|  12|0x0000000080c00000, 0x0000000080d00000, 0x0000000080d00000|100%| O|  |TAMS 0x0000000080d00000, 0x0000000080c00000| Untracked 
|  13|0x0000000080d00000, 0x0000000080e00000, 0x0000000080e00000|100%| O|  |TAMS 0x0000000080e00000, 0x0000000080d00000| Untracked 
|  14|0x0000000080e00000, 0x0000000080f00000, 0x0000000080f00000|100%| O|  |TAMS 0x0000000080f00000, 0x0000000080e00000| Untracked 
|  15|0x0000000080f00000, 0x0000000081000000, 0x0000000081000000|100%| O|  |TAMS 0x0000000081000000, 0x0000000080f00000| Untracked 
|  16|0x0000000081000000, 0x0000000081100000, 0x0000000081100000|100%| O|  |TAMS 0x0000000081100000, 0x0000000081000000| Untracked 
|  17|0x0000000081100000, 0x0000000081200000, 0x0000000081200000|100%| O|  |TAMS 0x0000000081200000, 0x0000000081100000| Untracked 
|  18|0x0000000081200000, 0x0000000081300000, 0x0000000081300000|100%| O|  |TAMS 0x0000000081300000, 0x0000000081200000| Untracked 
|  19|0x0000000081300000, 0x0000000081400000, 0x0000000081400000|100%| O|  |TAMS 0x0000000081400000, 0x0000000081300000| Untracked 
|  20|0x0000000081400000, 0x0000000081500000, 0x0000000081500000|100%| O|  |TAMS 0x0000000081500000, 0x0000000081400000| Untracked 
|  21|0x0000000081500000, 0x0000000081600000, 0x0000000081600000|100%| O|  |TAMS 0x0000000081600000, 0x0000000081500000| Untracked 
|  22|0x0000000081600000, 0x0000000081700000, 0x0000000081700000|100%| O|  |TAMS 0x0000000081700000, 0x0000000081600000| Untracked 
|  23|0x0000000081700000, 0x0000000081800000, 0x0000000081800000|100%| O|  |TAMS 0x0000000081800000, 0x0000000081700000| Untracked 
|  24|0x0000000081800000, 0x0000000081900000, 0x0000000081900000|100%| O|  |TAMS 0x0000000081900000, 0x0000000081800000| Untracked 
|  25|0x0000000081900000, 0x0000000081a00000, 0x0000000081a00000|100%| O|  |TAMS 0x0000000081a00000, 0x0000000081900000| Untracked 
|  26|0x0000000081a00000, 0x0000000081b00000, 0x0000000081b00000|100%| O|  |TAMS 0x0000000081b00000, 0x0000000081a00000| Untracked 
|  27|0x0000000081b00000, 0x0000000081c00000, 0x0000000081c00000|100%| O|  |TAMS 0x0000000081c00000, 0x0000000081b00000| Untracked 
|  28|0x0000000081c00000, 0x0000000081d00000, 0x0000000081d00000|100%| O|  |TAMS 0x0000000081d00000, 0x0000000081c00000| Untracked 
|  29|0x0000000081d00000, 0x0000000081e00000, 0x0000000081e00000|100%| O|  |TAMS 0x0000000081e00000, 0x0000000081d00000| Untracked 
|  30|0x0000000081e00000, 0x0000000081f00000, 0x0000000081f00000|100%| O|  |TAMS 0x0000000081f00000, 0x0000000081e00000| Untracked 
|  31|0x0000000081f00000, 0x0000000082000000, 0x0000000082000000|100%| O|  |TAMS 0x0000000082000000, 0x0000000081f00000| Untracked 
|  32|0x0000000082000000, 0x0000000082100000, 0x0000000082100000|100%| O|  |TAMS 0x0000000082100000, 0x0000000082000000| Untracked 
|  33|0x0000000082100000, 0x0000000082200000, 0x0000000082200000|100%| O|  |TAMS 0x0000000082200000, 0x0000000082100000| Untracked 
|  34|0x0000000082200000, 0x0000000082300000, 0x0000000082300000|100%| O|  |TAMS 0x0000000082300000, 0x0000000082200000| Untracked 
|  35|0x0000000082300000, 0x0000000082400000, 0x0000000082400000|100%| O|  |TAMS 0x0000000082400000, 0x0000000082300000| Untracked 
|  36|0x0000000082400000, 0x0000000082500000, 0x0000000082500000|100%| O|  |TAMS 0x0000000082500000, 0x0000000082400000| Untracked 
|  37|0x0000000082500000, 0x0000000082600000, 0x0000000082600000|100%| O|  |TAMS 0x0000000082600000, 0x0000000082500000| Untracked 
|  38|0x0000000082600000, 0x0000000082700000, 0x0000000082700000|100%| O|  |TAMS 0x0000000082700000, 0x0000000082600000| Untracked 
|  39|0x0000000082700000, 0x0000000082800000, 0x0000000082800000|100%| O|  |TAMS 0x0000000082800000, 0x0000000082700000| Untracked 
|  40|0x0000000082800000, 0x0000000082900000, 0x0000000082900000|100%| O|  |TAMS 0x0000000082900000, 0x0000000082800000| Untracked 
|  41|0x0000000082900000, 0x0000000082a00000, 0x0000000082a00000|100%| O|  |TAMS 0x0000000082a00000, 0x0000000082900000| Untracked 
|  42|0x0000000082a00000, 0x0000000082b00000, 0x0000000082b00000|100%| O|  |TAMS 0x0000000082b00000, 0x0000000082a00000| Untracked 
|  43|0x0000000082b00000, 0x0000000082c00000, 0x0000000082c00000|100%| O|  |TAMS 0x0000000082c00000, 0x0000000082b00000| Untracked 
|  44|0x0000000082c00000, 0x0000000082d00000, 0x0000000082d00000|100%| O|  |TAMS 0x0000000082d00000, 0x0000000082c00000| Untracked 
|  45|0x0000000082d00000, 0x0000000082e00000, 0x0000000082e00000|100%| O|  |TAMS 0x0000000082e00000, 0x0000000082d00000| Untracked 
|  46|0x0000000082e00000, 0x0000000082f00000, 0x0000000082f00000|100%| O|  |TAMS 0x0000000082f00000, 0x0000000082e00000| Untracked 
|  47|0x0000000082f00000, 0x0000000083000000, 0x0000000083000000|100%| O|  |TAMS 0x0000000083000000, 0x0000000082f00000| Untracked 
|  48|0x0000000083000000, 0x0000000083100000, 0x0000000083100000|100%| O|  |TAMS 0x0000000083100000, 0x0000000083000000| Untracked 
|  49|0x0000000083100000, 0x0000000083200000, 0x0000000083200000|100%| O|  |TAMS 0x0000000083200000, 0x0000000083100000| Untracked 
|  50|0x0000000083200000, 0x0000000083300000, 0x0000000083300000|100%| O|  |TAMS 0x0000000083300000, 0x0000000083200000| Untracked 
|  51|0x0000000083300000, 0x0000000083400000, 0x0000000083400000|100%| O|  |TAMS 0x0000000083400000, 0x0000000083300000| Untracked 
|  52|0x0000000083400000, 0x0000000083500000, 0x0000000083500000|100%| O|  |TAMS 0x0000000083500000, 0x0000000083400000| Untracked 
|  53|0x0000000083500000, 0x0000000083600000, 0x0000000083600000|100%| O|  |TAMS 0x0000000083600000, 0x0000000083500000| Untracked 
|  54|0x0000000083600000, 0x0000000083700000, 0x0000000083700000|100%|HS|  |TAMS 0x0000000083700000, 0x0000000083600000| Complete 
|  55|0x0000000083700000, 0x0000000083800000, 0x0000000083800000|100%|HC|  |TAMS 0x0000000083800000, 0x0000000083700000| Complete 
|  56|0x0000000083800000, 0x0000000083900000, 0x0000000083900000|100%|HS|  |TAMS 0x0000000083900000, 0x0000000083800000| Complete 
|  57|0x0000000083900000, 0x0000000083a00000, 0x0000000083a00000|100%|HC|  |TAMS 0x0000000083a00000, 0x0000000083900000| Complete 
|  58|0x0000000083a00000, 0x0000000083b00000, 0x0000000083b00000|100%|HS|  |TAMS 0x0000000083b00000, 0x0000000083a00000| Complete 
|  59|0x0000000083b00000, 0x0000000083c00000, 0x0000000083c00000|100%|HC|  |TAMS 0x0000000083c00000, 0x0000000083b00000| Complete 
|  60|0x0000000083c00000, 0x0000000083d00000, 0x0000000083d00000|100%|HC|  |TAMS 0x0000000083d00000, 0x0000000083c00000| Complete 
|  61|0x0000000083d00000, 0x0000000083e00000, 0x0000000083e00000|100%|HC|  |TAMS 0x0000000083e00000, 0x0000000083d00000| Complete 
|  62|0x0000000083e00000, 0x0000000083f00000, 0x0000000083f00000|100%| O|  |TAMS 0x0000000083f00000, 0x0000000083e00000| Untracked 
|  63|0x0000000083f00000, 0x0000000084000000, 0x0000000084000000|100%| O|  |TAMS 0x0000000084000000, 0x0000000083f00000| Untracked 
|  64|0x0000000084000000, 0x0000000084100000, 0x0000000084100000|100%| O|  |TAMS 0x0000000084100000, 0x0000000084000000| Untracked 
|  65|0x0000000084100000, 0x0000000084200000, 0x0000000084200000|100%| O|  |TAMS 0x0000000084200000, 0x0000000084100000| Untracked 
|  66|0x0000000084200000, 0x0000000084300000, 0x0000000084300000|100%| O|  |TAMS 0x0000000084300000, 0x0000000084200000| Untracked 
|  67|0x0000000084300000, 0x0000000084400000, 0x0000000084400000|100%|HS|  |TAMS 0x0000000084400000, 0x0000000084300000| Complete 
|  68|0x0000000084400000, 0x0000000084500000, 0x0000000084500000|100%|HC|  |TAMS 0x0000000084500000, 0x0000000084400000| Complete 
|  69|0x0000000084500000, 0x0000000084600000, 0x0000000084600000|100%|HC|  |TAMS 0x0000000084600000, 0x0000000084500000| Complete 
|  70|0x0000000084600000, 0x0000000084700000, 0x0000000084700000|100%|HC|  |TAMS 0x0000000084700000, 0x0000000084600000| Complete 
|  71|0x0000000084700000, 0x0000000084800000, 0x0000000084800000|100%| O|  |TAMS 0x0000000084800000, 0x0000000084700000| Untracked 
|  72|0x0000000084800000, 0x0000000084900000, 0x0000000084900000|100%| O|  |TAMS 0x0000000084900000, 0x0000000084800000| Untracked 
|  73|0x0000000084900000, 0x0000000084a00000, 0x0000000084a00000|100%| O|  |TAMS 0x0000000084a00000, 0x0000000084900000| Untracked 
|  74|0x0000000084a00000, 0x0000000084b00000, 0x0000000084b00000|100%|HS|  |TAMS 0x0000000084b00000, 0x0000000084a00000| Complete 
|  75|0x0000000084b00000, 0x0000000084c00000, 0x0000000084c00000|100%|HC|  |TAMS 0x0000000084c00000, 0x0000000084b00000| Complete 
|  76|0x0000000084c00000, 0x0000000084d00000, 0x0000000084d00000|100%|HS|  |TAMS 0x0000000084d00000, 0x0000000084c00000| Complete 
|  77|0x0000000084d00000, 0x0000000084e00000, 0x0000000084e00000|100%|HC|  |TAMS 0x0000000084e00000, 0x0000000084d00000| Complete 
|  78|0x0000000084e00000, 0x0000000084f00000, 0x0000000084f00000|100%| O|  |TAMS 0x0000000084f00000, 0x0000000084e00000| Complete 
|  79|0x0000000084f00000, 0x0000000085000000, 0x0000000085000000|100%| O|  |TAMS 0x0000000085000000, 0x0000000084f00000| Untracked 
|  80|0x0000000085000000, 0x0000000085100000, 0x0000000085100000|100%| O|  |TAMS 0x0000000085100000, 0x0000000085000000| Untracked 
|  81|0x0000000085100000, 0x0000000085200000, 0x0000000085200000|100%|HS|  |TAMS 0x0000000085200000, 0x0000000085100000| Complete 
|  82|0x0000000085200000, 0x0000000085300000, 0x0000000085300000|100%|HC|  |TAMS 0x0000000085300000, 0x0000000085200000| Complete 
|  83|0x0000000085300000, 0x0000000085400000, 0x0000000085400000|100%|HC|  |TAMS 0x0000000085400000, 0x0000000085300000| Complete 
|  84|0x0000000085400000, 0x0000000085500000, 0x0000000085500000|100%|HC|  |TAMS 0x0000000085500000, 0x0000000085400000| Complete 
|  85|0x0000000085500000, 0x0000000085600000, 0x0000000085600000|100%|HS|  |TAMS 0x0000000085600000, 0x0000000085500000| Complete 
|  86|0x0000000085600000, 0x0000000085700000, 0x0000000085700000|100%|HC|  |TAMS 0x0000000085700000, 0x0000000085600000| Complete 
|  87|0x0000000085700000, 0x0000000085800000, 0x0000000085800000|100%|HC|  |TAMS 0x0000000085800000, 0x0000000085700000| Complete 
|  88|0x0000000085800000, 0x0000000085900000, 0x0000000085900000|100%|HC|  |TAMS 0x0000000085900000, 0x0000000085800000| Complete 
|  89|0x0000000085900000, 0x0000000085a00000, 0x0000000085a00000|100%|HS|  |TAMS 0x0000000085a00000, 0x0000000085900000| Complete 
|  90|0x0000000085a00000, 0x0000000085b00000, 0x0000000085b00000|100%|HS|  |TAMS 0x0000000085b00000, 0x0000000085a00000| Complete 
|  91|0x0000000085b00000, 0x0000000085c00000, 0x0000000085c00000|100%| O|  |TAMS 0x0000000085c00000, 0x0000000085b00000| Untracked 
|  92|0x0000000085c00000, 0x0000000085d00000, 0x0000000085d00000|100%| O|  |TAMS 0x0000000085d00000, 0x0000000085c00000| Untracked 
|  93|0x0000000085d00000, 0x0000000085e00000, 0x0000000085e00000|100%| O|  |TAMS 0x0000000085e00000, 0x0000000085d00000| Untracked 
|  94|0x0000000085e00000, 0x0000000085f00000, 0x0000000085f00000|100%| O|  |TAMS 0x0000000085f00000, 0x0000000085e00000| Complete 
|  95|0x0000000085f00000, 0x0000000086000000, 0x0000000086000000|100%| O|  |TAMS 0x0000000086000000, 0x0000000085f00000| Untracked 
|  96|0x0000000086000000, 0x0000000086100000, 0x0000000086100000|100%| O|  |TAMS 0x0000000086100000, 0x0000000086000000| Untracked 
|  97|0x0000000086100000, 0x0000000086200000, 0x0000000086200000|100%| O|  |TAMS 0x0000000086200000, 0x0000000086100000| Untracked 
|  98|0x0000000086200000, 0x0000000086300000, 0x0000000086300000|100%| O|  |TAMS 0x0000000086300000, 0x0000000086200000| Untracked 
|  99|0x0000000086300000, 0x0000000086400000, 0x0000000086400000|100%| O|  |TAMS 0x0000000086400000, 0x0000000086300000| Untracked 
| 100|0x0000000086400000, 0x0000000086500000, 0x0000000086500000|100%| O|  |TAMS 0x0000000086500000, 0x0000000086400000| Untracked 
| 101|0x0000000086500000, 0x0000000086600000, 0x0000000086600000|100%| O|  |TAMS 0x0000000086600000, 0x0000000086500000| Untracked 
| 102|0x0000000086600000, 0x0000000086700000, 0x0000000086700000|100%| O|  |TAMS 0x0000000086700000, 0x0000000086600000| Untracked 
| 103|0x0000000086700000, 0x0000000086800000, 0x0000000086800000|100%| O|  |TAMS 0x0000000086800000, 0x0000000086700000| Untracked 
| 104|0x0000000086800000, 0x0000000086900000, 0x0000000086900000|100%| O|  |TAMS 0x0000000086900000, 0x0000000086800000| Untracked 
| 105|0x0000000086900000, 0x0000000086a00000, 0x0000000086a00000|100%| O|  |TAMS 0x0000000086a00000, 0x0000000086900000| Untracked 
| 106|0x0000000086a00000, 0x0000000086b00000, 0x0000000086b00000|100%| O|  |TAMS 0x0000000086b00000, 0x0000000086a00000| Untracked 
| 107|0x0000000086b00000, 0x0000000086c00000, 0x0000000086c00000|100%|HS|  |TAMS 0x0000000086c00000, 0x0000000086b00000| Complete 
| 108|0x0000000086c00000, 0x0000000086d00000, 0x0000000086d00000|100%|HS|  |TAMS 0x0000000086d00000, 0x0000000086c00000| Complete 
| 109|0x0000000086d00000, 0x0000000086e00000, 0x0000000086e00000|100%|HS|  |TAMS 0x0000000086e00000, 0x0000000086d00000| Complete 
| 110|0x0000000086e00000, 0x0000000086f00000, 0x0000000086f00000|100%| O|  |TAMS 0x0000000086f00000, 0x0000000086e00000| Untracked 
| 111|0x0000000086f00000, 0x0000000087000000, 0x0000000087000000|100%|HS|  |TAMS 0x0000000087000000, 0x0000000086f00000| Complete 
| 112|0x0000000087000000, 0x0000000087100000, 0x0000000087100000|100%|HS|  |TAMS 0x0000000087000000, 0x0000000087000000| Complete 
| 113|0x0000000087100000, 0x0000000087200000, 0x0000000087200000|100%| O|  |TAMS 0x0000000087200000, 0x0000000087100000| Untracked 
| 114|0x0000000087200000, 0x0000000087300000, 0x0000000087300000|100%| O|  |TAMS 0x0000000087300000, 0x0000000087200000| Untracked 
| 115|0x0000000087300000, 0x0000000087400000, 0x0000000087400000|100%| O|  |TAMS 0x0000000087400000, 0x0000000087300000| Untracked 
| 116|0x0000000087400000, 0x0000000087500000, 0x0000000087500000|100%| O|  |TAMS 0x0000000087500000, 0x0000000087400000| Untracked 
| 117|0x0000000087500000, 0x0000000087600000, 0x0000000087600000|100%| O|  |TAMS 0x0000000087600000, 0x0000000087500000| Untracked 
| 118|0x0000000087600000, 0x0000000087700000, 0x0000000087700000|100%| O|  |TAMS 0x0000000087700000, 0x0000000087600000| Untracked 
| 119|0x0000000087700000, 0x0000000087800000, 0x0000000087800000|100%| O|  |TAMS 0x0000000087800000, 0x0000000087700000| Untracked 
| 120|0x0000000087800000, 0x0000000087900000, 0x0000000087900000|100%| O|  |TAMS 0x0000000087900000, 0x0000000087800000| Untracked 
| 121|0x0000000087900000, 0x0000000087a00000, 0x0000000087a00000|100%| O|  |TAMS 0x0000000087a00000, 0x0000000087900000| Untracked 
| 122|0x0000000087a00000, 0x0000000087b00000, 0x0000000087b00000|100%| O|  |TAMS 0x0000000087b00000, 0x0000000087a00000| Untracked 
| 123|0x0000000087b00000, 0x0000000087c00000, 0x0000000087c00000|100%| O|  |TAMS 0x0000000087c00000, 0x0000000087b00000| Untracked 
| 124|0x0000000087c00000, 0x0000000087d00000, 0x0000000087d00000|100%| O|  |TAMS 0x0000000087d00000, 0x0000000087c00000| Untracked 
| 125|0x0000000087d00000, 0x0000000087e00000, 0x0000000087e00000|100%| O|  |TAMS 0x0000000087e00000, 0x0000000087d00000| Complete 
| 126|0x0000000087e00000, 0x0000000087f00000, 0x0000000087f00000|100%| O|  |TAMS 0x0000000087f00000, 0x0000000087e00000| Untracked 
| 127|0x0000000087f00000, 0x0000000088000000, 0x0000000088000000|100%| O|  |TAMS 0x0000000088000000, 0x0000000087f00000| Untracked 
| 128|0x0000000088000000, 0x0000000088100000, 0x0000000088100000|100%| O|  |TAMS 0x0000000088100000, 0x0000000088000000| Untracked 
| 129|0x0000000088100000, 0x0000000088200000, 0x0000000088200000|100%| O|  |TAMS 0x0000000088200000, 0x0000000088100000| Untracked 
| 130|0x0000000088200000, 0x0000000088300000, 0x0000000088300000|100%| O|  |TAMS 0x0000000088300000, 0x0000000088200000| Untracked 
| 131|0x0000000088300000, 0x0000000088400000, 0x0000000088400000|100%| O|  |TAMS 0x0000000088400000, 0x0000000088300000| Untracked 
| 132|0x0000000088400000, 0x0000000088500000, 0x0000000088500000|100%| O|  |TAMS 0x0000000088500000, 0x0000000088400000| Untracked 
| 133|0x0000000088500000, 0x0000000088600000, 0x0000000088600000|100%| O|  |TAMS 0x0000000088600000, 0x0000000088500000| Untracked 
| 134|0x0000000088600000, 0x0000000088700000, 0x0000000088700000|100%| O|  |TAMS 0x0000000088700000, 0x0000000088600000| Untracked 
| 135|0x0000000088700000, 0x0000000088800000, 0x0000000088800000|100%| O|  |TAMS 0x0000000088800000, 0x0000000088700000| Untracked 
| 136|0x0000000088800000, 0x0000000088900000, 0x0000000088900000|100%| O|  |TAMS 0x0000000088900000, 0x0000000088800000| Untracked 
| 137|0x0000000088900000, 0x0000000088a00000, 0x0000000088a00000|100%| O|  |TAMS 0x0000000088a00000, 0x0000000088900000| Untracked 
| 138|0x0000000088a00000, 0x0000000088b00000, 0x0000000088b00000|100%| O|  |TAMS 0x0000000088b00000, 0x0000000088a00000| Untracked 
| 139|0x0000000088b00000, 0x0000000088c00000, 0x0000000088c00000|100%| O|  |TAMS 0x0000000088c00000, 0x0000000088b00000| Untracked 
| 140|0x0000000088c00000, 0x0000000088d00000, 0x0000000088d00000|100%| O|  |TAMS 0x0000000088d00000, 0x0000000088c00000| Untracked 
| 141|0x0000000088d00000, 0x0000000088e00000, 0x0000000088e00000|100%| O|  |TAMS 0x0000000088e00000, 0x0000000088d00000| Untracked 
| 142|0x0000000088e00000, 0x0000000088f00000, 0x0000000088f00000|100%| O|  |TAMS 0x0000000088f00000, 0x0000000088e00000| Untracked 
| 143|0x0000000088f00000, 0x0000000089000000, 0x0000000089000000|100%| O|  |TAMS 0x0000000089000000, 0x0000000088f00000| Untracked 
| 144|0x0000000089000000, 0x0000000089100000, 0x0000000089100000|100%| O|  |TAMS 0x0000000089100000, 0x0000000089000000| Untracked 
| 145|0x0000000089100000, 0x0000000089200000, 0x0000000089200000|100%| O|  |TAMS 0x0000000089200000, 0x0000000089100000| Untracked 
| 146|0x0000000089200000, 0x0000000089300000, 0x0000000089300000|100%| O|  |TAMS 0x0000000089300000, 0x0000000089200000| Untracked 
| 147|0x0000000089300000, 0x0000000089400000, 0x0000000089400000|100%| O|  |TAMS 0x0000000089400000, 0x0000000089300000| Untracked 
| 148|0x0000000089400000, 0x0000000089500000, 0x0000000089500000|100%| O|  |TAMS 0x0000000089500000, 0x0000000089400000| Untracked 
| 149|0x0000000089500000, 0x0000000089600000, 0x0000000089600000|100%| O|  |TAMS 0x0000000089600000, 0x0000000089500000| Untracked 
| 150|0x0000000089600000, 0x0000000089700000, 0x0000000089700000|100%|HS|  |TAMS 0x0000000089600000, 0x0000000089600000| Complete 
| 151|0x0000000089700000, 0x0000000089800000, 0x0000000089800000|100%| O|  |TAMS 0x0000000089800000, 0x0000000089700000| Untracked 
| 152|0x0000000089800000, 0x0000000089900000, 0x0000000089900000|100%| O|  |TAMS 0x0000000089900000, 0x0000000089800000| Untracked 
| 153|0x0000000089900000, 0x0000000089a00000, 0x0000000089a00000|100%| O|  |TAMS 0x0000000089a00000, 0x0000000089900000| Untracked 
| 154|0x0000000089a00000, 0x0000000089b00000, 0x0000000089b00000|100%| O|  |TAMS 0x0000000089b00000, 0x0000000089a00000| Untracked 
| 155|0x0000000089b00000, 0x0000000089c00000, 0x0000000089c00000|100%| O|  |TAMS 0x0000000089c00000, 0x0000000089b00000| Untracked 
| 156|0x0000000089c00000, 0x0000000089d00000, 0x0000000089d00000|100%| O|  |TAMS 0x0000000089d00000, 0x0000000089c00000| Untracked 
| 157|0x0000000089d00000, 0x0000000089e00000, 0x0000000089e00000|100%| O|  |TAMS 0x0000000089e00000, 0x0000000089d00000| Untracked 
| 158|0x0000000089e00000, 0x0000000089f00000, 0x0000000089f00000|100%| O|  |TAMS 0x0000000089f00000, 0x0000000089e00000| Untracked 
| 159|0x0000000089f00000, 0x000000008a000000, 0x000000008a000000|100%| O|  |TAMS 0x000000008a000000, 0x0000000089f00000| Untracked 
| 160|0x000000008a000000, 0x000000008a100000, 0x000000008a100000|100%| O|  |TAMS 0x000000008a100000, 0x000000008a000000| Untracked 
| 161|0x000000008a100000, 0x000000008a200000, 0x000000008a200000|100%| O|  |TAMS 0x000000008a200000, 0x000000008a100000| Untracked 
| 162|0x000000008a200000, 0x000000008a300000, 0x000000008a300000|100%| O|  |TAMS 0x000000008a300000, 0x000000008a200000| Complete 
| 163|0x000000008a300000, 0x000000008a400000, 0x000000008a400000|100%| O|  |TAMS 0x000000008a400000, 0x000000008a300000| Untracked 
| 164|0x000000008a400000, 0x000000008a500000, 0x000000008a500000|100%| O|  |TAMS 0x000000008a500000, 0x000000008a400000| Untracked 
| 165|0x000000008a500000, 0x000000008a600000, 0x000000008a600000|100%| O|  |TAMS 0x000000008a600000, 0x000000008a500000| Untracked 
| 166|0x000000008a600000, 0x000000008a700000, 0x000000008a700000|100%| O|  |TAMS 0x000000008a700000, 0x000000008a600000| Untracked 
| 167|0x000000008a700000, 0x000000008a800000, 0x000000008a800000|100%| O|  |TAMS 0x000000008a800000, 0x000000008a700000| Untracked 
| 168|0x000000008a800000, 0x000000008a900000, 0x000000008a900000|100%| O|  |TAMS 0x000000008a900000, 0x000000008a800000| Untracked 
| 169|0x000000008a900000, 0x000000008aa00000, 0x000000008aa00000|100%| O|  |TAMS 0x000000008aa00000, 0x000000008a900000| Complete 
| 170|0x000000008aa00000, 0x000000008ab00000, 0x000000008ab00000|100%| O|  |TAMS 0x000000008ab00000, 0x000000008aa00000| Untracked 
| 171|0x000000008ab00000, 0x000000008ac00000, 0x000000008ac00000|100%| O|  |TAMS 0x000000008ac00000, 0x000000008ab00000| Untracked 
| 172|0x000000008ac00000, 0x000000008ad00000, 0x000000008ad00000|100%| O|  |TAMS 0x000000008ad00000, 0x000000008ac00000| Untracked 
| 173|0x000000008ad00000, 0x000000008ae00000, 0x000000008ae00000|100%|HS|  |TAMS 0x000000008ad00000, 0x000000008ad00000| Complete 
| 174|0x000000008ae00000, 0x000000008af00000, 0x000000008af00000|100%| O|  |TAMS 0x000000008af00000, 0x000000008ae00000| Untracked 
| 175|0x000000008af00000, 0x000000008b000000, 0x000000008b000000|100%| O|  |TAMS 0x000000008b000000, 0x000000008af00000| Untracked 
| 176|0x000000008b000000, 0x000000008b100000, 0x000000008b100000|100%| O|  |TAMS 0x000000008b100000, 0x000000008b000000| Untracked 
| 177|0x000000008b100000, 0x000000008b200000, 0x000000008b200000|100%| O|  |TAMS 0x000000008b200000, 0x000000008b100000| Untracked 
| 178|0x000000008b200000, 0x000000008b300000, 0x000000008b300000|100%| O|  |TAMS 0x000000008b300000, 0x000000008b200000| Untracked 
| 179|0x000000008b300000, 0x000000008b400000, 0x000000008b400000|100%| O|  |TAMS 0x000000008b400000, 0x000000008b300000| Untracked 
| 180|0x000000008b400000, 0x000000008b500000, 0x000000008b500000|100%| O|  |TAMS 0x000000008b500000, 0x000000008b400000| Untracked 
| 181|0x000000008b500000, 0x000000008b600000, 0x000000008b600000|100%| O|  |TAMS 0x000000008b600000, 0x000000008b500000| Untracked 
| 182|0x000000008b600000, 0x000000008b700000, 0x000000008b700000|100%| O|  |TAMS 0x000000008b700000, 0x000000008b600000| Untracked 
| 183|0x000000008b700000, 0x000000008b800000, 0x000000008b800000|100%| O|  |TAMS 0x000000008b800000, 0x000000008b700000| Untracked 
| 184|0x000000008b800000, 0x000000008b900000, 0x000000008b900000|100%| O|  |TAMS 0x000000008b900000, 0x000000008b800000| Untracked 
| 185|0x000000008b900000, 0x000000008ba00000, 0x000000008ba00000|100%| O|  |TAMS 0x000000008ba00000, 0x000000008b900000| Untracked 
| 186|0x000000008ba00000, 0x000000008bb00000, 0x000000008bb00000|100%| O|  |TAMS 0x000000008bb00000, 0x000000008ba00000| Untracked 
| 187|0x000000008bb00000, 0x000000008bc00000, 0x000000008bc00000|100%| O|  |TAMS 0x000000008bc00000, 0x000000008bb00000| Untracked 
| 188|0x000000008bc00000, 0x000000008bd00000, 0x000000008bd00000|100%| O|  |TAMS 0x000000008bd00000, 0x000000008bc00000| Untracked 
| 189|0x000000008bd00000, 0x000000008be00000, 0x000000008be00000|100%| O|  |TAMS 0x000000008be00000, 0x000000008bd00000| Untracked 
| 190|0x000000008be00000, 0x000000008bf00000, 0x000000008bf00000|100%| O|  |TAMS 0x000000008bf00000, 0x000000008be00000| Untracked 
| 191|0x000000008bf00000, 0x000000008c000000, 0x000000008c000000|100%| O|  |TAMS 0x000000008c000000, 0x000000008bf00000| Untracked 
| 192|0x000000008c000000, 0x000000008c100000, 0x000000008c100000|100%|HS|  |TAMS 0x000000008c100000, 0x000000008c000000| Complete 
| 193|0x000000008c100000, 0x000000008c200000, 0x000000008c200000|100%|HC|  |TAMS 0x000000008c200000, 0x000000008c100000| Complete 
| 194|0x000000008c200000, 0x000000008c300000, 0x000000008c300000|100%|HS|  |TAMS 0x000000008c300000, 0x000000008c200000| Complete 
| 195|0x000000008c300000, 0x000000008c400000, 0x000000008c400000|100%|HC|  |TAMS 0x000000008c400000, 0x000000008c300000| Complete 
| 196|0x000000008c400000, 0x000000008c500000, 0x000000008c500000|100%|HS|  |TAMS 0x000000008c500000, 0x000000008c400000| Complete 
| 197|0x000000008c500000, 0x000000008c600000, 0x000000008c600000|100%|HS|  |TAMS 0x000000008c600000, 0x000000008c500000| Complete 
| 198|0x000000008c600000, 0x000000008c700000, 0x000000008c700000|100%|HS|  |TAMS 0x000000008c700000, 0x000000008c600000| Complete 
| 199|0x000000008c700000, 0x000000008c800000, 0x000000008c800000|100%|HC|  |TAMS 0x000000008c800000, 0x000000008c700000| Complete 
| 200|0x000000008c800000, 0x000000008c900000, 0x000000008c900000|100%|HS|  |TAMS 0x000000008c900000, 0x000000008c800000| Complete 
| 201|0x000000008c900000, 0x000000008ca00000, 0x000000008ca00000|100%|HS|  |TAMS 0x000000008ca00000, 0x000000008c900000| Complete 
| 202|0x000000008ca00000, 0x000000008cb00000, 0x000000008cb00000|100%| O|  |TAMS 0x000000008cb00000, 0x000000008ca00000| Untracked 
| 203|0x000000008cb00000, 0x000000008cc00000, 0x000000008cc00000|100%| O|  |TAMS 0x000000008cc00000, 0x000000008cb00000| Untracked 
| 204|0x000000008cc00000, 0x000000008cd00000, 0x000000008cd00000|100%| O|  |TAMS 0x000000008cd00000, 0x000000008cc00000| Complete 
| 205|0x000000008cd00000, 0x000000008ce00000, 0x000000008ce00000|100%| O|  |TAMS 0x000000008ce00000, 0x000000008cd00000| Untracked 
| 206|0x000000008ce00000, 0x000000008cf00000, 0x000000008cf00000|100%| O|  |TAMS 0x000000008cf00000, 0x000000008ce00000| Untracked 
| 207|0x000000008cf00000, 0x000000008d000000, 0x000000008d000000|100%| O|  |TAMS 0x000000008d000000, 0x000000008cf00000| Untracked 
| 208|0x000000008d000000, 0x000000008d100000, 0x000000008d100000|100%| O|  |TAMS 0x000000008d100000, 0x000000008d000000| Complete 
| 209|0x000000008d100000, 0x000000008d200000, 0x000000008d200000|100%| O|  |TAMS 0x000000008d200000, 0x000000008d100000| Untracked 
| 210|0x000000008d200000, 0x000000008d300000, 0x000000008d300000|100%| O|  |TAMS 0x000000008d300000, 0x000000008d200000| Untracked 
| 211|0x000000008d300000, 0x000000008d400000, 0x000000008d400000|100%| O|  |TAMS 0x000000008d400000, 0x000000008d300000| Untracked 
| 212|0x000000008d400000, 0x000000008d500000, 0x000000008d500000|100%| O|  |TAMS 0x000000008d500000, 0x000000008d400000| Untracked 
| 213|0x000000008d500000, 0x000000008d600000, 0x000000008d600000|100%| O|  |TAMS 0x000000008d600000, 0x000000008d500000| Untracked 
| 214|0x000000008d600000, 0x000000008d700000, 0x000000008d700000|100%| O|  |TAMS 0x000000008d700000, 0x000000008d600000| Complete 
| 215|0x000000008d700000, 0x000000008d800000, 0x000000008d800000|100%| O|  |TAMS 0x000000008d800000, 0x000000008d700000| Untracked 
| 216|0x000000008d800000, 0x000000008d900000, 0x000000008d900000|100%| O|  |TAMS 0x000000008d900000, 0x000000008d800000| Untracked 
| 217|0x000000008d900000, 0x000000008da00000, 0x000000008da00000|100%| O|  |TAMS 0x000000008da00000, 0x000000008d900000| Untracked 
| 218|0x000000008da00000, 0x000000008db00000, 0x000000008db00000|100%| O|  |TAMS 0x000000008db00000, 0x000000008da00000| Untracked 
| 219|0x000000008db00000, 0x000000008dc00000, 0x000000008dc00000|100%| O|  |TAMS 0x000000008dc00000, 0x000000008db00000| Untracked 
| 220|0x000000008dc00000, 0x000000008dd00000, 0x000000008dd00000|100%| O|  |TAMS 0x000000008dd00000, 0x000000008dc00000| Untracked 
| 221|0x000000008dd00000, 0x000000008de00000, 0x000000008de00000|100%| O|  |TAMS 0x000000008de00000, 0x000000008dd00000| Untracked 
| 222|0x000000008de00000, 0x000000008df00000, 0x000000008df00000|100%| O|  |TAMS 0x000000008df00000, 0x000000008de00000| Untracked 
| 223|0x000000008df00000, 0x000000008e000000, 0x000000008e000000|100%| O|  |TAMS 0x000000008e000000, 0x000000008df00000| Untracked 
| 224|0x000000008e000000, 0x000000008e100000, 0x000000008e100000|100%| O|  |TAMS 0x000000008e100000, 0x000000008e000000| Untracked 
| 225|0x000000008e100000, 0x000000008e200000, 0x000000008e200000|100%| O|  |TAMS 0x000000008e200000, 0x000000008e100000| Untracked 
| 226|0x000000008e200000, 0x000000008e300000, 0x000000008e300000|100%| O|  |TAMS 0x000000008e300000, 0x000000008e200000| Untracked 
| 227|0x000000008e300000, 0x000000008e400000, 0x000000008e400000|100%| O|  |TAMS 0x000000008e400000, 0x000000008e300000| Untracked 
| 228|0x000000008e400000, 0x000000008e500000, 0x000000008e500000|100%| O|  |TAMS 0x000000008e500000, 0x000000008e400000| Untracked 
| 229|0x000000008e500000, 0x000000008e600000, 0x000000008e600000|100%| O|  |TAMS 0x000000008e600000, 0x000000008e500000| Untracked 
| 230|0x000000008e600000, 0x000000008e700000, 0x000000008e700000|100%| O|  |TAMS 0x000000008e700000, 0x000000008e600000| Untracked 
| 231|0x000000008e700000, 0x000000008e800000, 0x000000008e800000|100%| O|  |TAMS 0x000000008e800000, 0x000000008e700000| Untracked 
| 232|0x000000008e800000, 0x000000008e900000, 0x000000008e900000|100%| O|  |TAMS 0x000000008e900000, 0x000000008e800000| Untracked 
| 233|0x000000008e900000, 0x000000008ea00000, 0x000000008ea00000|100%| O|  |TAMS 0x000000008ea00000, 0x000000008e900000| Untracked 
| 234|0x000000008ea00000, 0x000000008eb00000, 0x000000008eb00000|100%| O|  |TAMS 0x000000008eb00000, 0x000000008ea00000| Untracked 
| 235|0x000000008eb00000, 0x000000008ec00000, 0x000000008ec00000|100%| O|  |TAMS 0x000000008ec00000, 0x000000008eb00000| Untracked 
| 236|0x000000008ec00000, 0x000000008ed00000, 0x000000008ed00000|100%| O|  |TAMS 0x000000008ed00000, 0x000000008ec00000| Untracked 
| 237|0x000000008ed00000, 0x000000008ee00000, 0x000000008ee00000|100%| O|  |TAMS 0x000000008ee00000, 0x000000008ed00000| Untracked 
| 238|0x000000008ee00000, 0x000000008ef00000, 0x000000008ef00000|100%| O|  |TAMS 0x000000008ef00000, 0x000000008ee00000| Untracked 
| 239|0x000000008ef00000, 0x000000008f000000, 0x000000008f000000|100%| O|  |TAMS 0x000000008f000000, 0x000000008ef00000| Untracked 
| 240|0x000000008f000000, 0x000000008f100000, 0x000000008f100000|100%| O|  |TAMS 0x000000008f100000, 0x000000008f000000| Untracked 
| 241|0x000000008f100000, 0x000000008f200000, 0x000000008f200000|100%| O|  |TAMS 0x000000008f200000, 0x000000008f100000| Untracked 
| 242|0x000000008f200000, 0x000000008f300000, 0x000000008f300000|100%| O|  |TAMS 0x000000008f300000, 0x000000008f200000| Untracked 
| 243|0x000000008f300000, 0x000000008f400000, 0x000000008f400000|100%| O|  |TAMS 0x000000008f400000, 0x000000008f300000| Untracked 
| 244|0x000000008f400000, 0x000000008f500000, 0x000000008f500000|100%| O|  |TAMS 0x000000008f500000, 0x000000008f400000| Untracked 
| 245|0x000000008f500000, 0x000000008f600000, 0x000000008f600000|100%| O|  |TAMS 0x000000008f600000, 0x000000008f500000| Untracked 
| 246|0x000000008f600000, 0x000000008f700000, 0x000000008f700000|100%| O|  |TAMS 0x000000008f700000, 0x000000008f600000| Untracked 
| 247|0x000000008f700000, 0x000000008f800000, 0x000000008f800000|100%| O|  |TAMS 0x000000008f800000, 0x000000008f700000| Untracked 
| 248|0x000000008f800000, 0x000000008f900000, 0x000000008f900000|100%| O|  |TAMS 0x000000008f900000, 0x000000008f800000| Untracked 
| 249|0x000000008f900000, 0x000000008fa00000, 0x000000008fa00000|100%| O|  |TAMS 0x000000008fa00000, 0x000000008f900000| Untracked 
| 250|0x000000008fa00000, 0x000000008fb00000, 0x000000008fb00000|100%| O|  |TAMS 0x000000008fb00000, 0x000000008fa00000| Untracked 
| 251|0x000000008fb00000, 0x000000008fc00000, 0x000000008fc00000|100%| O|  |TAMS 0x000000008fc00000, 0x000000008fb00000| Untracked 
| 252|0x000000008fc00000, 0x000000008fd00000, 0x000000008fd00000|100%| O|  |TAMS 0x000000008fd00000, 0x000000008fc00000| Untracked 
| 253|0x000000008fd00000, 0x000000008fe00000, 0x000000008fe00000|100%| O|  |TAMS 0x000000008fe00000, 0x000000008fd00000| Untracked 
| 254|0x000000008fe00000, 0x000000008ff00000, 0x000000008ff00000|100%| O|  |TAMS 0x000000008ff00000, 0x000000008fe00000| Untracked 
| 255|0x000000008ff00000, 0x0000000090000000, 0x0000000090000000|100%| O|  |TAMS 0x0000000090000000, 0x000000008ff00000| Untracked 
| 256|0x0000000090000000, 0x0000000090100000, 0x0000000090100000|100%| O|  |TAMS 0x0000000090100000, 0x0000000090000000| Untracked 
| 257|0x0000000090100000, 0x0000000090200000, 0x0000000090200000|100%| O|  |TAMS 0x0000000090200000, 0x0000000090100000| Untracked 
| 258|0x0000000090200000, 0x0000000090300000, 0x0000000090300000|100%| O|  |TAMS 0x0000000090300000, 0x0000000090200000| Untracked 
| 259|0x0000000090300000, 0x0000000090400000, 0x0000000090400000|100%| O|  |TAMS 0x0000000090400000, 0x0000000090300000| Complete 
| 260|0x0000000090400000, 0x0000000090500000, 0x0000000090500000|100%| O|  |TAMS 0x0000000090500000, 0x0000000090400000| Untracked 
| 261|0x0000000090500000, 0x0000000090600000, 0x0000000090600000|100%| O|  |TAMS 0x0000000090600000, 0x0000000090500000| Untracked 
| 262|0x0000000090600000, 0x0000000090700000, 0x0000000090700000|100%| O|  |TAMS 0x0000000090700000, 0x0000000090600000| Untracked 
| 263|0x0000000090700000, 0x0000000090800000, 0x0000000090800000|100%| O|  |TAMS 0x0000000090800000, 0x0000000090700000| Untracked 
| 264|0x0000000090800000, 0x0000000090900000, 0x0000000090900000|100%| O|  |TAMS 0x0000000090900000, 0x0000000090800000| Untracked 
| 265|0x0000000090900000, 0x0000000090a00000, 0x0000000090a00000|100%| O|  |TAMS 0x0000000090a00000, 0x0000000090900000| Untracked 
| 266|0x0000000090a00000, 0x0000000090b00000, 0x0000000090b00000|100%| O|  |TAMS 0x0000000090b00000, 0x0000000090a00000| Untracked 
| 267|0x0000000090b00000, 0x0000000090c00000, 0x0000000090c00000|100%| O|  |TAMS 0x0000000090c00000, 0x0000000090b00000| Complete 
| 268|0x0000000090c00000, 0x0000000090d00000, 0x0000000090d00000|100%| O|  |TAMS 0x0000000090d00000, 0x0000000090c00000| Complete 
| 269|0x0000000090d00000, 0x0000000090e00000, 0x0000000090e00000|100%| O|  |TAMS 0x0000000090e00000, 0x0000000090d00000| Untracked 
| 270|0x0000000090e00000, 0x0000000090f00000, 0x0000000090f00000|100%| O|  |TAMS 0x0000000090f00000, 0x0000000090e00000| Untracked 
| 271|0x0000000090f00000, 0x0000000091000000, 0x0000000091000000|100%| O|  |TAMS 0x0000000091000000, 0x0000000090f00000| Untracked 
| 272|0x0000000091000000, 0x0000000091100000, 0x0000000091100000|100%|HS|  |TAMS 0x0000000091000000, 0x0000000091000000| Complete 
| 273|0x0000000091100000, 0x0000000091200000, 0x0000000091200000|100%| O|  |TAMS 0x0000000091200000, 0x0000000091100000| Complete 
| 274|0x0000000091200000, 0x0000000091300000, 0x0000000091300000|100%| O|  |TAMS 0x0000000091300000, 0x0000000091200000| Untracked 
| 275|0x0000000091300000, 0x0000000091400000, 0x0000000091400000|100%| O|  |TAMS 0x0000000091400000, 0x0000000091300000| Untracked 
| 276|0x0000000091400000, 0x0000000091500000, 0x0000000091500000|100%| O|  |TAMS 0x0000000091500000, 0x0000000091400000| Untracked 
| 277|0x0000000091500000, 0x0000000091600000, 0x0000000091600000|100%| O|  |TAMS 0x0000000091600000, 0x0000000091500000| Untracked 
| 278|0x0000000091600000, 0x0000000091700000, 0x0000000091700000|100%| O|  |TAMS 0x0000000091700000, 0x0000000091600000| Untracked 
| 279|0x0000000091700000, 0x0000000091800000, 0x0000000091800000|100%| O|  |TAMS 0x0000000091800000, 0x0000000091700000| Untracked 
| 280|0x0000000091800000, 0x0000000091900000, 0x0000000091900000|100%| O|  |TAMS 0x0000000091900000, 0x0000000091800000| Untracked 
| 281|0x0000000091900000, 0x0000000091a00000, 0x0000000091a00000|100%| O|  |TAMS 0x0000000091a00000, 0x0000000091900000| Untracked 
| 282|0x0000000091a00000, 0x0000000091a78800, 0x0000000091b00000| 47%| O|  |TAMS 0x0000000091a78800, 0x0000000091a00000| Untracked 
| 283|0x0000000091b00000, 0x0000000091c00000, 0x0000000091c00000|100%| O|  |TAMS 0x0000000091c00000, 0x0000000091b00000| Untracked 
| 284|0x0000000091c00000, 0x0000000091d00000, 0x0000000091d00000|100%| O|  |TAMS 0x0000000091d00000, 0x0000000091c00000| Untracked 
| 285|0x0000000091d00000, 0x0000000091e00000, 0x0000000091e00000|100%|HS|  |TAMS 0x0000000091d00000, 0x0000000091d00000| Complete 
| 286|0x0000000091e00000, 0x0000000091f00000, 0x0000000091f00000|100%|HC|  |TAMS 0x0000000091e00000, 0x0000000091e00000| Complete 
| 287|0x0000000091f00000, 0x0000000092000000, 0x0000000092000000|100%| O|  |TAMS 0x0000000092000000, 0x0000000091f00000| Complete 
| 288|0x0000000092000000, 0x0000000092100000, 0x0000000092100000|100%| O|  |TAMS 0x0000000092100000, 0x0000000092000000| Untracked 
| 289|0x0000000092100000, 0x0000000092200000, 0x0000000092200000|100%| O|  |TAMS 0x0000000092200000, 0x0000000092100000| Untracked 
| 290|0x0000000092200000, 0x0000000092300000, 0x0000000092300000|100%|HS|  |TAMS 0x0000000092200000, 0x0000000092200000| Complete 
| 291|0x0000000092300000, 0x0000000092400000, 0x0000000092400000|100%| O|  |TAMS 0x0000000092400000, 0x0000000092300000| Complete 
| 292|0x0000000092400000, 0x0000000092500000, 0x0000000092500000|100%| O|  |TAMS 0x0000000092500000, 0x0000000092400000| Untracked 
| 293|0x0000000092500000, 0x0000000092600000, 0x0000000092600000|100%|HS|  |TAMS 0x0000000092500000, 0x0000000092500000| Complete 
| 294|0x0000000092600000, 0x0000000092700000, 0x0000000092700000|100%|HC|  |TAMS 0x0000000092600000, 0x0000000092600000| Complete 
| 295|0x0000000092700000, 0x0000000092800000, 0x0000000092800000|100%|HC|  |TAMS 0x0000000092700000, 0x0000000092700000| Complete 
| 296|0x0000000092800000, 0x0000000092900000, 0x0000000092900000|100%| O|  |TAMS 0x0000000092900000, 0x0000000092800000| Untracked 
| 297|0x0000000092900000, 0x0000000092a00000, 0x0000000092a00000|100%|HS|  |TAMS 0x0000000092900000, 0x0000000092900000| Complete 
| 298|0x0000000092a00000, 0x0000000092b00000, 0x0000000092b00000|100%|HC|  |TAMS 0x0000000092a00000, 0x0000000092a00000| Complete 
| 299|0x0000000092b00000, 0x0000000092c00000, 0x0000000092c00000|100%|HC|  |TAMS 0x0000000092b00000, 0x0000000092b00000| Complete 
| 300|0x0000000092c00000, 0x0000000092d00000, 0x0000000092d00000|100%| O|  |TAMS 0x0000000092d00000, 0x0000000092c00000| Untracked 
| 301|0x0000000092d00000, 0x0000000092e00000, 0x0000000092e00000|100%|HS|  |TAMS 0x0000000092d00000, 0x0000000092d00000| Complete 
| 302|0x0000000092e00000, 0x0000000092f00000, 0x0000000092f00000|100%|HC|  |TAMS 0x0000000092e00000, 0x0000000092e00000| Complete 
| 303|0x0000000092f00000, 0x0000000093000000, 0x0000000093000000|100%|HS|  |TAMS 0x0000000092f00000, 0x0000000092f00000| Complete 
| 304|0x0000000093000000, 0x0000000093100000, 0x0000000093100000|100%|HC|  |TAMS 0x0000000093000000, 0x0000000093000000| Complete 
| 305|0x0000000093100000, 0x0000000093200000, 0x0000000093200000|100%| O|  |TAMS 0x0000000093200000, 0x0000000093100000| Untracked 
| 306|0x0000000093200000, 0x0000000093300000, 0x0000000093300000|100%| O|  |TAMS 0x0000000093300000, 0x0000000093200000| Untracked 
| 307|0x0000000093300000, 0x0000000093400000, 0x0000000093400000|100%| O|  |TAMS 0x0000000093400000, 0x0000000093300000| Untracked 
| 308|0x0000000093400000, 0x0000000093500000, 0x0000000093500000|100%| O|  |TAMS 0x0000000093500000, 0x0000000093400000| Untracked 
| 309|0x0000000093500000, 0x0000000093600000, 0x0000000093600000|100%| O|  |TAMS 0x0000000093600000, 0x0000000093500000| Untracked 
| 310|0x0000000093600000, 0x0000000093700000, 0x0000000093700000|100%| O|  |TAMS 0x0000000093700000, 0x0000000093600000| Untracked 
| 311|0x0000000093700000, 0x0000000093800000, 0x0000000093800000|100%|HS|  |TAMS 0x0000000093700000, 0x0000000093700000| Complete 
| 312|0x0000000093800000, 0x0000000093900000, 0x0000000093900000|100%|HC|  |TAMS 0x0000000093800000, 0x0000000093800000| Complete 
| 313|0x0000000093900000, 0x0000000093a00000, 0x0000000093a00000|100%|HC|  |TAMS 0x0000000093900000, 0x0000000093900000| Complete 
| 314|0x0000000093a00000, 0x0000000093b00000, 0x0000000093b00000|100%| O|  |TAMS 0x0000000093b00000, 0x0000000093a00000| Untracked 
| 315|0x0000000093b00000, 0x0000000093c00000, 0x0000000093c00000|100%| O|  |TAMS 0x0000000093c00000, 0x0000000093b00000| Untracked 
| 316|0x0000000093c00000, 0x0000000093d00000, 0x0000000093d00000|100%| O|  |TAMS 0x0000000093d00000, 0x0000000093c00000| Untracked 
| 317|0x0000000093d00000, 0x0000000093e00000, 0x0000000093e00000|100%|HS|  |TAMS 0x0000000093d00000, 0x0000000093d00000| Complete 
| 318|0x0000000093e00000, 0x0000000093f00000, 0x0000000093f00000|100%| O|  |TAMS 0x0000000093f00000, 0x0000000093e00000| Untracked 
| 319|0x0000000093f00000, 0x0000000094000000, 0x0000000094000000|100%| O|  |TAMS 0x0000000094000000, 0x0000000093f00000| Complete 
| 320|0x0000000094000000, 0x0000000094100000, 0x0000000094100000|100%|HS|  |TAMS 0x0000000094000000, 0x0000000094000000| Complete 
| 321|0x0000000094100000, 0x0000000094200000, 0x0000000094200000|100%| O|  |TAMS 0x0000000094200000, 0x0000000094100000| Untracked 
| 322|0x0000000094200000, 0x0000000094300000, 0x0000000094300000|100%| O|  |TAMS 0x0000000094300000, 0x0000000094200000| Untracked 
| 323|0x0000000094300000, 0x0000000094400000, 0x0000000094400000|100%|HS|  |TAMS 0x0000000094300000, 0x0000000094300000| Complete 
| 324|0x0000000094400000, 0x0000000094500000, 0x0000000094500000|100%| O|  |TAMS 0x0000000094500000, 0x0000000094400000| Untracked 
| 325|0x0000000094500000, 0x0000000094600000, 0x0000000094600000|100%|HS|  |TAMS 0x0000000094500000, 0x0000000094500000| Complete 
| 326|0x0000000094600000, 0x0000000094700000, 0x0000000094700000|100%| O|  |TAMS 0x0000000094700000, 0x0000000094600000| Untracked 
| 327|0x0000000094700000, 0x0000000094800000, 0x0000000094800000|100%|HS|  |TAMS 0x0000000094700000, 0x0000000094700000| Complete 
| 328|0x0000000094800000, 0x0000000094900000, 0x0000000094900000|100%|HS|  |TAMS 0x0000000094800000, 0x0000000094800000| Complete 
| 329|0x0000000094900000, 0x0000000094a00000, 0x0000000094a00000|100%|HS|  |TAMS 0x0000000094900000, 0x0000000094900000| Complete 
| 330|0x0000000094a00000, 0x0000000094b00000, 0x0000000094b00000|100%| O|  |TAMS 0x0000000094b00000, 0x0000000094a00000| Untracked 
| 331|0x0000000094b00000, 0x0000000094c00000, 0x0000000094c00000|100%|HS|  |TAMS 0x0000000094b00000, 0x0000000094b00000| Complete 
| 332|0x0000000094c00000, 0x0000000094d00000, 0x0000000094d00000|100%| O|  |TAMS 0x0000000094d00000, 0x0000000094c00000| Untracked 
| 333|0x0000000094d00000, 0x0000000094e00000, 0x0000000094e00000|100%| O|  |TAMS 0x0000000094e00000, 0x0000000094d00000| Untracked 
| 334|0x0000000094e00000, 0x0000000094f00000, 0x0000000094f00000|100%| O|  |TAMS 0x0000000094f00000, 0x0000000094e00000| Untracked 
| 335|0x0000000094f00000, 0x0000000095000000, 0x0000000095000000|100%|HS|  |TAMS 0x0000000094f00000, 0x0000000094f00000| Complete 
| 336|0x0000000095000000, 0x0000000095100000, 0x0000000095100000|100%| O|  |TAMS 0x0000000095100000, 0x0000000095000000| Untracked 
| 337|0x0000000095100000, 0x0000000095200000, 0x0000000095200000|100%|HS|  |TAMS 0x0000000095100000, 0x0000000095100000| Complete 
| 338|0x0000000095200000, 0x0000000095300000, 0x0000000095300000|100%|HC|  |TAMS 0x0000000095200000, 0x0000000095200000| Complete 
| 339|0x0000000095300000, 0x0000000095400000, 0x0000000095400000|100%|HC|  |TAMS 0x0000000095300000, 0x0000000095300000| Complete 
| 340|0x0000000095400000, 0x0000000095500000, 0x0000000095500000|100%|HS|  |TAMS 0x0000000095400000, 0x0000000095400000| Complete 
| 341|0x0000000095500000, 0x0000000095600000, 0x0000000095600000|100%| O|  |TAMS 0x0000000095600000, 0x0000000095500000| Untracked 
| 342|0x0000000095600000, 0x0000000095700000, 0x0000000095700000|100%| O|  |TAMS 0x0000000095700000, 0x0000000095600000| Untracked 
| 343|0x0000000095700000, 0x0000000095800000, 0x0000000095800000|100%| O|  |TAMS 0x0000000095800000, 0x0000000095700000| Untracked 
| 344|0x0000000095800000, 0x0000000095900000, 0x0000000095900000|100%| O|  |TAMS 0x0000000095900000, 0x0000000095800000| Untracked 
| 345|0x0000000095900000, 0x0000000095a00000, 0x0000000095a00000|100%|HS|  |TAMS 0x0000000095900000, 0x0000000095900000| Complete 
| 346|0x0000000095a00000, 0x0000000095b00000, 0x0000000095b00000|100%|HS|  |TAMS 0x0000000095a00000, 0x0000000095a00000| Complete 
| 347|0x0000000095b00000, 0x0000000095c00000, 0x0000000095c00000|100%| O|  |TAMS 0x0000000095c00000, 0x0000000095b00000| Untracked 
| 348|0x0000000095c00000, 0x0000000095d00000, 0x0000000095d00000|100%|HS|  |TAMS 0x0000000095c00000, 0x0000000095c00000| Complete 
| 349|0x0000000095d00000, 0x0000000095e00000, 0x0000000095e00000|100%|HC|  |TAMS 0x0000000095d00000, 0x0000000095d00000| Complete 
| 350|0x0000000095e00000, 0x0000000095f00000, 0x0000000095f00000|100%|HC|  |TAMS 0x0000000095e00000, 0x0000000095e00000| Complete 
| 351|0x0000000095f00000, 0x0000000096000000, 0x0000000096000000|100%|HC|  |TAMS 0x0000000095f00000, 0x0000000095f00000| Complete 
| 352|0x0000000096000000, 0x0000000096100000, 0x0000000096100000|100%| O|  |TAMS 0x0000000096100000, 0x0000000096000000| Untracked 
| 353|0x0000000096100000, 0x0000000096200000, 0x0000000096200000|100%| O|  |TAMS 0x0000000096200000, 0x0000000096100000| Untracked 
| 354|0x0000000096200000, 0x0000000096300000, 0x0000000096300000|100%| O|  |TAMS 0x0000000096300000, 0x0000000096200000| Untracked 
| 355|0x0000000096300000, 0x0000000096400000, 0x0000000096400000|100%| O|  |TAMS 0x0000000096400000, 0x0000000096300000| Untracked 
| 356|0x0000000096400000, 0x0000000096500000, 0x0000000096500000|100%| O|  |TAMS 0x0000000096500000, 0x0000000096400000| Untracked 
| 357|0x0000000096500000, 0x0000000096600000, 0x0000000096600000|100%| O|  |TAMS 0x0000000096600000, 0x0000000096500000| Untracked 
| 358|0x0000000096600000, 0x0000000096700000, 0x0000000096700000|100%| O|  |TAMS 0x0000000096700000, 0x0000000096600000| Untracked 
| 359|0x0000000096700000, 0x0000000096800000, 0x0000000096800000|100%| O|  |TAMS 0x0000000096800000, 0x0000000096700000| Untracked 
| 360|0x0000000096800000, 0x0000000096900000, 0x0000000096900000|100%| O|  |TAMS 0x0000000096900000, 0x0000000096800000| Untracked 
| 361|0x0000000096900000, 0x0000000096a00000, 0x0000000096a00000|100%| O|  |TAMS 0x0000000096a00000, 0x0000000096900000| Complete 
| 362|0x0000000096a00000, 0x0000000096b00000, 0x0000000096b00000|100%|HS|  |TAMS 0x0000000096a00000, 0x0000000096a00000| Complete 
| 363|0x0000000096b00000, 0x0000000096c00000, 0x0000000096c00000|100%| O|  |TAMS 0x0000000096c00000, 0x0000000096b00000| Untracked 
| 364|0x0000000096c00000, 0x0000000096d00000, 0x0000000096d00000|100%| O|  |TAMS 0x0000000096d00000, 0x0000000096c00000| Untracked 
| 365|0x0000000096d00000, 0x0000000096e00000, 0x0000000096e00000|100%|HS|  |TAMS 0x0000000096d00000, 0x0000000096d00000| Complete 
| 366|0x0000000096e00000, 0x0000000096f00000, 0x0000000096f00000|100%| O|  |TAMS 0x0000000096f00000, 0x0000000096e00000| Complete 
| 367|0x0000000096f00000, 0x0000000097000000, 0x0000000097000000|100%| O|  |TAMS 0x0000000097000000, 0x0000000096f00000| Untracked 
| 368|0x0000000097000000, 0x0000000097100000, 0x0000000097100000|100%| O|  |TAMS 0x0000000097100000, 0x0000000097000000| Untracked 
| 369|0x0000000097100000, 0x0000000097200000, 0x0000000097200000|100%| O|  |TAMS 0x0000000097200000, 0x0000000097100000| Untracked 
| 370|0x0000000097200000, 0x0000000097300000, 0x0000000097300000|100%| O|  |TAMS 0x0000000097300000, 0x0000000097200000| Untracked 
| 371|0x0000000097300000, 0x0000000097400000, 0x0000000097400000|100%| O|  |TAMS 0x0000000097400000, 0x0000000097300000| Untracked 
| 372|0x0000000097400000, 0x0000000097500000, 0x0000000097500000|100%| O|  |TAMS 0x0000000097500000, 0x0000000097400000| Complete 
| 373|0x0000000097500000, 0x0000000097600000, 0x0000000097600000|100%| O|  |TAMS 0x0000000097600000, 0x0000000097500000| Untracked 
| 374|0x0000000097600000, 0x0000000097700000, 0x0000000097700000|100%| O|  |TAMS 0x0000000097700000, 0x0000000097600000| Untracked 
| 375|0x0000000097700000, 0x0000000097800000, 0x0000000097800000|100%|HS|  |TAMS 0x0000000097700000, 0x0000000097700000| Complete 
| 376|0x0000000097800000, 0x0000000097900000, 0x0000000097900000|100%|HC|  |TAMS 0x0000000097800000, 0x0000000097800000| Complete 
| 377|0x0000000097900000, 0x0000000097a00000, 0x0000000097a00000|100%|HC|  |TAMS 0x0000000097900000, 0x0000000097900000| Complete 
| 378|0x0000000097a00000, 0x0000000097b00000, 0x0000000097b00000|100%|HC|  |TAMS 0x0000000097a00000, 0x0000000097a00000| Complete 
| 379|0x0000000097b00000, 0x0000000097c00000, 0x0000000097c00000|100%|HC|  |TAMS 0x0000000097b00000, 0x0000000097b00000| Complete 
| 380|0x0000000097c00000, 0x0000000097d00000, 0x0000000097d00000|100%|HS|  |TAMS 0x0000000097c00000, 0x0000000097c00000| Complete 
| 381|0x0000000097d00000, 0x0000000097e00000, 0x0000000097e00000|100%| O|  |TAMS 0x0000000097e00000, 0x0000000097d00000| Untracked 
| 382|0x0000000097e00000, 0x0000000097f00000, 0x0000000097f00000|100%| O|  |TAMS 0x0000000097f00000, 0x0000000097e00000| Untracked 
| 383|0x0000000097f00000, 0x0000000098000000, 0x0000000098000000|100%| O|  |TAMS 0x0000000098000000, 0x0000000097f00000| Untracked 
| 384|0x0000000098000000, 0x0000000098100000, 0x0000000098100000|100%| O|  |TAMS 0x0000000098100000, 0x0000000098000000| Untracked 
| 385|0x0000000098100000, 0x0000000098200000, 0x0000000098200000|100%| O|  |TAMS 0x0000000098200000, 0x0000000098100000| Untracked 
| 386|0x0000000098200000, 0x0000000098300000, 0x0000000098300000|100%| O|  |TAMS 0x0000000098300000, 0x0000000098200000| Untracked 
| 387|0x0000000098300000, 0x0000000098400000, 0x0000000098400000|100%| O|  |TAMS 0x0000000098400000, 0x0000000098300000| Untracked 
| 388|0x0000000098400000, 0x0000000098500000, 0x0000000098500000|100%| O|  |TAMS 0x0000000098500000, 0x0000000098400000| Untracked 
| 389|0x0000000098500000, 0x0000000098600000, 0x0000000098600000|100%|HS|  |TAMS 0x0000000098500000, 0x0000000098500000| Complete 
| 390|0x0000000098600000, 0x0000000098700000, 0x0000000098700000|100%|HC|  |TAMS 0x0000000098600000, 0x0000000098600000| Complete 
| 391|0x0000000098700000, 0x0000000098800000, 0x0000000098800000|100%| O|  |TAMS 0x0000000098800000, 0x0000000098700000| Untracked 
| 392|0x0000000098800000, 0x0000000098900000, 0x0000000098900000|100%|HS|  |TAMS 0x0000000098800000, 0x0000000098800000| Complete 
| 393|0x0000000098900000, 0x0000000098a00000, 0x0000000098a00000|100%| O|  |TAMS 0x0000000098a00000, 0x0000000098900000| Untracked 
| 394|0x0000000098a00000, 0x0000000098b00000, 0x0000000098b00000|100%| O|  |TAMS 0x0000000098b00000, 0x0000000098a00000| Untracked 
| 395|0x0000000098b00000, 0x0000000098c00000, 0x0000000098c00000|100%| O|  |TAMS 0x0000000098c00000, 0x0000000098b00000| Untracked 
| 396|0x0000000098c00000, 0x0000000098d00000, 0x0000000098d00000|100%| O|  |TAMS 0x0000000098d00000, 0x0000000098c00000| Complete 
| 397|0x0000000098d00000, 0x0000000098e00000, 0x0000000098e00000|100%|HS|  |TAMS 0x0000000098e00000, 0x0000000098d00000| Complete 
| 398|0x0000000098e00000, 0x0000000098f00000, 0x0000000098f00000|100%|HC|  |TAMS 0x0000000098f00000, 0x0000000098e00000| Complete 
| 399|0x0000000098f00000, 0x0000000099000000, 0x0000000099000000|100%|HC|  |TAMS 0x0000000099000000, 0x0000000098f00000| Complete 
| 400|0x0000000099000000, 0x0000000099100000, 0x0000000099100000|100%|HC|  |TAMS 0x0000000099100000, 0x0000000099000000| Complete 
| 401|0x0000000099100000, 0x0000000099200000, 0x0000000099200000|100%|HC|  |TAMS 0x0000000099200000, 0x0000000099100000| Complete 
| 402|0x0000000099200000, 0x0000000099300000, 0x0000000099300000|100%|HC|  |TAMS 0x0000000099300000, 0x0000000099200000| Complete 
| 403|0x0000000099300000, 0x0000000099400000, 0x0000000099400000|100%|HC|  |TAMS 0x0000000099400000, 0x0000000099300000| Complete 
| 404|0x0000000099400000, 0x0000000099500000, 0x0000000099500000|100%| O|  |TAMS 0x0000000099500000, 0x0000000099400000| Untracked 
| 405|0x0000000099500000, 0x0000000099600000, 0x0000000099600000|100%| O|  |TAMS 0x0000000099600000, 0x0000000099500000| Untracked 
| 406|0x0000000099600000, 0x0000000099700000, 0x0000000099700000|100%| O|  |TAMS 0x0000000099700000, 0x0000000099600000| Untracked 
| 407|0x0000000099700000, 0x0000000099800000, 0x0000000099800000|100%|HS|  |TAMS 0x0000000099700000, 0x0000000099700000| Complete 
| 408|0x0000000099800000, 0x0000000099900000, 0x0000000099900000|100%| O|  |TAMS 0x0000000099900000, 0x0000000099800000| Untracked 
| 409|0x0000000099900000, 0x0000000099a00000, 0x0000000099a00000|100%| O|  |TAMS 0x0000000099a00000, 0x0000000099900000| Complete 
| 410|0x0000000099a00000, 0x0000000099b00000, 0x0000000099b00000|100%| O|  |TAMS 0x0000000099b00000, 0x0000000099a00000| Untracked 
| 411|0x0000000099b00000, 0x0000000099c00000, 0x0000000099c00000|100%|HS|  |TAMS 0x0000000099b00000, 0x0000000099b00000| Complete 
| 412|0x0000000099c00000, 0x0000000099d00000, 0x0000000099d00000|100%|HC|  |TAMS 0x0000000099c00000, 0x0000000099c00000| Complete 
| 413|0x0000000099d00000, 0x0000000099e00000, 0x0000000099e00000|100%|HS|  |TAMS 0x0000000099d00000, 0x0000000099d00000| Complete 
| 414|0x0000000099e00000, 0x0000000099f00000, 0x0000000099f00000|100%| O|  |TAMS 0x0000000099f00000, 0x0000000099e00000| Complete 
| 415|0x0000000099f00000, 0x000000009a000000, 0x000000009a000000|100%| O|  |TAMS 0x000000009a000000, 0x0000000099f00000| Untracked 
| 416|0x000000009a000000, 0x000000009a100000, 0x000000009a100000|100%| O|  |TAMS 0x000000009a100000, 0x000000009a000000| Untracked 
| 417|0x000000009a100000, 0x000000009a200000, 0x000000009a200000|100%| O|  |TAMS 0x000000009a200000, 0x000000009a100000| Untracked 
| 418|0x000000009a200000, 0x000000009a300000, 0x000000009a300000|100%|HS|  |TAMS 0x000000009a200000, 0x000000009a200000| Complete 
| 419|0x000000009a300000, 0x000000009a400000, 0x000000009a400000|100%| O|  |TAMS 0x000000009a400000, 0x000000009a300000| Untracked 
| 420|0x000000009a400000, 0x000000009a500000, 0x000000009a500000|100%|HS|  |TAMS 0x000000009a400000, 0x000000009a400000| Complete 
| 421|0x000000009a500000, 0x000000009a600000, 0x000000009a600000|100%| O|  |TAMS 0x000000009a600000, 0x000000009a500000| Untracked 
| 422|0x000000009a600000, 0x000000009a700000, 0x000000009a700000|100%| O|  |TAMS 0x000000009a700000, 0x000000009a600000| Untracked 
| 423|0x000000009a700000, 0x000000009a800000, 0x000000009a800000|100%| O|  |TAMS 0x000000009a800000, 0x000000009a700000| Complete 
| 424|0x000000009a800000, 0x000000009a900000, 0x000000009a900000|100%| O|  |TAMS 0x000000009a900000, 0x000000009a800000| Untracked 
| 425|0x000000009a900000, 0x000000009aa00000, 0x000000009aa00000|100%|HS|  |TAMS 0x000000009a900000, 0x000000009a900000| Complete 
| 426|0x000000009aa00000, 0x000000009ab00000, 0x000000009ab00000|100%| O|  |TAMS 0x000000009ab00000, 0x000000009aa00000| Untracked 
| 427|0x000000009ab00000, 0x000000009ac00000, 0x000000009ac00000|100%|HS|  |TAMS 0x000000009ab00000, 0x000000009ab00000| Complete 
| 428|0x000000009ac00000, 0x000000009ad00000, 0x000000009ad00000|100%|HC|  |TAMS 0x000000009ac00000, 0x000000009ac00000| Complete 
| 429|0x000000009ad00000, 0x000000009ae00000, 0x000000009ae00000|100%|HC|  |TAMS 0x000000009ad00000, 0x000000009ad00000| Complete 
| 430|0x000000009ae00000, 0x000000009af00000, 0x000000009af00000|100%|HC|  |TAMS 0x000000009ae00000, 0x000000009ae00000| Complete 
| 431|0x000000009af00000, 0x000000009b000000, 0x000000009b000000|100%| O|  |TAMS 0x000000009b000000, 0x000000009af00000| Untracked 
| 432|0x000000009b000000, 0x000000009b100000, 0x000000009b100000|100%|HS|  |TAMS 0x000000009b000000, 0x000000009b000000| Complete 
| 433|0x000000009b100000, 0x000000009b200000, 0x000000009b200000|100%|HC|  |TAMS 0x000000009b100000, 0x000000009b100000| Complete 
| 434|0x000000009b200000, 0x000000009b300000, 0x000000009b300000|100%|HC|  |TAMS 0x000000009b200000, 0x000000009b200000| Complete 
| 435|0x000000009b300000, 0x000000009b400000, 0x000000009b400000|100%|HS|  |TAMS 0x000000009b300000, 0x000000009b300000| Complete 
| 436|0x000000009b400000, 0x000000009b500000, 0x000000009b500000|100%|HC|  |TAMS 0x000000009b400000, 0x000000009b400000| Complete 
| 437|0x000000009b500000, 0x000000009b600000, 0x000000009b600000|100%| O|  |TAMS 0x000000009b600000, 0x000000009b500000| Untracked 
| 438|0x000000009b600000, 0x000000009b700000, 0x000000009b700000|100%| O|  |TAMS 0x000000009b700000, 0x000000009b600000| Untracked 
| 439|0x000000009b700000, 0x000000009b800000, 0x000000009b800000|100%| O|  |TAMS 0x000000009b800000, 0x000000009b700000| Untracked 
| 440|0x000000009b800000, 0x000000009b900000, 0x000000009b900000|100%| O|  |TAMS 0x000000009b900000, 0x000000009b800000| Untracked 
| 441|0x000000009b900000, 0x000000009ba00000, 0x000000009ba00000|100%| O|  |TAMS 0x000000009ba00000, 0x000000009b900000| Untracked 
| 442|0x000000009ba00000, 0x000000009bb00000, 0x000000009bb00000|100%|HS|  |TAMS 0x000000009ba00000, 0x000000009ba00000| Complete 
| 443|0x000000009bb00000, 0x000000009bc00000, 0x000000009bc00000|100%| O|  |TAMS 0x000000009bc00000, 0x000000009bb00000| Untracked 
| 444|0x000000009bc00000, 0x000000009bd00000, 0x000000009bd00000|100%|HS|  |TAMS 0x000000009bc00000, 0x000000009bc00000| Complete 
| 445|0x000000009bd00000, 0x000000009be00000, 0x000000009be00000|100%|HC|  |TAMS 0x000000009bd00000, 0x000000009bd00000| Complete 
| 446|0x000000009be00000, 0x000000009bf00000, 0x000000009bf00000|100%| O|  |TAMS 0x000000009bf00000, 0x000000009be00000| Untracked 
| 447|0x000000009bf00000, 0x000000009c000000, 0x000000009c000000|100%| O|  |TAMS 0x000000009c000000, 0x000000009bf00000| Untracked 
| 448|0x000000009c000000, 0x000000009c100000, 0x000000009c100000|100%|HS|  |TAMS 0x000000009c000000, 0x000000009c000000| Complete 
| 449|0x000000009c100000, 0x000000009c200000, 0x000000009c200000|100%|HS|  |TAMS 0x000000009c100000, 0x000000009c100000| Complete 
| 450|0x000000009c200000, 0x000000009c300000, 0x000000009c300000|100%| O|  |TAMS 0x000000009c300000, 0x000000009c200000| Untracked 
| 451|0x000000009c300000, 0x000000009c400000, 0x000000009c400000|100%| O|  |TAMS 0x000000009c400000, 0x000000009c300000| Untracked 
| 452|0x000000009c400000, 0x000000009c500000, 0x000000009c500000|100%| O|  |TAMS 0x000000009c500000, 0x000000009c400000| Untracked 
| 453|0x000000009c500000, 0x000000009c600000, 0x000000009c600000|100%|HS|  |TAMS 0x000000009c500000, 0x000000009c500000| Complete 
| 454|0x000000009c600000, 0x000000009c700000, 0x000000009c700000|100%|HC|  |TAMS 0x000000009c600000, 0x000000009c600000| Complete 
| 455|0x000000009c700000, 0x000000009c800000, 0x000000009c800000|100%|HC|  |TAMS 0x000000009c700000, 0x000000009c700000| Complete 
| 456|0x000000009c800000, 0x000000009c900000, 0x000000009c900000|100%|HS|  |TAMS 0x000000009c800000, 0x000000009c800000| Complete 
| 457|0x000000009c900000, 0x000000009ca00000, 0x000000009ca00000|100%| O|  |TAMS 0x000000009ca00000, 0x000000009c900000| Untracked 
| 458|0x000000009ca00000, 0x000000009cb00000, 0x000000009cb00000|100%|HS|  |TAMS 0x000000009ca00000, 0x000000009ca00000| Complete 
| 459|0x000000009cb00000, 0x000000009cc00000, 0x000000009cc00000|100%|HC|  |TAMS 0x000000009cb00000, 0x000000009cb00000| Complete 
| 460|0x000000009cc00000, 0x000000009cd00000, 0x000000009cd00000|100%|HC|  |TAMS 0x000000009cc00000, 0x000000009cc00000| Complete 
| 461|0x000000009cd00000, 0x000000009ce00000, 0x000000009ce00000|100%|HC|  |TAMS 0x000000009cd00000, 0x000000009cd00000| Complete 
| 462|0x000000009ce00000, 0x000000009cf00000, 0x000000009cf00000|100%| O|  |TAMS 0x000000009cf00000, 0x000000009ce00000| Untracked 
| 463|0x000000009cf00000, 0x000000009d000000, 0x000000009d000000|100%|HS|  |TAMS 0x000000009cf00000, 0x000000009cf00000| Complete 
| 464|0x000000009d000000, 0x000000009d100000, 0x000000009d100000|100%| O|  |TAMS 0x000000009d100000, 0x000000009d000000| Untracked 
| 465|0x000000009d100000, 0x000000009d200000, 0x000000009d200000|100%|HS|  |TAMS 0x000000009d100000, 0x000000009d100000| Complete 
| 466|0x000000009d200000, 0x000000009d300000, 0x000000009d300000|100%|HC|  |TAMS 0x000000009d200000, 0x000000009d200000| Complete 
| 467|0x000000009d300000, 0x000000009d400000, 0x000000009d400000|100%| O|  |TAMS 0x000000009d400000, 0x000000009d300000| Untracked 
| 468|0x000000009d400000, 0x000000009d500000, 0x000000009d500000|100%|HS|  |TAMS 0x000000009d400000, 0x000000009d400000| Complete 
| 469|0x000000009d500000, 0x000000009d600000, 0x000000009d600000|100%|HC|  |TAMS 0x000000009d500000, 0x000000009d500000| Complete 
| 470|0x000000009d600000, 0x000000009d700000, 0x000000009d700000|100%|HC|  |TAMS 0x000000009d600000, 0x000000009d600000| Complete 
| 471|0x000000009d700000, 0x000000009d800000, 0x000000009d800000|100%| O|  |TAMS 0x000000009d800000, 0x000000009d700000| Untracked 
| 472|0x000000009d800000, 0x000000009d900000, 0x000000009d900000|100%| O|  |TAMS 0x000000009d900000, 0x000000009d800000| Untracked 
| 473|0x000000009d900000, 0x000000009da00000, 0x000000009da00000|100%| O|  |TAMS 0x000000009da00000, 0x000000009d900000| Untracked 
| 474|0x000000009da00000, 0x000000009db00000, 0x000000009db00000|100%| O|  |TAMS 0x000000009db00000, 0x000000009da00000| Untracked 
| 475|0x000000009db00000, 0x000000009dc00000, 0x000000009dc00000|100%| O|  |TAMS 0x000000009dc00000, 0x000000009db00000| Untracked 
| 476|0x000000009dc00000, 0x000000009dd00000, 0x000000009dd00000|100%| O|  |TAMS 0x000000009dd00000, 0x000000009dc00000| Untracked 
| 477|0x000000009dd00000, 0x000000009de00000, 0x000000009de00000|100%| O|  |TAMS 0x000000009de00000, 0x000000009dd00000| Untracked 
| 478|0x000000009de00000, 0x000000009df00000, 0x000000009df00000|100%| O|  |TAMS 0x000000009df00000, 0x000000009de00000| Untracked 
| 479|0x000000009df00000, 0x000000009e000000, 0x000000009e000000|100%|HS|  |TAMS 0x000000009df00000, 0x000000009df00000| Complete 
| 480|0x000000009e000000, 0x000000009e100000, 0x000000009e100000|100%|HC|  |TAMS 0x000000009e000000, 0x000000009e000000| Complete 
| 481|0x000000009e100000, 0x000000009e200000, 0x000000009e200000|100%| O|  |TAMS 0x000000009e200000, 0x000000009e100000| Untracked 
| 482|0x000000009e200000, 0x000000009e300000, 0x000000009e300000|100%|HS|  |TAMS 0x000000009e200000, 0x000000009e200000| Complete 
| 483|0x000000009e300000, 0x000000009e400000, 0x000000009e400000|100%| O|  |TAMS 0x000000009e400000, 0x000000009e300000| Untracked 
| 484|0x000000009e400000, 0x000000009e500000, 0x000000009e500000|100%| O|  |TAMS 0x000000009e500000, 0x000000009e400000| Untracked 
| 485|0x000000009e500000, 0x000000009e600000, 0x000000009e600000|100%|HS|  |TAMS 0x000000009e500000, 0x000000009e500000| Complete 
| 486|0x000000009e600000, 0x000000009e700000, 0x000000009e700000|100%| O|  |TAMS 0x000000009e700000, 0x000000009e600000| Untracked 
| 487|0x000000009e700000, 0x000000009e800000, 0x000000009e800000|100%| O|  |TAMS 0x000000009e800000, 0x000000009e700000| Untracked 
| 488|0x000000009e800000, 0x000000009e900000, 0x000000009e900000|100%| O|  |TAMS 0x000000009e900000, 0x000000009e800000| Untracked 
| 489|0x000000009e900000, 0x000000009ea00000, 0x000000009ea00000|100%|HS|  |TAMS 0x000000009e900000, 0x000000009e900000| Complete 
| 490|0x000000009ea00000, 0x000000009eb00000, 0x000000009eb00000|100%|HC|  |TAMS 0x000000009ea00000, 0x000000009ea00000| Complete 
| 491|0x000000009eb00000, 0x000000009ec00000, 0x000000009ec00000|100%|HC|  |TAMS 0x000000009eb00000, 0x000000009eb00000| Complete 
| 492|0x000000009ec00000, 0x000000009ed00000, 0x000000009ed00000|100%|HC|  |TAMS 0x000000009ec00000, 0x000000009ec00000| Complete 
| 493|0x000000009ed00000, 0x000000009ee00000, 0x000000009ee00000|100%|HC|  |TAMS 0x000000009ed00000, 0x000000009ed00000| Complete 
| 494|0x000000009ee00000, 0x000000009ef00000, 0x000000009ef00000|100%|HC|  |TAMS 0x000000009ee00000, 0x000000009ee00000| Complete 
| 495|0x000000009ef00000, 0x000000009f000000, 0x000000009f000000|100%|HC|  |TAMS 0x000000009ef00000, 0x000000009ef00000| Complete 
| 496|0x000000009f000000, 0x000000009f100000, 0x000000009f100000|100%|HC|  |TAMS 0x000000009f000000, 0x000000009f000000| Complete 
| 497|0x000000009f100000, 0x000000009f200000, 0x000000009f200000|100%|HC|  |TAMS 0x000000009f100000, 0x000000009f100000| Complete 
| 498|0x000000009f200000, 0x000000009f300000, 0x000000009f300000|100%|HC|  |TAMS 0x000000009f200000, 0x000000009f200000| Complete 
| 499|0x000000009f300000, 0x000000009f400000, 0x000000009f400000|100%|HS|  |TAMS 0x000000009f300000, 0x000000009f300000| Complete 
| 500|0x000000009f400000, 0x000000009f500000, 0x000000009f500000|100%|HC|  |TAMS 0x000000009f400000, 0x000000009f400000| Complete 
| 501|0x000000009f500000, 0x000000009f600000, 0x000000009f600000|100%|HC|  |TAMS 0x000000009f500000, 0x000000009f500000| Complete 
| 502|0x000000009f600000, 0x000000009f700000, 0x000000009f700000|100%|HC|  |TAMS 0x000000009f600000, 0x000000009f600000| Complete 
| 503|0x000000009f700000, 0x000000009f800000, 0x000000009f800000|100%|HC|  |TAMS 0x000000009f700000, 0x000000009f700000| Complete 
| 504|0x000000009f800000, 0x000000009f900000, 0x000000009f900000|100%|HC|  |TAMS 0x000000009f800000, 0x000000009f800000| Complete 
| 505|0x000000009f900000, 0x000000009fa00000, 0x000000009fa00000|100%|HC|  |TAMS 0x000000009f900000, 0x000000009f900000| Complete 
| 506|0x000000009fa00000, 0x000000009fb00000, 0x000000009fb00000|100%|HC|  |TAMS 0x000000009fa00000, 0x000000009fa00000| Complete 
| 507|0x000000009fb00000, 0x000000009fc00000, 0x000000009fc00000|100%|HC|  |TAMS 0x000000009fb00000, 0x000000009fb00000| Complete 
| 508|0x000000009fc00000, 0x000000009fd00000, 0x000000009fd00000|100%|HS|  |TAMS 0x000000009fc00000, 0x000000009fc00000| Complete 
| 509|0x000000009fd00000, 0x000000009fe00000, 0x000000009fe00000|100%|HC|  |TAMS 0x000000009fd00000, 0x000000009fd00000| Complete 
| 510|0x000000009fe00000, 0x000000009ff00000, 0x000000009ff00000|100%| O|  |TAMS 0x000000009ff00000, 0x000000009fe00000| Untracked 
| 511|0x000000009ff00000, 0x00000000a0000000, 0x00000000a0000000|100%| O|  |TAMS 0x00000000a0000000, 0x000000009ff00000| Untracked 
| 512|0x00000000a0000000, 0x00000000a0100000, 0x00000000a0100000|100%| O|  |TAMS 0x00000000a0100000, 0x00000000a0000000| Untracked 
| 513|0x00000000a0100000, 0x00000000a0200000, 0x00000000a0200000|100%| O|  |TAMS 0x00000000a0200000, 0x00000000a0100000| Untracked 
| 514|0x00000000a0200000, 0x00000000a0300000, 0x00000000a0300000|100%| O|  |TAMS 0x00000000a0300000, 0x00000000a0200000| Untracked 
| 515|0x00000000a0300000, 0x00000000a0400000, 0x00000000a0400000|100%|HS|  |TAMS 0x00000000a0300000, 0x00000000a0300000| Complete 
| 516|0x00000000a0400000, 0x00000000a0500000, 0x00000000a0500000|100%|HC|  |TAMS 0x00000000a0400000, 0x00000000a0400000| Complete 
| 517|0x00000000a0500000, 0x00000000a0600000, 0x00000000a0600000|100%|HC|  |TAMS 0x00000000a0500000, 0x00000000a0500000| Complete 
| 518|0x00000000a0600000, 0x00000000a0700000, 0x00000000a0700000|100%| O|  |TAMS 0x00000000a0700000, 0x00000000a0600000| Untracked 
| 519|0x00000000a0700000, 0x00000000a0800000, 0x00000000a0800000|100%|HS|  |TAMS 0x00000000a0700000, 0x00000000a0700000| Complete 
| 520|0x00000000a0800000, 0x00000000a0900000, 0x00000000a0900000|100%| O|  |TAMS 0x00000000a0900000, 0x00000000a0800000| Complete 
| 521|0x00000000a0900000, 0x00000000a0a00000, 0x00000000a0a00000|100%| O|  |TAMS 0x00000000a0a00000, 0x00000000a0900000| Untracked 
| 522|0x00000000a0a00000, 0x00000000a0b00000, 0x00000000a0b00000|100%| O|  |TAMS 0x00000000a0b00000, 0x00000000a0a00000| Untracked 
| 523|0x00000000a0b00000, 0x00000000a0c00000, 0x00000000a0c00000|100%| O|  |TAMS 0x00000000a0c00000, 0x00000000a0b00000| Untracked 
| 524|0x00000000a0c00000, 0x00000000a0d00000, 0x00000000a0d00000|100%| O|  |TAMS 0x00000000a0d00000, 0x00000000a0c00000| Untracked 
| 525|0x00000000a0d00000, 0x00000000a0e00000, 0x00000000a0e00000|100%| O|  |TAMS 0x00000000a0e00000, 0x00000000a0d00000| Untracked 
| 526|0x00000000a0e00000, 0x00000000a0f00000, 0x00000000a0f00000|100%| O|  |TAMS 0x00000000a0f00000, 0x00000000a0e00000| Untracked 
| 527|0x00000000a0f00000, 0x00000000a1000000, 0x00000000a1000000|100%| O|  |TAMS 0x00000000a1000000, 0x00000000a0f00000| Untracked 
| 528|0x00000000a1000000, 0x00000000a1100000, 0x00000000a1100000|100%| O|  |TAMS 0x00000000a1100000, 0x00000000a1000000| Untracked 
| 529|0x00000000a1100000, 0x00000000a1200000, 0x00000000a1200000|100%| O|  |TAMS 0x00000000a1200000, 0x00000000a1100000| Untracked 
| 530|0x00000000a1200000, 0x00000000a1300000, 0x00000000a1300000|100%| O|  |TAMS 0x00000000a1300000, 0x00000000a1200000| Untracked 
| 531|0x00000000a1300000, 0x00000000a1400000, 0x00000000a1400000|100%| O|  |TAMS 0x00000000a1400000, 0x00000000a1300000| Untracked 
| 532|0x00000000a1400000, 0x00000000a1500000, 0x00000000a1500000|100%| O|  |TAMS 0x00000000a1500000, 0x00000000a1400000| Untracked 
| 533|0x00000000a1500000, 0x00000000a1600000, 0x00000000a1600000|100%| O|  |TAMS 0x00000000a1600000, 0x00000000a1500000| Untracked 
| 534|0x00000000a1600000, 0x00000000a1700000, 0x00000000a1700000|100%| O|  |TAMS 0x00000000a1700000, 0x00000000a1600000| Untracked 
| 535|0x00000000a1700000, 0x00000000a1800000, 0x00000000a1800000|100%| O|  |TAMS 0x00000000a1800000, 0x00000000a1700000| Untracked 
| 536|0x00000000a1800000, 0x00000000a1900000, 0x00000000a1900000|100%| O|  |TAMS 0x00000000a1900000, 0x00000000a1800000| Untracked 
| 537|0x00000000a1900000, 0x00000000a1a00000, 0x00000000a1a00000|100%| O|  |TAMS 0x00000000a1a00000, 0x00000000a1900000| Untracked 
| 538|0x00000000a1a00000, 0x00000000a1b00000, 0x00000000a1b00000|100%| O|  |TAMS 0x00000000a1b00000, 0x00000000a1a00000| Untracked 
| 539|0x00000000a1b00000, 0x00000000a1c00000, 0x00000000a1c00000|100%| O|  |TAMS 0x00000000a1c00000, 0x00000000a1b00000| Untracked 
| 540|0x00000000a1c00000, 0x00000000a1d00000, 0x00000000a1d00000|100%| O|  |TAMS 0x00000000a1d00000, 0x00000000a1c00000| Untracked 
| 541|0x00000000a1d00000, 0x00000000a1e00000, 0x00000000a1e00000|100%| O|  |TAMS 0x00000000a1e00000, 0x00000000a1d00000| Untracked 
| 542|0x00000000a1e00000, 0x00000000a1f00000, 0x00000000a1f00000|100%|HS|  |TAMS 0x00000000a1e00000, 0x00000000a1e00000| Complete 
| 543|0x00000000a1f00000, 0x00000000a2000000, 0x00000000a2000000|100%| O|  |TAMS 0x00000000a2000000, 0x00000000a1f00000| Untracked 
| 544|0x00000000a2000000, 0x00000000a2100000, 0x00000000a2100000|100%| O|  |TAMS 0x00000000a2100000, 0x00000000a2000000| Untracked 
| 545|0x00000000a2100000, 0x00000000a2200000, 0x00000000a2200000|100%| O|  |TAMS 0x00000000a2200000, 0x00000000a2100000| Untracked 
| 546|0x00000000a2200000, 0x00000000a2300000, 0x00000000a2300000|100%| O|  |TAMS 0x00000000a2300000, 0x00000000a2200000| Untracked 
| 547|0x00000000a2300000, 0x00000000a2400000, 0x00000000a2400000|100%| O|  |TAMS 0x00000000a2400000, 0x00000000a2300000| Untracked 
| 548|0x00000000a2400000, 0x00000000a2500000, 0x00000000a2500000|100%| O|  |TAMS 0x00000000a2500000, 0x00000000a2400000| Untracked 
| 549|0x00000000a2500000, 0x00000000a2600000, 0x00000000a2600000|100%| O|  |TAMS 0x00000000a2600000, 0x00000000a2500000| Untracked 
| 550|0x00000000a2600000, 0x00000000a2700000, 0x00000000a2700000|100%| O|  |TAMS 0x00000000a2700000, 0x00000000a2600000| Untracked 
| 551|0x00000000a2700000, 0x00000000a2800000, 0x00000000a2800000|100%| O|  |TAMS 0x00000000a2800000, 0x00000000a2700000| Untracked 
| 552|0x00000000a2800000, 0x00000000a2900000, 0x00000000a2900000|100%| O|  |TAMS 0x00000000a2900000, 0x00000000a2800000| Untracked 
| 553|0x00000000a2900000, 0x00000000a2a00000, 0x00000000a2a00000|100%| O|  |TAMS 0x00000000a2a00000, 0x00000000a2900000| Untracked 
| 554|0x00000000a2a00000, 0x00000000a2b00000, 0x00000000a2b00000|100%| O|  |TAMS 0x00000000a2b00000, 0x00000000a2a00000| Untracked 
| 555|0x00000000a2b00000, 0x00000000a2c00000, 0x00000000a2c00000|100%| O|  |TAMS 0x00000000a2c00000, 0x00000000a2b00000| Untracked 
| 556|0x00000000a2c00000, 0x00000000a2d00000, 0x00000000a2d00000|100%| O|  |TAMS 0x00000000a2d00000, 0x00000000a2c00000| Untracked 
| 557|0x00000000a2d00000, 0x00000000a2e00000, 0x00000000a2e00000|100%| O|  |TAMS 0x00000000a2e00000, 0x00000000a2d00000| Untracked 
| 558|0x00000000a2e00000, 0x00000000a2f00000, 0x00000000a2f00000|100%| O|  |TAMS 0x00000000a2f00000, 0x00000000a2e00000| Untracked 
| 559|0x00000000a2f00000, 0x00000000a3000000, 0x00000000a3000000|100%| O|  |TAMS 0x00000000a3000000, 0x00000000a2f00000| Untracked 
| 560|0x00000000a3000000, 0x00000000a3100000, 0x00000000a3100000|100%| O|  |TAMS 0x00000000a3100000, 0x00000000a3000000| Untracked 
| 561|0x00000000a3100000, 0x00000000a3200000, 0x00000000a3200000|100%| O|  |TAMS 0x00000000a3200000, 0x00000000a3100000| Untracked 
| 562|0x00000000a3200000, 0x00000000a3300000, 0x00000000a3300000|100%| O|  |TAMS 0x00000000a3300000, 0x00000000a3200000| Untracked 
| 563|0x00000000a3300000, 0x00000000a3400000, 0x00000000a3400000|100%| O|  |TAMS 0x00000000a3400000, 0x00000000a3300000| Untracked 
| 564|0x00000000a3400000, 0x00000000a3500000, 0x00000000a3500000|100%| O|  |TAMS 0x00000000a3500000, 0x00000000a3400000| Untracked 
| 565|0x00000000a3500000, 0x00000000a3600000, 0x00000000a3600000|100%| O|  |TAMS 0x00000000a3600000, 0x00000000a3500000| Untracked 
| 566|0x00000000a3600000, 0x00000000a3700000, 0x00000000a3700000|100%| O|  |TAMS 0x00000000a3700000, 0x00000000a3600000| Untracked 
| 567|0x00000000a3700000, 0x00000000a3800000, 0x00000000a3800000|100%| O|  |TAMS 0x00000000a3800000, 0x00000000a3700000| Untracked 
| 568|0x00000000a3800000, 0x00000000a3900000, 0x00000000a3900000|100%| O|  |TAMS 0x00000000a3900000, 0x00000000a3800000| Untracked 
| 569|0x00000000a3900000, 0x00000000a3a00000, 0x00000000a3a00000|100%| O|  |TAMS 0x00000000a3a00000, 0x00000000a3900000| Untracked 
| 570|0x00000000a3a00000, 0x00000000a3b00000, 0x00000000a3b00000|100%| O|  |TAMS 0x00000000a3b00000, 0x00000000a3a00000| Untracked 
| 571|0x00000000a3b00000, 0x00000000a3c00000, 0x00000000a3c00000|100%| O|  |TAMS 0x00000000a3c00000, 0x00000000a3b00000| Untracked 
| 572|0x00000000a3c00000, 0x00000000a3d00000, 0x00000000a3d00000|100%| O|  |TAMS 0x00000000a3d00000, 0x00000000a3c00000| Complete 
| 573|0x00000000a3d00000, 0x00000000a3e00000, 0x00000000a3e00000|100%| O|  |TAMS 0x00000000a3e00000, 0x00000000a3d00000| Untracked 
| 574|0x00000000a3e00000, 0x00000000a3f00000, 0x00000000a3f00000|100%| O|  |TAMS 0x00000000a3f00000, 0x00000000a3e00000| Untracked 
| 575|0x00000000a3f00000, 0x00000000a4000000, 0x00000000a4000000|100%| O|  |TAMS 0x00000000a4000000, 0x00000000a3f00000| Complete 
| 576|0x00000000a4000000, 0x00000000a4100000, 0x00000000a4100000|100%|HS|  |TAMS 0x00000000a4000000, 0x00000000a4000000| Complete 
| 577|0x00000000a4100000, 0x00000000a4200000, 0x00000000a4200000|100%| O|  |TAMS 0x00000000a4200000, 0x00000000a4100000| Complete 
| 578|0x00000000a4200000, 0x00000000a4300000, 0x00000000a4300000|100%| O|  |TAMS 0x00000000a4300000, 0x00000000a4200000| Complete 
| 579|0x00000000a4300000, 0x00000000a4400000, 0x00000000a4400000|100%| O|  |TAMS 0x00000000a4400000, 0x00000000a4300000| Untracked 
| 580|0x00000000a4400000, 0x00000000a4500000, 0x00000000a4500000|100%| O|  |TAMS 0x00000000a4500000, 0x00000000a4400000| Untracked 
| 581|0x00000000a4500000, 0x00000000a4600000, 0x00000000a4600000|100%| O|  |TAMS 0x00000000a4600000, 0x00000000a4500000| Untracked 
| 582|0x00000000a4600000, 0x00000000a4700000, 0x00000000a4700000|100%|HS|  |TAMS 0x00000000a4600000, 0x00000000a4600000| Complete 
| 583|0x00000000a4700000, 0x00000000a4800000, 0x00000000a4800000|100%| O|  |TAMS 0x00000000a4800000, 0x00000000a4700000| Untracked 
| 584|0x00000000a4800000, 0x00000000a4900000, 0x00000000a4900000|100%| O|  |TAMS 0x00000000a4900000, 0x00000000a4800000| Untracked 
| 585|0x00000000a4900000, 0x00000000a4a00000, 0x00000000a4a00000|100%|HS|  |TAMS 0x00000000a4900000, 0x00000000a4900000| Complete 
| 586|0x00000000a4a00000, 0x00000000a4b00000, 0x00000000a4b00000|100%| O|  |TAMS 0x00000000a4b00000, 0x00000000a4a00000| Untracked 
| 587|0x00000000a4b00000, 0x00000000a4c00000, 0x00000000a4c00000|100%| O|  |TAMS 0x00000000a4c00000, 0x00000000a4b00000| Untracked 
| 588|0x00000000a4c00000, 0x00000000a4d00000, 0x00000000a4d00000|100%|HS|  |TAMS 0x00000000a4c00000, 0x00000000a4c00000| Complete 
| 589|0x00000000a4d00000, 0x00000000a4e00000, 0x00000000a4e00000|100%|HC|  |TAMS 0x00000000a4d00000, 0x00000000a4d00000| Complete 
| 590|0x00000000a4e00000, 0x00000000a4f00000, 0x00000000a4f00000|100%| O|  |TAMS 0x00000000a4f00000, 0x00000000a4e00000| Untracked 
| 591|0x00000000a4f00000, 0x00000000a5000000, 0x00000000a5000000|100%|HS|  |TAMS 0x00000000a4f00000, 0x00000000a4f00000| Complete 
| 592|0x00000000a5000000, 0x00000000a5100000, 0x00000000a5100000|100%| O|  |TAMS 0x00000000a5100000, 0x00000000a5000000| Untracked 
| 593|0x00000000a5100000, 0x00000000a5200000, 0x00000000a5200000|100%| O|  |TAMS 0x00000000a5200000, 0x00000000a5100000| Untracked 
| 594|0x00000000a5200000, 0x00000000a5300000, 0x00000000a5300000|100%| O|  |TAMS 0x00000000a5300000, 0x00000000a5200000| Untracked 
| 595|0x00000000a5300000, 0x00000000a5400000, 0x00000000a5400000|100%| O|  |TAMS 0x00000000a5400000, 0x00000000a5300000| Untracked 
| 596|0x00000000a5400000, 0x00000000a5500000, 0x00000000a5500000|100%| O|  |TAMS 0x00000000a5500000, 0x00000000a5400000| Untracked 
| 597|0x00000000a5500000, 0x00000000a5600000, 0x00000000a5600000|100%| O|  |TAMS 0x00000000a5600000, 0x00000000a5500000| Untracked 
| 598|0x00000000a5600000, 0x00000000a5700000, 0x00000000a5700000|100%| O|  |TAMS 0x00000000a5700000, 0x00000000a5600000| Untracked 
| 599|0x00000000a5700000, 0x00000000a5800000, 0x00000000a5800000|100%|HS|  |TAMS 0x00000000a5700000, 0x00000000a5700000| Complete 
| 600|0x00000000a5800000, 0x00000000a5900000, 0x00000000a5900000|100%| O|  |TAMS 0x00000000a5900000, 0x00000000a5800000| Untracked 
| 601|0x00000000a5900000, 0x00000000a5a00000, 0x00000000a5a00000|100%|HS|  |TAMS 0x00000000a5900000, 0x00000000a5900000| Complete 
| 602|0x00000000a5a00000, 0x00000000a5b00000, 0x00000000a5b00000|100%| O|  |TAMS 0x00000000a5b00000, 0x00000000a5a00000| Untracked 
| 603|0x00000000a5b00000, 0x00000000a5c00000, 0x00000000a5c00000|100%|HS|  |TAMS 0x00000000a5b00000, 0x00000000a5b00000| Complete 
| 604|0x00000000a5c00000, 0x00000000a5d00000, 0x00000000a5d00000|100%| O|  |TAMS 0x00000000a5d00000, 0x00000000a5c00000| Untracked 
| 605|0x00000000a5d00000, 0x00000000a5e00000, 0x00000000a5e00000|100%| O|  |TAMS 0x00000000a5e00000, 0x00000000a5d00000| Untracked 
| 606|0x00000000a5e00000, 0x00000000a5f00000, 0x00000000a5f00000|100%| O|  |TAMS 0x00000000a5f00000, 0x00000000a5e00000| Untracked 
| 607|0x00000000a5f00000, 0x00000000a6000000, 0x00000000a6000000|100%| O|  |TAMS 0x00000000a6000000, 0x00000000a5f00000| Untracked 
| 608|0x00000000a6000000, 0x00000000a6100000, 0x00000000a6100000|100%| O|  |TAMS 0x00000000a6100000, 0x00000000a6000000| Untracked 
| 609|0x00000000a6100000, 0x00000000a6200000, 0x00000000a6200000|100%|HS|  |TAMS 0x00000000a6100000, 0x00000000a6100000| Complete 
| 610|0x00000000a6200000, 0x00000000a6300000, 0x00000000a6300000|100%|HC|  |TAMS 0x00000000a6200000, 0x00000000a6200000| Complete 
| 611|0x00000000a6300000, 0x00000000a6400000, 0x00000000a6400000|100%|HC|  |TAMS 0x00000000a6300000, 0x00000000a6300000| Complete 
| 612|0x00000000a6400000, 0x00000000a6500000, 0x00000000a6500000|100%|HC|  |TAMS 0x00000000a6400000, 0x00000000a6400000| Complete 
| 613|0x00000000a6500000, 0x00000000a6600000, 0x00000000a6600000|100%|HC|  |TAMS 0x00000000a6500000, 0x00000000a6500000| Complete 
| 614|0x00000000a6600000, 0x00000000a6700000, 0x00000000a6700000|100%|HC|  |TAMS 0x00000000a6600000, 0x00000000a6600000| Complete 
| 615|0x00000000a6700000, 0x00000000a6800000, 0x00000000a6800000|100%|HC|  |TAMS 0x00000000a6700000, 0x00000000a6700000| Complete 
| 616|0x00000000a6800000, 0x00000000a6900000, 0x00000000a6900000|100%|HS|  |TAMS 0x00000000a6800000, 0x00000000a6800000| Complete 
| 617|0x00000000a6900000, 0x00000000a6a00000, 0x00000000a6a00000|100%|HC|  |TAMS 0x00000000a6900000, 0x00000000a6900000| Complete 
| 618|0x00000000a6a00000, 0x00000000a6b00000, 0x00000000a6b00000|100%|HC|  |TAMS 0x00000000a6a00000, 0x00000000a6a00000| Complete 
| 619|0x00000000a6b00000, 0x00000000a6c00000, 0x00000000a6c00000|100%|HC|  |TAMS 0x00000000a6b00000, 0x00000000a6b00000| Complete 
| 620|0x00000000a6c00000, 0x00000000a6d00000, 0x00000000a6d00000|100%|HC|  |TAMS 0x00000000a6c00000, 0x00000000a6c00000| Complete 
| 621|0x00000000a6d00000, 0x00000000a6e00000, 0x00000000a6e00000|100%|HC|  |TAMS 0x00000000a6d00000, 0x00000000a6d00000| Complete 
| 622|0x00000000a6e00000, 0x00000000a6f00000, 0x00000000a6f00000|100%|HC|  |TAMS 0x00000000a6e00000, 0x00000000a6e00000| Complete 
| 623|0x00000000a6f00000, 0x00000000a7000000, 0x00000000a7000000|100%|HC|  |TAMS 0x00000000a6f00000, 0x00000000a6f00000| Complete 
| 624|0x00000000a7000000, 0x00000000a7100000, 0x00000000a7100000|100%|HC|  |TAMS 0x00000000a7000000, 0x00000000a7000000| Complete 
| 625|0x00000000a7100000, 0x00000000a7200000, 0x00000000a7200000|100%|HC|  |TAMS 0x00000000a7100000, 0x00000000a7100000| Complete 
| 626|0x00000000a7200000, 0x00000000a7300000, 0x00000000a7300000|100%|HS|  |TAMS 0x00000000a7200000, 0x00000000a7200000| Complete 
| 627|0x00000000a7300000, 0x00000000a7400000, 0x00000000a7400000|100%|HC|  |TAMS 0x00000000a7300000, 0x00000000a7300000| Complete 
| 628|0x00000000a7400000, 0x00000000a7500000, 0x00000000a7500000|100%| O|  |TAMS 0x00000000a7500000, 0x00000000a7400000| Untracked 
| 629|0x00000000a7500000, 0x00000000a7600000, 0x00000000a7600000|100%|HS|  |TAMS 0x00000000a7500000, 0x00000000a7500000| Complete 
| 630|0x00000000a7600000, 0x00000000a7700000, 0x00000000a7700000|100%|HC|  |TAMS 0x00000000a7600000, 0x00000000a7600000| Complete 
| 631|0x00000000a7700000, 0x00000000a7800000, 0x00000000a7800000|100%|HC|  |TAMS 0x00000000a7700000, 0x00000000a7700000| Complete 
| 632|0x00000000a7800000, 0x00000000a7900000, 0x00000000a7900000|100%|HC|  |TAMS 0x00000000a7800000, 0x00000000a7800000| Complete 
| 633|0x00000000a7900000, 0x00000000a7a00000, 0x00000000a7a00000|100%|HC|  |TAMS 0x00000000a7900000, 0x00000000a7900000| Complete 
| 634|0x00000000a7a00000, 0x00000000a7b00000, 0x00000000a7b00000|100%|HC|  |TAMS 0x00000000a7a00000, 0x00000000a7a00000| Complete 
| 635|0x00000000a7b00000, 0x00000000a7c00000, 0x00000000a7c00000|100%|HC|  |TAMS 0x00000000a7b00000, 0x00000000a7b00000| Complete 
| 636|0x00000000a7c00000, 0x00000000a7d00000, 0x00000000a7d00000|100%|HS|  |TAMS 0x00000000a7c00000, 0x00000000a7c00000| Complete 
| 637|0x00000000a7d00000, 0x00000000a7e00000, 0x00000000a7e00000|100%|HC|  |TAMS 0x00000000a7d00000, 0x00000000a7d00000| Complete 
| 638|0x00000000a7e00000, 0x00000000a7f00000, 0x00000000a7f00000|100%|HC|  |TAMS 0x00000000a7e00000, 0x00000000a7e00000| Complete 
| 639|0x00000000a7f00000, 0x00000000a8000000, 0x00000000a8000000|100%|HC|  |TAMS 0x00000000a7f00000, 0x00000000a7f00000| Complete 
| 640|0x00000000a8000000, 0x00000000a8100000, 0x00000000a8100000|100%|HC|  |TAMS 0x00000000a8000000, 0x00000000a8000000| Complete 
| 641|0x00000000a8100000, 0x00000000a8200000, 0x00000000a8200000|100%|HC|  |TAMS 0x00000000a8100000, 0x00000000a8100000| Complete 
| 642|0x00000000a8200000, 0x00000000a8300000, 0x00000000a8300000|100%|HC|  |TAMS 0x00000000a8200000, 0x00000000a8200000| Complete 
| 643|0x00000000a8300000, 0x00000000a8400000, 0x00000000a8400000|100%|HC|  |TAMS 0x00000000a8300000, 0x00000000a8300000| Complete 
| 644|0x00000000a8400000, 0x00000000a8500000, 0x00000000a8500000|100%|HC|  |TAMS 0x00000000a8400000, 0x00000000a8400000| Complete 
| 645|0x00000000a8500000, 0x00000000a8600000, 0x00000000a8600000|100%|HS|  |TAMS 0x00000000a8500000, 0x00000000a8500000| Complete 
| 646|0x00000000a8600000, 0x00000000a8700000, 0x00000000a8700000|100%|HC|  |TAMS 0x00000000a8600000, 0x00000000a8600000| Complete 
| 647|0x00000000a8700000, 0x00000000a8800000, 0x00000000a8800000|100%|HC|  |TAMS 0x00000000a8700000, 0x00000000a8700000| Complete 
| 648|0x00000000a8800000, 0x00000000a8900000, 0x00000000a8900000|100%|HC|  |TAMS 0x00000000a8800000, 0x00000000a8800000| Complete 
| 649|0x00000000a8900000, 0x00000000a8a00000, 0x00000000a8a00000|100%|HC|  |TAMS 0x00000000a8900000, 0x00000000a8900000| Complete 
| 650|0x00000000a8a00000, 0x00000000a8b00000, 0x00000000a8b00000|100%|HS|  |TAMS 0x00000000a8a00000, 0x00000000a8a00000| Complete 
| 651|0x00000000a8b00000, 0x00000000a8c00000, 0x00000000a8c00000|100%|HC|  |TAMS 0x00000000a8b00000, 0x00000000a8b00000| Complete 
| 652|0x00000000a8c00000, 0x00000000a8d00000, 0x00000000a8d00000|100%|HS|  |TAMS 0x00000000a8c00000, 0x00000000a8c00000| Complete 
| 653|0x00000000a8d00000, 0x00000000a8e00000, 0x00000000a8e00000|100%|HC|  |TAMS 0x00000000a8d00000, 0x00000000a8d00000| Complete 
| 654|0x00000000a8e00000, 0x00000000a8f00000, 0x00000000a8f00000|100%|HC|  |TAMS 0x00000000a8e00000, 0x00000000a8e00000| Complete 
| 655|0x00000000a8f00000, 0x00000000a9000000, 0x00000000a9000000|100%|HS|  |TAMS 0x00000000a8f00000, 0x00000000a8f00000| Complete 
| 656|0x00000000a9000000, 0x00000000a9100000, 0x00000000a9100000|100%|HC|  |TAMS 0x00000000a9000000, 0x00000000a9000000| Complete 
| 657|0x00000000a9100000, 0x00000000a9200000, 0x00000000a9200000|100%|HC|  |TAMS 0x00000000a9100000, 0x00000000a9100000| Complete 
| 658|0x00000000a9200000, 0x00000000a9300000, 0x00000000a9300000|100%|HS|  |TAMS 0x00000000a9200000, 0x00000000a9200000| Complete 
| 659|0x00000000a9300000, 0x00000000a9400000, 0x00000000a9400000|100%|HS|  |TAMS 0x00000000a9300000, 0x00000000a9300000| Complete 
| 660|0x00000000a9400000, 0x00000000a9500000, 0x00000000a9500000|100%|HS|  |TAMS 0x00000000a9400000, 0x00000000a9400000| Complete 
| 661|0x00000000a9500000, 0x00000000a9600000, 0x00000000a9600000|100%|HS|  |TAMS 0x00000000a9500000, 0x00000000a9500000| Complete 
| 662|0x00000000a9600000, 0x00000000a9700000, 0x00000000a9700000|100%|HS|  |TAMS 0x00000000a9600000, 0x00000000a9600000| Complete 
| 663|0x00000000a9700000, 0x00000000a9800000, 0x00000000a9800000|100%|HS|  |TAMS 0x00000000a9700000, 0x00000000a9700000| Complete 
| 664|0x00000000a9800000, 0x00000000a9900000, 0x00000000a9900000|100%|HC|  |TAMS 0x00000000a9800000, 0x00000000a9800000| Complete 
| 665|0x00000000a9900000, 0x00000000a9a00000, 0x00000000a9a00000|100%|HS|  |TAMS 0x00000000a9900000, 0x00000000a9900000| Complete 
| 666|0x00000000a9a00000, 0x00000000a9b00000, 0x00000000a9b00000|100%|HS|  |TAMS 0x00000000a9a00000, 0x00000000a9a00000| Complete 
| 667|0x00000000a9b00000, 0x00000000a9c00000, 0x00000000a9c00000|100%|HS|  |TAMS 0x00000000a9b00000, 0x00000000a9b00000| Complete 
| 668|0x00000000a9c00000, 0x00000000a9d00000, 0x00000000a9d00000|100%|HC|  |TAMS 0x00000000a9c00000, 0x00000000a9c00000| Complete 
| 669|0x00000000a9d00000, 0x00000000a9e00000, 0x00000000a9e00000|100%|HC|  |TAMS 0x00000000a9d00000, 0x00000000a9d00000| Complete 
| 670|0x00000000a9e00000, 0x00000000a9f00000, 0x00000000a9f00000|100%|HS|  |TAMS 0x00000000a9e00000, 0x00000000a9e00000| Complete 
| 671|0x00000000a9f00000, 0x00000000aa000000, 0x00000000aa000000|100%|HS|  |TAMS 0x00000000a9f00000, 0x00000000a9f00000| Complete 
| 672|0x00000000aa000000, 0x00000000aa100000, 0x00000000aa100000|100%|HS|  |TAMS 0x00000000aa000000, 0x00000000aa000000| Complete 
| 673|0x00000000aa100000, 0x00000000aa200000, 0x00000000aa200000|100%|HC|  |TAMS 0x00000000aa100000, 0x00000000aa100000| Complete 
| 674|0x00000000aa200000, 0x00000000aa300000, 0x00000000aa300000|100%|HC|  |TAMS 0x00000000aa200000, 0x00000000aa200000| Complete 
| 675|0x00000000aa300000, 0x00000000aa400000, 0x00000000aa400000|100%|HC|  |TAMS 0x00000000aa300000, 0x00000000aa300000| Complete 
| 676|0x00000000aa400000, 0x00000000aa500000, 0x00000000aa500000|100%|HC|  |TAMS 0x00000000aa400000, 0x00000000aa400000| Complete 
| 677|0x00000000aa500000, 0x00000000aa600000, 0x00000000aa600000|100%|HS|  |TAMS 0x00000000aa500000, 0x00000000aa500000| Complete 
| 678|0x00000000aa600000, 0x00000000aa700000, 0x00000000aa700000|100%|HS|  |TAMS 0x00000000aa600000, 0x00000000aa600000| Complete 
| 679|0x00000000aa700000, 0x00000000aa800000, 0x00000000aa800000|100%|HS|  |TAMS 0x00000000aa700000, 0x00000000aa700000| Complete 
| 680|0x00000000aa800000, 0x00000000aa900000, 0x00000000aa900000|100%|HS|  |TAMS 0x00000000aa800000, 0x00000000aa800000| Complete 
| 681|0x00000000aa900000, 0x00000000aaa00000, 0x00000000aaa00000|100%|HC|  |TAMS 0x00000000aa900000, 0x00000000aa900000| Complete 
| 682|0x00000000aaa00000, 0x00000000aab00000, 0x00000000aab00000|100%|HS|  |TAMS 0x00000000aaa00000, 0x00000000aaa00000| Complete 
| 683|0x00000000aab00000, 0x00000000aac00000, 0x00000000aac00000|100%|HS|  |TAMS 0x00000000aab00000, 0x00000000aab00000| Complete 
| 684|0x00000000aac00000, 0x00000000aad00000, 0x00000000aad00000|100%|HC|  |TAMS 0x00000000aac00000, 0x00000000aac00000| Complete 
| 685|0x00000000aad00000, 0x00000000aae00000, 0x00000000aae00000|100%|HS|  |TAMS 0x00000000aad00000, 0x00000000aad00000| Complete 
| 686|0x00000000aae00000, 0x00000000aaf00000, 0x00000000aaf00000|100%|HS|  |TAMS 0x00000000aae00000, 0x00000000aae00000| Complete 
| 687|0x00000000aaf00000, 0x00000000ab000000, 0x00000000ab000000|100%|HC|  |TAMS 0x00000000aaf00000, 0x00000000aaf00000| Complete 
| 688|0x00000000ab000000, 0x00000000ab100000, 0x00000000ab100000|100%|HS|  |TAMS 0x00000000ab000000, 0x00000000ab000000| Complete 
| 689|0x00000000ab100000, 0x00000000ab200000, 0x00000000ab200000|100%|HC|  |TAMS 0x00000000ab100000, 0x00000000ab100000| Complete 
| 690|0x00000000ab200000, 0x00000000ab300000, 0x00000000ab300000|100%|HC|  |TAMS 0x00000000ab200000, 0x00000000ab200000| Complete 
| 691|0x00000000ab300000, 0x00000000ab400000, 0x00000000ab400000|100%|HS|  |TAMS 0x00000000ab300000, 0x00000000ab300000| Complete 
| 692|0x00000000ab400000, 0x00000000ab500000, 0x00000000ab500000|100%|HC|  |TAMS 0x00000000ab400000, 0x00000000ab400000| Complete 
| 693|0x00000000ab500000, 0x00000000ab600000, 0x00000000ab600000|100%|HS|  |TAMS 0x00000000ab500000, 0x00000000ab500000| Complete 
| 694|0x00000000ab600000, 0x00000000ab700000, 0x00000000ab700000|100%|HC|  |TAMS 0x00000000ab600000, 0x00000000ab600000| Complete 
| 695|0x00000000ab700000, 0x00000000ab800000, 0x00000000ab800000|100%|HC|  |TAMS 0x00000000ab700000, 0x00000000ab700000| Complete 
| 696|0x00000000ab800000, 0x00000000ab900000, 0x00000000ab900000|100%|HS|  |TAMS 0x00000000ab800000, 0x00000000ab800000| Complete 
| 697|0x00000000ab900000, 0x00000000aba00000, 0x00000000aba00000|100%|HC|  |TAMS 0x00000000ab900000, 0x00000000ab900000| Complete 
| 698|0x00000000aba00000, 0x00000000abb00000, 0x00000000abb00000|100%|HS|  |TAMS 0x00000000aba00000, 0x00000000aba00000| Complete 
| 699|0x00000000abb00000, 0x00000000abc00000, 0x00000000abc00000|100%|HS|  |TAMS 0x00000000abb00000, 0x00000000abb00000| Complete 
| 700|0x00000000abc00000, 0x00000000abd00000, 0x00000000abd00000|100%|HC|  |TAMS 0x00000000abc00000, 0x00000000abc00000| Complete 
| 701|0x00000000abd00000, 0x00000000abe00000, 0x00000000abe00000|100%|HS|  |TAMS 0x00000000abd00000, 0x00000000abd00000| Complete 
| 702|0x00000000abe00000, 0x00000000abf00000, 0x00000000abf00000|100%|HS|  |TAMS 0x00000000abe00000, 0x00000000abe00000| Complete 
| 703|0x00000000abf00000, 0x00000000ac000000, 0x00000000ac000000|100%|HS|  |TAMS 0x00000000abf00000, 0x00000000abf00000| Complete 
| 704|0x00000000ac000000, 0x00000000ac100000, 0x00000000ac100000|100%|HS|  |TAMS 0x00000000ac000000, 0x00000000ac000000| Complete 
| 705|0x00000000ac100000, 0x00000000ac200000, 0x00000000ac200000|100%|HC|  |TAMS 0x00000000ac100000, 0x00000000ac100000| Complete 
| 706|0x00000000ac200000, 0x00000000ac300000, 0x00000000ac300000|100%|HS|  |TAMS 0x00000000ac200000, 0x00000000ac200000| Complete 
| 707|0x00000000ac300000, 0x00000000ac400000, 0x00000000ac400000|100%|HC|  |TAMS 0x00000000ac300000, 0x00000000ac300000| Complete 
| 708|0x00000000ac400000, 0x00000000ac500000, 0x00000000ac500000|100%|HS|  |TAMS 0x00000000ac400000, 0x00000000ac400000| Complete 
| 709|0x00000000ac500000, 0x00000000ac600000, 0x00000000ac600000|100%|HC|  |TAMS 0x00000000ac500000, 0x00000000ac500000| Complete 
| 710|0x00000000ac600000, 0x00000000ac700000, 0x00000000ac700000|100%|HS|  |TAMS 0x00000000ac600000, 0x00000000ac600000| Complete 
| 711|0x00000000ac700000, 0x00000000ac800000, 0x00000000ac800000|100%|HC|  |TAMS 0x00000000ac700000, 0x00000000ac700000| Complete 
| 712|0x00000000ac800000, 0x00000000ac900000, 0x00000000ac900000|100%|HS|  |TAMS 0x00000000ac800000, 0x00000000ac800000| Complete 
| 713|0x00000000ac900000, 0x00000000aca00000, 0x00000000aca00000|100%|HC|  |TAMS 0x00000000ac900000, 0x00000000ac900000| Complete 
| 714|0x00000000aca00000, 0x00000000acb00000, 0x00000000acb00000|100%|HS|  |TAMS 0x00000000aca00000, 0x00000000aca00000| Complete 
| 715|0x00000000acb00000, 0x00000000acc00000, 0x00000000acc00000|100%|HC|  |TAMS 0x00000000acb00000, 0x00000000acb00000| Complete 
| 716|0x00000000acc00000, 0x00000000acd00000, 0x00000000acd00000|100%|HS|  |TAMS 0x00000000acc00000, 0x00000000acc00000| Complete 
| 717|0x00000000acd00000, 0x00000000ace00000, 0x00000000ace00000|100%|HC|  |TAMS 0x00000000acd00000, 0x00000000acd00000| Complete 
| 718|0x00000000ace00000, 0x00000000acf00000, 0x00000000acf00000|100%|HS|  |TAMS 0x00000000ace00000, 0x00000000ace00000| Complete 
| 719|0x00000000acf00000, 0x00000000ad000000, 0x00000000ad000000|100%|HC|  |TAMS 0x00000000acf00000, 0x00000000acf00000| Complete 
| 720|0x00000000ad000000, 0x00000000ad100000, 0x00000000ad100000|100%|HS|  |TAMS 0x00000000ad000000, 0x00000000ad000000| Complete 
| 721|0x00000000ad100000, 0x00000000ad200000, 0x00000000ad200000|100%|HC|  |TAMS 0x00000000ad100000, 0x00000000ad100000| Complete 
| 722|0x00000000ad200000, 0x00000000ad300000, 0x00000000ad300000|100%|HS|  |TAMS 0x00000000ad200000, 0x00000000ad200000| Complete 
| 723|0x00000000ad300000, 0x00000000ad400000, 0x00000000ad400000|100%|HC|  |TAMS 0x00000000ad300000, 0x00000000ad300000| Complete 
| 724|0x00000000ad400000, 0x00000000ad500000, 0x00000000ad500000|100%|HS|  |TAMS 0x00000000ad400000, 0x00000000ad400000| Complete 
| 725|0x00000000ad500000, 0x00000000ad600000, 0x00000000ad600000|100%|HC|  |TAMS 0x00000000ad500000, 0x00000000ad500000| Complete 
| 726|0x00000000ad600000, 0x00000000ad700000, 0x00000000ad700000|100%|HS|  |TAMS 0x00000000ad600000, 0x00000000ad600000| Complete 
| 727|0x00000000ad700000, 0x00000000ad800000, 0x00000000ad800000|100%|HC|  |TAMS 0x00000000ad700000, 0x00000000ad700000| Complete 
| 728|0x00000000ad800000, 0x00000000ad900000, 0x00000000ad900000|100%|HS|  |TAMS 0x00000000ad800000, 0x00000000ad800000| Complete 
| 729|0x00000000ad900000, 0x00000000ada00000, 0x00000000ada00000|100%|HC|  |TAMS 0x00000000ad900000, 0x00000000ad900000| Complete 
| 730|0x00000000ada00000, 0x00000000adb00000, 0x00000000adb00000|100%|HS|  |TAMS 0x00000000ada00000, 0x00000000ada00000| Complete 
| 731|0x00000000adb00000, 0x00000000adc00000, 0x00000000adc00000|100%|HC|  |TAMS 0x00000000adb00000, 0x00000000adb00000| Complete 
| 732|0x00000000adc00000, 0x00000000add00000, 0x00000000add00000|100%|HS|  |TAMS 0x00000000adc00000, 0x00000000adc00000| Complete 
| 733|0x00000000add00000, 0x00000000ade00000, 0x00000000ade00000|100%|HC|  |TAMS 0x00000000add00000, 0x00000000add00000| Complete 
| 734|0x00000000ade00000, 0x00000000adf00000, 0x00000000adf00000|100%|HS|  |TAMS 0x00000000ade00000, 0x00000000ade00000| Complete 
| 735|0x00000000adf00000, 0x00000000ae000000, 0x00000000ae000000|100%|HC|  |TAMS 0x00000000adf00000, 0x00000000adf00000| Complete 
| 736|0x00000000ae000000, 0x00000000ae100000, 0x00000000ae100000|100%|HS|  |TAMS 0x00000000ae000000, 0x00000000ae000000| Complete 
| 737|0x00000000ae100000, 0x00000000ae200000, 0x00000000ae200000|100%|HC|  |TAMS 0x00000000ae100000, 0x00000000ae100000| Complete 
| 738|0x00000000ae200000, 0x00000000ae300000, 0x00000000ae300000|100%|HS|  |TAMS 0x00000000ae200000, 0x00000000ae200000| Complete 
| 739|0x00000000ae300000, 0x00000000ae400000, 0x00000000ae400000|100%|HC|  |TAMS 0x00000000ae300000, 0x00000000ae300000| Complete 
| 740|0x00000000ae400000, 0x00000000ae500000, 0x00000000ae500000|100%|HS|  |TAMS 0x00000000ae400000, 0x00000000ae400000| Complete 
| 741|0x00000000ae500000, 0x00000000ae600000, 0x00000000ae600000|100%|HC|  |TAMS 0x00000000ae500000, 0x00000000ae500000| Complete 
| 742|0x00000000ae600000, 0x00000000ae700000, 0x00000000ae700000|100%|HS|  |TAMS 0x00000000ae600000, 0x00000000ae600000| Complete 
| 743|0x00000000ae700000, 0x00000000ae800000, 0x00000000ae800000|100%|HC|  |TAMS 0x00000000ae700000, 0x00000000ae700000| Complete 
| 744|0x00000000ae800000, 0x00000000ae900000, 0x00000000ae900000|100%|HS|  |TAMS 0x00000000ae800000, 0x00000000ae800000| Complete 
| 745|0x00000000ae900000, 0x00000000aea00000, 0x00000000aea00000|100%|HC|  |TAMS 0x00000000ae900000, 0x00000000ae900000| Complete 
| 746|0x00000000aea00000, 0x00000000aeb00000, 0x00000000aeb00000|100%|HS|  |TAMS 0x00000000aea00000, 0x00000000aea00000| Complete 
| 747|0x00000000aeb00000, 0x00000000aec00000, 0x00000000aec00000|100%|HC|  |TAMS 0x00000000aeb00000, 0x00000000aeb00000| Complete 
| 748|0x00000000aec00000, 0x00000000aed00000, 0x00000000aed00000|100%|HS|  |TAMS 0x00000000aec00000, 0x00000000aec00000| Complete 
| 749|0x00000000aed00000, 0x00000000aee00000, 0x00000000aee00000|100%|HC|  |TAMS 0x00000000aed00000, 0x00000000aed00000| Complete 
| 750|0x00000000aee00000, 0x00000000aef00000, 0x00000000aef00000|100%|HS|  |TAMS 0x00000000aee00000, 0x00000000aee00000| Complete 
| 751|0x00000000aef00000, 0x00000000af000000, 0x00000000af000000|100%|HC|  |TAMS 0x00000000aef00000, 0x00000000aef00000| Complete 
| 752|0x00000000af000000, 0x00000000af100000, 0x00000000af100000|100%|HS|  |TAMS 0x00000000af000000, 0x00000000af000000| Complete 
| 753|0x00000000af100000, 0x00000000af200000, 0x00000000af200000|100%|HC|  |TAMS 0x00000000af100000, 0x00000000af100000| Complete 
| 754|0x00000000af200000, 0x00000000af300000, 0x00000000af300000|100%|HS|  |TAMS 0x00000000af200000, 0x00000000af200000| Complete 
| 755|0x00000000af300000, 0x00000000af400000, 0x00000000af400000|100%|HC|  |TAMS 0x00000000af300000, 0x00000000af300000| Complete 
| 756|0x00000000af400000, 0x00000000af500000, 0x00000000af500000|100%|HS|  |TAMS 0x00000000af400000, 0x00000000af400000| Complete 
| 757|0x00000000af500000, 0x00000000af600000, 0x00000000af600000|100%|HC|  |TAMS 0x00000000af500000, 0x00000000af500000| Complete 
| 758|0x00000000af600000, 0x00000000af700000, 0x00000000af700000|100%|HS|  |TAMS 0x00000000af600000, 0x00000000af600000| Complete 
| 759|0x00000000af700000, 0x00000000af800000, 0x00000000af800000|100%|HC|  |TAMS 0x00000000af700000, 0x00000000af700000| Complete 
| 760|0x00000000af800000, 0x00000000af900000, 0x00000000af900000|100%|HS|  |TAMS 0x00000000af800000, 0x00000000af800000| Complete 
| 761|0x00000000af900000, 0x00000000afa00000, 0x00000000afa00000|100%|HC|  |TAMS 0x00000000af900000, 0x00000000af900000| Complete 
| 762|0x00000000afa00000, 0x00000000afb00000, 0x00000000afb00000|100%|HS|  |TAMS 0x00000000afa00000, 0x00000000afa00000| Complete 
| 763|0x00000000afb00000, 0x00000000afc00000, 0x00000000afc00000|100%|HC|  |TAMS 0x00000000afb00000, 0x00000000afb00000| Complete 
| 764|0x00000000afc00000, 0x00000000afd00000, 0x00000000afd00000|100%|HS|  |TAMS 0x00000000afc00000, 0x00000000afc00000| Complete 
| 765|0x00000000afd00000, 0x00000000afe00000, 0x00000000afe00000|100%|HC|  |TAMS 0x00000000afd00000, 0x00000000afd00000| Complete 
| 766|0x00000000afe00000, 0x00000000aff00000, 0x00000000aff00000|100%|HS|  |TAMS 0x00000000afe00000, 0x00000000afe00000| Complete 
| 767|0x00000000aff00000, 0x00000000b0000000, 0x00000000b0000000|100%|HC|  |TAMS 0x00000000aff00000, 0x00000000aff00000| Complete 
| 768|0x00000000b0000000, 0x00000000b0100000, 0x00000000b0100000|100%|HS|  |TAMS 0x00000000b0000000, 0x00000000b0000000| Complete 
| 769|0x00000000b0100000, 0x00000000b0200000, 0x00000000b0200000|100%|HC|  |TAMS 0x00000000b0100000, 0x00000000b0100000| Complete 
| 770|0x00000000b0200000, 0x00000000b0300000, 0x00000000b0300000|100%|HS|  |TAMS 0x00000000b0200000, 0x00000000b0200000| Complete 
| 771|0x00000000b0300000, 0x00000000b0400000, 0x00000000b0400000|100%|HC|  |TAMS 0x00000000b0300000, 0x00000000b0300000| Complete 
| 772|0x00000000b0400000, 0x00000000b0500000, 0x00000000b0500000|100%|HS|  |TAMS 0x00000000b0400000, 0x00000000b0400000| Complete 
| 773|0x00000000b0500000, 0x00000000b0600000, 0x00000000b0600000|100%|HC|  |TAMS 0x00000000b0500000, 0x00000000b0500000| Complete 
| 774|0x00000000b0600000, 0x00000000b0700000, 0x00000000b0700000|100%|HS|  |TAMS 0x00000000b0600000, 0x00000000b0600000| Complete 
| 775|0x00000000b0700000, 0x00000000b0800000, 0x00000000b0800000|100%|HC|  |TAMS 0x00000000b0700000, 0x00000000b0700000| Complete 
| 776|0x00000000b0800000, 0x00000000b0900000, 0x00000000b0900000|100%|HS|  |TAMS 0x00000000b0800000, 0x00000000b0800000| Complete 
| 777|0x00000000b0900000, 0x00000000b0a00000, 0x00000000b0a00000|100%|HC|  |TAMS 0x00000000b0900000, 0x00000000b0900000| Complete 
| 778|0x00000000b0a00000, 0x00000000b0b00000, 0x00000000b0b00000|100%|HS|  |TAMS 0x00000000b0a00000, 0x00000000b0a00000| Complete 
| 779|0x00000000b0b00000, 0x00000000b0c00000, 0x00000000b0c00000|100%|HC|  |TAMS 0x00000000b0b00000, 0x00000000b0b00000| Complete 
| 780|0x00000000b0c00000, 0x00000000b0d00000, 0x00000000b0d00000|100%|HS|  |TAMS 0x00000000b0c00000, 0x00000000b0c00000| Complete 
| 781|0x00000000b0d00000, 0x00000000b0e00000, 0x00000000b0e00000|100%|HC|  |TAMS 0x00000000b0d00000, 0x00000000b0d00000| Complete 
| 782|0x00000000b0e00000, 0x00000000b0f00000, 0x00000000b0f00000|100%|HS|  |TAMS 0x00000000b0e00000, 0x00000000b0e00000| Complete 
| 783|0x00000000b0f00000, 0x00000000b1000000, 0x00000000b1000000|100%|HC|  |TAMS 0x00000000b0f00000, 0x00000000b0f00000| Complete 
| 784|0x00000000b1000000, 0x00000000b1100000, 0x00000000b1100000|100%|HS|  |TAMS 0x00000000b1000000, 0x00000000b1000000| Complete 
| 785|0x00000000b1100000, 0x00000000b1200000, 0x00000000b1200000|100%|HC|  |TAMS 0x00000000b1100000, 0x00000000b1100000| Complete 
| 786|0x00000000b1200000, 0x00000000b1300000, 0x00000000b1300000|100%|HS|  |TAMS 0x00000000b1200000, 0x00000000b1200000| Complete 
| 787|0x00000000b1300000, 0x00000000b1400000, 0x00000000b1400000|100%|HC|  |TAMS 0x00000000b1300000, 0x00000000b1300000| Complete 
| 788|0x00000000b1400000, 0x00000000b1500000, 0x00000000b1500000|100%|HS|  |TAMS 0x00000000b1400000, 0x00000000b1400000| Complete 
| 789|0x00000000b1500000, 0x00000000b1600000, 0x00000000b1600000|100%| O|  |TAMS 0x00000000b1600000, 0x00000000b1500000| Untracked 
| 790|0x00000000b1600000, 0x00000000b1700000, 0x00000000b1700000|100%|HS|  |TAMS 0x00000000b1600000, 0x00000000b1600000| Complete 
| 791|0x00000000b1700000, 0x00000000b1800000, 0x00000000b1800000|100%|HC|  |TAMS 0x00000000b1700000, 0x00000000b1700000| Complete 
| 792|0x00000000b1800000, 0x00000000b1900000, 0x00000000b1900000|100%| O|  |TAMS 0x00000000b1900000, 0x00000000b1800000| Untracked 
| 793|0x00000000b1900000, 0x00000000b1a00000, 0x00000000b1a00000|100%|HS|  |TAMS 0x00000000b1900000, 0x00000000b1900000| Complete 
| 794|0x00000000b1a00000, 0x00000000b1b00000, 0x00000000b1b00000|100%|HC|  |TAMS 0x00000000b1a00000, 0x00000000b1a00000| Complete 
| 795|0x00000000b1b00000, 0x00000000b1c00000, 0x00000000b1c00000|100%|HS|  |TAMS 0x00000000b1b00000, 0x00000000b1b00000| Complete 
| 796|0x00000000b1c00000, 0x00000000b1d00000, 0x00000000b1d00000|100%|HC|  |TAMS 0x00000000b1c00000, 0x00000000b1c00000| Complete 
| 797|0x00000000b1d00000, 0x00000000b1e00000, 0x00000000b1e00000|100%|HS|  |TAMS 0x00000000b1d00000, 0x00000000b1d00000| Complete 
| 798|0x00000000b1e00000, 0x00000000b1f00000, 0x00000000b1f00000|100%|HC|  |TAMS 0x00000000b1e00000, 0x00000000b1e00000| Complete 
| 799|0x00000000b1f00000, 0x00000000b2000000, 0x00000000b2000000|100%|HS|  |TAMS 0x00000000b1f00000, 0x00000000b1f00000| Complete 
| 800|0x00000000b2000000, 0x00000000b2100000, 0x00000000b2100000|100%|HC|  |TAMS 0x00000000b2000000, 0x00000000b2000000| Complete 
| 801|0x00000000b2100000, 0x00000000b2200000, 0x00000000b2200000|100%|HS|  |TAMS 0x00000000b2100000, 0x00000000b2100000| Complete 
| 802|0x00000000b2200000, 0x00000000b2300000, 0x00000000b2300000|100%|HC|  |TAMS 0x00000000b2200000, 0x00000000b2200000| Complete 
| 803|0x00000000b2300000, 0x00000000b2400000, 0x00000000b2400000|100%|HS|  |TAMS 0x00000000b2300000, 0x00000000b2300000| Complete 
| 804|0x00000000b2400000, 0x00000000b2500000, 0x00000000b2500000|100%|HC|  |TAMS 0x00000000b2400000, 0x00000000b2400000| Complete 
| 805|0x00000000b2500000, 0x00000000b2600000, 0x00000000b2600000|100%|HS|  |TAMS 0x00000000b2500000, 0x00000000b2500000| Complete 
| 806|0x00000000b2600000, 0x00000000b2700000, 0x00000000b2700000|100%|HC|  |TAMS 0x00000000b2600000, 0x00000000b2600000| Complete 
| 807|0x00000000b2700000, 0x00000000b2800000, 0x00000000b2800000|100%|HS|  |TAMS 0x00000000b2700000, 0x00000000b2700000| Complete 
| 808|0x00000000b2800000, 0x00000000b2900000, 0x00000000b2900000|100%|HC|  |TAMS 0x00000000b2800000, 0x00000000b2800000| Complete 
| 809|0x00000000b2900000, 0x00000000b2a00000, 0x00000000b2a00000|100%|HS|  |TAMS 0x00000000b2900000, 0x00000000b2900000| Complete 
| 810|0x00000000b2a00000, 0x00000000b2b00000, 0x00000000b2b00000|100%|HC|  |TAMS 0x00000000b2a00000, 0x00000000b2a00000| Complete 
| 811|0x00000000b2b00000, 0x00000000b2c00000, 0x00000000b2c00000|100%|HS|  |TAMS 0x00000000b2b00000, 0x00000000b2b00000| Complete 
| 812|0x00000000b2c00000, 0x00000000b2d00000, 0x00000000b2d00000|100%|HC|  |TAMS 0x00000000b2c00000, 0x00000000b2c00000| Complete 
| 813|0x00000000b2d00000, 0x00000000b2e00000, 0x00000000b2e00000|100%|HS|  |TAMS 0x00000000b2d00000, 0x00000000b2d00000| Complete 
| 814|0x00000000b2e00000, 0x00000000b2f00000, 0x00000000b2f00000|100%|HC|  |TAMS 0x00000000b2e00000, 0x00000000b2e00000| Complete 
| 815|0x00000000b2f00000, 0x00000000b3000000, 0x00000000b3000000|100%|HS|  |TAMS 0x00000000b2f00000, 0x00000000b2f00000| Complete 
| 816|0x00000000b3000000, 0x00000000b3100000, 0x00000000b3100000|100%|HC|  |TAMS 0x00000000b3000000, 0x00000000b3000000| Complete 
| 817|0x00000000b3100000, 0x00000000b3200000, 0x00000000b3200000|100%|HS|  |TAMS 0x00000000b3100000, 0x00000000b3100000| Complete 
| 818|0x00000000b3200000, 0x00000000b3300000, 0x00000000b3300000|100%|HC|  |TAMS 0x00000000b3200000, 0x00000000b3200000| Complete 
| 819|0x00000000b3300000, 0x00000000b3400000, 0x00000000b3400000|100%|HS|  |TAMS 0x00000000b3300000, 0x00000000b3300000| Complete 
| 820|0x00000000b3400000, 0x00000000b3500000, 0x00000000b3500000|100%|HC|  |TAMS 0x00000000b3400000, 0x00000000b3400000| Complete 
| 821|0x00000000b3500000, 0x00000000b3600000, 0x00000000b3600000|100%|HS|  |TAMS 0x00000000b3500000, 0x00000000b3500000| Complete 
| 822|0x00000000b3600000, 0x00000000b3700000, 0x00000000b3700000|100%|HC|  |TAMS 0x00000000b3600000, 0x00000000b3600000| Complete 
| 823|0x00000000b3700000, 0x00000000b3800000, 0x00000000b3800000|100%|HS|  |TAMS 0x00000000b3700000, 0x00000000b3700000| Complete 
| 824|0x00000000b3800000, 0x00000000b3900000, 0x00000000b3900000|100%|HC|  |TAMS 0x00000000b3800000, 0x00000000b3800000| Complete 
| 825|0x00000000b3900000, 0x00000000b3a00000, 0x00000000b3a00000|100%|HS|  |TAMS 0x00000000b3900000, 0x00000000b3900000| Complete 
| 826|0x00000000b3a00000, 0x00000000b3b00000, 0x00000000b3b00000|100%|HC|  |TAMS 0x00000000b3a00000, 0x00000000b3a00000| Complete 
| 827|0x00000000b3b00000, 0x00000000b3c00000, 0x00000000b3c00000|100%|HS|  |TAMS 0x00000000b3b00000, 0x00000000b3b00000| Complete 
| 828|0x00000000b3c00000, 0x00000000b3d00000, 0x00000000b3d00000|100%|HC|  |TAMS 0x00000000b3c00000, 0x00000000b3c00000| Complete 
| 829|0x00000000b3d00000, 0x00000000b3e00000, 0x00000000b3e00000|100%|HS|  |TAMS 0x00000000b3d00000, 0x00000000b3d00000| Complete 
| 830|0x00000000b3e00000, 0x00000000b3f00000, 0x00000000b3f00000|100%|HC|  |TAMS 0x00000000b3e00000, 0x00000000b3e00000| Complete 
| 831|0x00000000b3f00000, 0x00000000b4000000, 0x00000000b4000000|100%|HS|  |TAMS 0x00000000b3f00000, 0x00000000b3f00000| Complete 
| 832|0x00000000b4000000, 0x00000000b4100000, 0x00000000b4100000|100%|HC|  |TAMS 0x00000000b4000000, 0x00000000b4000000| Complete 
| 833|0x00000000b4100000, 0x00000000b4200000, 0x00000000b4200000|100%|HS|  |TAMS 0x00000000b4100000, 0x00000000b4100000| Complete 
| 834|0x00000000b4200000, 0x00000000b4300000, 0x00000000b4300000|100%|HC|  |TAMS 0x00000000b4200000, 0x00000000b4200000| Complete 
| 835|0x00000000b4300000, 0x00000000b4400000, 0x00000000b4400000|100%|HS|  |TAMS 0x00000000b4300000, 0x00000000b4300000| Complete 
| 836|0x00000000b4400000, 0x00000000b4500000, 0x00000000b4500000|100%|HC|  |TAMS 0x00000000b4400000, 0x00000000b4400000| Complete 
| 837|0x00000000b4500000, 0x00000000b4600000, 0x00000000b4600000|100%|HS|  |TAMS 0x00000000b4500000, 0x00000000b4500000| Complete 
| 838|0x00000000b4600000, 0x00000000b4700000, 0x00000000b4700000|100%|HC|  |TAMS 0x00000000b4600000, 0x00000000b4600000| Complete 
| 839|0x00000000b4700000, 0x00000000b4800000, 0x00000000b4800000|100%|HS|  |TAMS 0x00000000b4700000, 0x00000000b4700000| Complete 
| 840|0x00000000b4800000, 0x00000000b4900000, 0x00000000b4900000|100%|HC|  |TAMS 0x00000000b4800000, 0x00000000b4800000| Complete 
| 841|0x00000000b4900000, 0x00000000b4a00000, 0x00000000b4a00000|100%|HS|  |TAMS 0x00000000b4900000, 0x00000000b4900000| Complete 
| 842|0x00000000b4a00000, 0x00000000b4b00000, 0x00000000b4b00000|100%|HC|  |TAMS 0x00000000b4a00000, 0x00000000b4a00000| Complete 
| 843|0x00000000b4b00000, 0x00000000b4c00000, 0x00000000b4c00000|100%|HS|  |TAMS 0x00000000b4b00000, 0x00000000b4b00000| Complete 
| 844|0x00000000b4c00000, 0x00000000b4d00000, 0x00000000b4d00000|100%|HC|  |TAMS 0x00000000b4c00000, 0x00000000b4c00000| Complete 
| 845|0x00000000b4d00000, 0x00000000b4e00000, 0x00000000b4e00000|100%|HS|  |TAMS 0x00000000b4d00000, 0x00000000b4d00000| Complete 
| 846|0x00000000b4e00000, 0x00000000b4f00000, 0x00000000b4f00000|100%|HC|  |TAMS 0x00000000b4e00000, 0x00000000b4e00000| Complete 
| 847|0x00000000b4f00000, 0x00000000b5000000, 0x00000000b5000000|100%|HS|  |TAMS 0x00000000b4f00000, 0x00000000b4f00000| Complete 
| 848|0x00000000b5000000, 0x00000000b5100000, 0x00000000b5100000|100%|HC|  |TAMS 0x00000000b5000000, 0x00000000b5000000| Complete 
| 849|0x00000000b5100000, 0x00000000b5200000, 0x00000000b5200000|100%|HS|  |TAMS 0x00000000b5100000, 0x00000000b5100000| Complete 
| 850|0x00000000b5200000, 0x00000000b5300000, 0x00000000b5300000|100%|HC|  |TAMS 0x00000000b5200000, 0x00000000b5200000| Complete 
| 851|0x00000000b5300000, 0x00000000b5400000, 0x00000000b5400000|100%|HS|  |TAMS 0x00000000b5300000, 0x00000000b5300000| Complete 
| 852|0x00000000b5400000, 0x00000000b5500000, 0x00000000b5500000|100%|HC|  |TAMS 0x00000000b5400000, 0x00000000b5400000| Complete 
| 853|0x00000000b5500000, 0x00000000b5600000, 0x00000000b5600000|100%|HS|  |TAMS 0x00000000b5500000, 0x00000000b5500000| Complete 
| 854|0x00000000b5600000, 0x00000000b5700000, 0x00000000b5700000|100%|HC|  |TAMS 0x00000000b5600000, 0x00000000b5600000| Complete 
| 855|0x00000000b5700000, 0x00000000b5800000, 0x00000000b5800000|100%|HS|  |TAMS 0x00000000b5700000, 0x00000000b5700000| Complete 
| 856|0x00000000b5800000, 0x00000000b5900000, 0x00000000b5900000|100%|HC|  |TAMS 0x00000000b5800000, 0x00000000b5800000| Complete 
| 857|0x00000000b5900000, 0x00000000b5a00000, 0x00000000b5a00000|100%|HS|  |TAMS 0x00000000b5900000, 0x00000000b5900000| Complete 
| 858|0x00000000b5a00000, 0x00000000b5b00000, 0x00000000b5b00000|100%|HC|  |TAMS 0x00000000b5a00000, 0x00000000b5a00000| Complete 
| 859|0x00000000b5b00000, 0x00000000b5c00000, 0x00000000b5c00000|100%|HS|  |TAMS 0x00000000b5b00000, 0x00000000b5b00000| Complete 
| 860|0x00000000b5c00000, 0x00000000b5d00000, 0x00000000b5d00000|100%|HC|  |TAMS 0x00000000b5c00000, 0x00000000b5c00000| Complete 
| 861|0x00000000b5d00000, 0x00000000b5e00000, 0x00000000b5e00000|100%|HS|  |TAMS 0x00000000b5d00000, 0x00000000b5d00000| Complete 
| 862|0x00000000b5e00000, 0x00000000b5f00000, 0x00000000b5f00000|100%|HC|  |TAMS 0x00000000b5e00000, 0x00000000b5e00000| Complete 
| 863|0x00000000b5f00000, 0x00000000b6000000, 0x00000000b6000000|100%|HS|  |TAMS 0x00000000b5f00000, 0x00000000b5f00000| Complete 
| 864|0x00000000b6000000, 0x00000000b6100000, 0x00000000b6100000|100%|HC|  |TAMS 0x00000000b6000000, 0x00000000b6000000| Complete 
| 865|0x00000000b6100000, 0x00000000b6200000, 0x00000000b6200000|100%|HS|  |TAMS 0x00000000b6100000, 0x00000000b6100000| Complete 
| 866|0x00000000b6200000, 0x00000000b6300000, 0x00000000b6300000|100%|HC|  |TAMS 0x00000000b6200000, 0x00000000b6200000| Complete 
| 867|0x00000000b6300000, 0x00000000b6400000, 0x00000000b6400000|100%|HS|  |TAMS 0x00000000b6300000, 0x00000000b6300000| Complete 
| 868|0x00000000b6400000, 0x00000000b6500000, 0x00000000b6500000|100%|HC|  |TAMS 0x00000000b6400000, 0x00000000b6400000| Complete 
| 869|0x00000000b6500000, 0x00000000b6600000, 0x00000000b6600000|100%|HS|  |TAMS 0x00000000b6500000, 0x00000000b6500000| Complete 
| 870|0x00000000b6600000, 0x00000000b6700000, 0x00000000b6700000|100%|HC|  |TAMS 0x00000000b6600000, 0x00000000b6600000| Complete 
| 871|0x00000000b6700000, 0x00000000b6800000, 0x00000000b6800000|100%|HS|  |TAMS 0x00000000b6700000, 0x00000000b6700000| Complete 
| 872|0x00000000b6800000, 0x00000000b6900000, 0x00000000b6900000|100%|HC|  |TAMS 0x00000000b6800000, 0x00000000b6800000| Complete 
| 873|0x00000000b6900000, 0x00000000b6a00000, 0x00000000b6a00000|100%|HS|  |TAMS 0x00000000b6900000, 0x00000000b6900000| Complete 
| 874|0x00000000b6a00000, 0x00000000b6b00000, 0x00000000b6b00000|100%|HC|  |TAMS 0x00000000b6a00000, 0x00000000b6a00000| Complete 
| 875|0x00000000b6b00000, 0x00000000b6c00000, 0x00000000b6c00000|100%|HS|  |TAMS 0x00000000b6b00000, 0x00000000b6b00000| Complete 
| 876|0x00000000b6c00000, 0x00000000b6d00000, 0x00000000b6d00000|100%|HC|  |TAMS 0x00000000b6c00000, 0x00000000b6c00000| Complete 
| 877|0x00000000b6d00000, 0x00000000b6e00000, 0x00000000b6e00000|100%|HS|  |TAMS 0x00000000b6d00000, 0x00000000b6d00000| Complete 
| 878|0x00000000b6e00000, 0x00000000b6f00000, 0x00000000b6f00000|100%|HC|  |TAMS 0x00000000b6e00000, 0x00000000b6e00000| Complete 
| 879|0x00000000b6f00000, 0x00000000b7000000, 0x00000000b7000000|100%|HS|  |TAMS 0x00000000b6f00000, 0x00000000b6f00000| Complete 
| 880|0x00000000b7000000, 0x00000000b7100000, 0x00000000b7100000|100%|HC|  |TAMS 0x00000000b7000000, 0x00000000b7000000| Complete 
| 881|0x00000000b7100000, 0x00000000b7200000, 0x00000000b7200000|100%|HS|  |TAMS 0x00000000b7100000, 0x00000000b7100000| Complete 
| 882|0x00000000b7200000, 0x00000000b7300000, 0x00000000b7300000|100%|HC|  |TAMS 0x00000000b7200000, 0x00000000b7200000| Complete 
| 883|0x00000000b7300000, 0x00000000b7400000, 0x00000000b7400000|100%|HS|  |TAMS 0x00000000b7300000, 0x00000000b7300000| Complete 
| 884|0x00000000b7400000, 0x00000000b7500000, 0x00000000b7500000|100%|HC|  |TAMS 0x00000000b7400000, 0x00000000b7400000| Complete 
| 885|0x00000000b7500000, 0x00000000b7600000, 0x00000000b7600000|100%|HS|  |TAMS 0x00000000b7500000, 0x00000000b7500000| Complete 
| 886|0x00000000b7600000, 0x00000000b7700000, 0x00000000b7700000|100%|HC|  |TAMS 0x00000000b7600000, 0x00000000b7600000| Complete 
| 887|0x00000000b7700000, 0x00000000b7800000, 0x00000000b7800000|100%|HS|  |TAMS 0x00000000b7700000, 0x00000000b7700000| Complete 
| 888|0x00000000b7800000, 0x00000000b7900000, 0x00000000b7900000|100%|HC|  |TAMS 0x00000000b7800000, 0x00000000b7800000| Complete 
| 889|0x00000000b7900000, 0x00000000b7a00000, 0x00000000b7a00000|100%|HS|  |TAMS 0x00000000b7900000, 0x00000000b7900000| Complete 
| 890|0x00000000b7a00000, 0x00000000b7b00000, 0x00000000b7b00000|100%|HC|  |TAMS 0x00000000b7a00000, 0x00000000b7a00000| Complete 
| 891|0x00000000b7b00000, 0x00000000b7c00000, 0x00000000b7c00000|100%|HS|  |TAMS 0x00000000b7b00000, 0x00000000b7b00000| Complete 
| 892|0x00000000b7c00000, 0x00000000b7d00000, 0x00000000b7d00000|100%|HC|  |TAMS 0x00000000b7c00000, 0x00000000b7c00000| Complete 
| 893|0x00000000b7d00000, 0x00000000b7e00000, 0x00000000b7e00000|100%|HS|  |TAMS 0x00000000b7d00000, 0x00000000b7d00000| Complete 
| 894|0x00000000b7e00000, 0x00000000b7f00000, 0x00000000b7f00000|100%|HC|  |TAMS 0x00000000b7e00000, 0x00000000b7e00000| Complete 
| 895|0x00000000b7f00000, 0x00000000b8000000, 0x00000000b8000000|100%|HS|  |TAMS 0x00000000b7f00000, 0x00000000b7f00000| Complete 
| 896|0x00000000b8000000, 0x00000000b8100000, 0x00000000b8100000|100%|HC|  |TAMS 0x00000000b8000000, 0x00000000b8000000| Complete 
| 897|0x00000000b8100000, 0x00000000b8200000, 0x00000000b8200000|100%|HS|  |TAMS 0x00000000b8100000, 0x00000000b8100000| Complete 
| 898|0x00000000b8200000, 0x00000000b8300000, 0x00000000b8300000|100%|HC|  |TAMS 0x00000000b8200000, 0x00000000b8200000| Complete 
| 899|0x00000000b8300000, 0x00000000b8400000, 0x00000000b8400000|100%|HS|  |TAMS 0x00000000b8300000, 0x00000000b8300000| Complete 
| 900|0x00000000b8400000, 0x00000000b8500000, 0x00000000b8500000|100%|HC|  |TAMS 0x00000000b8400000, 0x00000000b8400000| Complete 
| 901|0x00000000b8500000, 0x00000000b8600000, 0x00000000b8600000|100%|HS|  |TAMS 0x00000000b8500000, 0x00000000b8500000| Complete 
| 902|0x00000000b8600000, 0x00000000b8700000, 0x00000000b8700000|100%|HC|  |TAMS 0x00000000b8600000, 0x00000000b8600000| Complete 
| 903|0x00000000b8700000, 0x00000000b8800000, 0x00000000b8800000|100%|HS|  |TAMS 0x00000000b8700000, 0x00000000b8700000| Complete 
| 904|0x00000000b8800000, 0x00000000b8900000, 0x00000000b8900000|100%|HC|  |TAMS 0x00000000b8800000, 0x00000000b8800000| Complete 
| 905|0x00000000b8900000, 0x00000000b8a00000, 0x00000000b8a00000|100%|HS|  |TAMS 0x00000000b8900000, 0x00000000b8900000| Complete 
| 906|0x00000000b8a00000, 0x00000000b8b00000, 0x00000000b8b00000|100%|HC|  |TAMS 0x00000000b8a00000, 0x00000000b8a00000| Complete 
| 907|0x00000000b8b00000, 0x00000000b8c00000, 0x00000000b8c00000|100%|HS|  |TAMS 0x00000000b8b00000, 0x00000000b8b00000| Complete 
| 908|0x00000000b8c00000, 0x00000000b8d00000, 0x00000000b8d00000|100%|HC|  |TAMS 0x00000000b8c00000, 0x00000000b8c00000| Complete 
| 909|0x00000000b8d00000, 0x00000000b8e00000, 0x00000000b8e00000|100%|HS|  |TAMS 0x00000000b8d00000, 0x00000000b8d00000| Complete 
| 910|0x00000000b8e00000, 0x00000000b8f00000, 0x00000000b8f00000|100%|HC|  |TAMS 0x00000000b8e00000, 0x00000000b8e00000| Complete 
| 911|0x00000000b8f00000, 0x00000000b9000000, 0x00000000b9000000|100%|HS|  |TAMS 0x00000000b8f00000, 0x00000000b8f00000| Complete 
| 912|0x00000000b9000000, 0x00000000b9100000, 0x00000000b9100000|100%|HC|  |TAMS 0x00000000b9000000, 0x00000000b9000000| Complete 
| 913|0x00000000b9100000, 0x00000000b9200000, 0x00000000b9200000|100%|HS|  |TAMS 0x00000000b9100000, 0x00000000b9100000| Complete 
| 914|0x00000000b9200000, 0x00000000b9300000, 0x00000000b9300000|100%|HC|  |TAMS 0x00000000b9200000, 0x00000000b9200000| Complete 
| 915|0x00000000b9300000, 0x00000000b9400000, 0x00000000b9400000|100%|HS|  |TAMS 0x00000000b9300000, 0x00000000b9300000| Complete 
| 916|0x00000000b9400000, 0x00000000b9500000, 0x00000000b9500000|100%|HC|  |TAMS 0x00000000b9400000, 0x00000000b9400000| Complete 
| 917|0x00000000b9500000, 0x00000000b9600000, 0x00000000b9600000|100%|HS|  |TAMS 0x00000000b9500000, 0x00000000b9500000| Complete 
| 918|0x00000000b9600000, 0x00000000b9700000, 0x00000000b9700000|100%|HC|  |TAMS 0x00000000b9600000, 0x00000000b9600000| Complete 
| 919|0x00000000b9700000, 0x00000000b9800000, 0x00000000b9800000|100%|HS|  |TAMS 0x00000000b9700000, 0x00000000b9700000| Complete 
| 920|0x00000000b9800000, 0x00000000b9900000, 0x00000000b9900000|100%|HC|  |TAMS 0x00000000b9800000, 0x00000000b9800000| Complete 
| 921|0x00000000b9900000, 0x00000000b9a00000, 0x00000000b9a00000|100%|HS|  |TAMS 0x00000000b9900000, 0x00000000b9900000| Complete 
| 922|0x00000000b9a00000, 0x00000000b9b00000, 0x00000000b9b00000|100%|HC|  |TAMS 0x00000000b9a00000, 0x00000000b9a00000| Complete 
| 923|0x00000000b9b00000, 0x00000000b9c00000, 0x00000000b9c00000|100%|HS|  |TAMS 0x00000000b9b00000, 0x00000000b9b00000| Complete 
| 924|0x00000000b9c00000, 0x00000000b9d00000, 0x00000000b9d00000|100%|HC|  |TAMS 0x00000000b9c00000, 0x00000000b9c00000| Complete 
| 925|0x00000000b9d00000, 0x00000000b9e00000, 0x00000000b9e00000|100%|HS|  |TAMS 0x00000000b9d00000, 0x00000000b9d00000| Complete 
| 926|0x00000000b9e00000, 0x00000000b9f00000, 0x00000000b9f00000|100%|HC|  |TAMS 0x00000000b9e00000, 0x00000000b9e00000| Complete 
| 927|0x00000000b9f00000, 0x00000000ba000000, 0x00000000ba000000|100%|HS|  |TAMS 0x00000000b9f00000, 0x00000000b9f00000| Complete 
| 928|0x00000000ba000000, 0x00000000ba100000, 0x00000000ba100000|100%|HC|  |TAMS 0x00000000ba000000, 0x00000000ba000000| Complete 
| 929|0x00000000ba100000, 0x00000000ba200000, 0x00000000ba200000|100%|HS|  |TAMS 0x00000000ba100000, 0x00000000ba100000| Complete 
| 930|0x00000000ba200000, 0x00000000ba300000, 0x00000000ba300000|100%|HC|  |TAMS 0x00000000ba200000, 0x00000000ba200000| Complete 
| 931|0x00000000ba300000, 0x00000000ba400000, 0x00000000ba400000|100%|HS|  |TAMS 0x00000000ba300000, 0x00000000ba300000| Complete 
| 932|0x00000000ba400000, 0x00000000ba500000, 0x00000000ba500000|100%|HC|  |TAMS 0x00000000ba400000, 0x00000000ba400000| Complete 
| 933|0x00000000ba500000, 0x00000000ba600000, 0x00000000ba600000|100%|HS|  |TAMS 0x00000000ba500000, 0x00000000ba500000| Complete 
| 934|0x00000000ba600000, 0x00000000ba700000, 0x00000000ba700000|100%|HC|  |TAMS 0x00000000ba600000, 0x00000000ba600000| Complete 
| 935|0x00000000ba700000, 0x00000000ba800000, 0x00000000ba800000|100%|HS|  |TAMS 0x00000000ba700000, 0x00000000ba700000| Complete 
| 936|0x00000000ba800000, 0x00000000ba900000, 0x00000000ba900000|100%|HC|  |TAMS 0x00000000ba800000, 0x00000000ba800000| Complete 
| 937|0x00000000ba900000, 0x00000000baa00000, 0x00000000baa00000|100%|HS|  |TAMS 0x00000000ba900000, 0x00000000ba900000| Complete 
| 938|0x00000000baa00000, 0x00000000bab00000, 0x00000000bab00000|100%|HC|  |TAMS 0x00000000baa00000, 0x00000000baa00000| Complete 
| 939|0x00000000bab00000, 0x00000000bac00000, 0x00000000bac00000|100%|HS|  |TAMS 0x00000000bab00000, 0x00000000bab00000| Complete 
| 940|0x00000000bac00000, 0x00000000bad00000, 0x00000000bad00000|100%|HC|  |TAMS 0x00000000bac00000, 0x00000000bac00000| Complete 
| 941|0x00000000bad00000, 0x00000000bae00000, 0x00000000bae00000|100%|HS|  |TAMS 0x00000000bad00000, 0x00000000bad00000| Complete 
| 942|0x00000000bae00000, 0x00000000baf00000, 0x00000000baf00000|100%|HC|  |TAMS 0x00000000bae00000, 0x00000000bae00000| Complete 
| 943|0x00000000baf00000, 0x00000000bb000000, 0x00000000bb000000|100%|HS|  |TAMS 0x00000000baf00000, 0x00000000baf00000| Complete 
| 944|0x00000000bb000000, 0x00000000bb100000, 0x00000000bb100000|100%|HC|  |TAMS 0x00000000bb000000, 0x00000000bb000000| Complete 
| 945|0x00000000bb100000, 0x00000000bb200000, 0x00000000bb200000|100%|HS|  |TAMS 0x00000000bb100000, 0x00000000bb100000| Complete 
| 946|0x00000000bb200000, 0x00000000bb300000, 0x00000000bb300000|100%|HC|  |TAMS 0x00000000bb200000, 0x00000000bb200000| Complete 
| 947|0x00000000bb300000, 0x00000000bb400000, 0x00000000bb400000|100%|HS|  |TAMS 0x00000000bb300000, 0x00000000bb300000| Complete 
| 948|0x00000000bb400000, 0x00000000bb500000, 0x00000000bb500000|100%|HC|  |TAMS 0x00000000bb400000, 0x00000000bb400000| Complete 
| 949|0x00000000bb500000, 0x00000000bb600000, 0x00000000bb600000|100%|HS|  |TAMS 0x00000000bb500000, 0x00000000bb500000| Complete 
| 950|0x00000000bb600000, 0x00000000bb700000, 0x00000000bb700000|100%|HC|  |TAMS 0x00000000bb600000, 0x00000000bb600000| Complete 
| 951|0x00000000bb700000, 0x00000000bb800000, 0x00000000bb800000|100%|HS|  |TAMS 0x00000000bb700000, 0x00000000bb700000| Complete 
| 952|0x00000000bb800000, 0x00000000bb900000, 0x00000000bb900000|100%|HC|  |TAMS 0x00000000bb800000, 0x00000000bb800000| Complete 
| 953|0x00000000bb900000, 0x00000000bba00000, 0x00000000bba00000|100%|HS|  |TAMS 0x00000000bb900000, 0x00000000bb900000| Complete 
| 954|0x00000000bba00000, 0x00000000bbb00000, 0x00000000bbb00000|100%|HC|  |TAMS 0x00000000bba00000, 0x00000000bba00000| Complete 
| 955|0x00000000bbb00000, 0x00000000bbc00000, 0x00000000bbc00000|100%|HS|  |TAMS 0x00000000bbb00000, 0x00000000bbb00000| Complete 
| 956|0x00000000bbc00000, 0x00000000bbd00000, 0x00000000bbd00000|100%|HC|  |TAMS 0x00000000bbc00000, 0x00000000bbc00000| Complete 
| 957|0x00000000bbd00000, 0x00000000bbe00000, 0x00000000bbe00000|100%|HS|  |TAMS 0x00000000bbd00000, 0x00000000bbd00000| Complete 
| 958|0x00000000bbe00000, 0x00000000bbf00000, 0x00000000bbf00000|100%|HC|  |TAMS 0x00000000bbe00000, 0x00000000bbe00000| Complete 
| 959|0x00000000bbf00000, 0x00000000bc000000, 0x00000000bc000000|100%|HS|  |TAMS 0x00000000bbf00000, 0x00000000bbf00000| Complete 
| 960|0x00000000bc000000, 0x00000000bc100000, 0x00000000bc100000|100%|HC|  |TAMS 0x00000000bc000000, 0x00000000bc000000| Complete 
| 961|0x00000000bc100000, 0x00000000bc200000, 0x00000000bc200000|100%|HS|  |TAMS 0x00000000bc100000, 0x00000000bc100000| Complete 
| 962|0x00000000bc200000, 0x00000000bc300000, 0x00000000bc300000|100%|HC|  |TAMS 0x00000000bc200000, 0x00000000bc200000| Complete 
| 963|0x00000000bc300000, 0x00000000bc400000, 0x00000000bc400000|100%|HS|  |TAMS 0x00000000bc300000, 0x00000000bc300000| Complete 
| 964|0x00000000bc400000, 0x00000000bc500000, 0x00000000bc500000|100%|HC|  |TAMS 0x00000000bc400000, 0x00000000bc400000| Complete 
| 965|0x00000000bc500000, 0x00000000bc600000, 0x00000000bc600000|100%|HS|  |TAMS 0x00000000bc500000, 0x00000000bc500000| Complete 
| 966|0x00000000bc600000, 0x00000000bc700000, 0x00000000bc700000|100%|HC|  |TAMS 0x00000000bc600000, 0x00000000bc600000| Complete 
| 967|0x00000000bc700000, 0x00000000bc800000, 0x00000000bc800000|100%|HS|  |TAMS 0x00000000bc700000, 0x00000000bc700000| Complete 
| 968|0x00000000bc800000, 0x00000000bc900000, 0x00000000bc900000|100%|HC|  |TAMS 0x00000000bc800000, 0x00000000bc800000| Complete 
| 969|0x00000000bc900000, 0x00000000bca00000, 0x00000000bca00000|100%|HS|  |TAMS 0x00000000bc900000, 0x00000000bc900000| Complete 
| 970|0x00000000bca00000, 0x00000000bcb00000, 0x00000000bcb00000|100%|HC|  |TAMS 0x00000000bca00000, 0x00000000bca00000| Complete 
| 971|0x00000000bcb00000, 0x00000000bcc00000, 0x00000000bcc00000|100%|HS|  |TAMS 0x00000000bcb00000, 0x00000000bcb00000| Complete 
| 972|0x00000000bcc00000, 0x00000000bcd00000, 0x00000000bcd00000|100%|HC|  |TAMS 0x00000000bcc00000, 0x00000000bcc00000| Complete 
| 973|0x00000000bcd00000, 0x00000000bce00000, 0x00000000bce00000|100%|HS|  |TAMS 0x00000000bcd00000, 0x00000000bcd00000| Complete 
| 974|0x00000000bce00000, 0x00000000bcf00000, 0x00000000bcf00000|100%|HC|  |TAMS 0x00000000bce00000, 0x00000000bce00000| Complete 
| 975|0x00000000bcf00000, 0x00000000bd000000, 0x00000000bd000000|100%|HS|  |TAMS 0x00000000bcf00000, 0x00000000bcf00000| Complete 
| 976|0x00000000bd000000, 0x00000000bd100000, 0x00000000bd100000|100%|HC|  |TAMS 0x00000000bd000000, 0x00000000bd000000| Complete 
| 977|0x00000000bd100000, 0x00000000bd200000, 0x00000000bd200000|100%|HS|  |TAMS 0x00000000bd100000, 0x00000000bd100000| Complete 
| 978|0x00000000bd200000, 0x00000000bd300000, 0x00000000bd300000|100%|HC|  |TAMS 0x00000000bd200000, 0x00000000bd200000| Complete 
| 979|0x00000000bd300000, 0x00000000bd400000, 0x00000000bd400000|100%|HS|  |TAMS 0x00000000bd300000, 0x00000000bd300000| Complete 
| 980|0x00000000bd400000, 0x00000000bd500000, 0x00000000bd500000|100%|HC|  |TAMS 0x00000000bd400000, 0x00000000bd400000| Complete 
| 981|0x00000000bd500000, 0x00000000bd600000, 0x00000000bd600000|100%|HS|  |TAMS 0x00000000bd500000, 0x00000000bd500000| Complete 
| 982|0x00000000bd600000, 0x00000000bd700000, 0x00000000bd700000|100%|HC|  |TAMS 0x00000000bd600000, 0x00000000bd600000| Complete 
| 983|0x00000000bd700000, 0x00000000bd800000, 0x00000000bd800000|100%|HS|  |TAMS 0x00000000bd700000, 0x00000000bd700000| Complete 
| 984|0x00000000bd800000, 0x00000000bd900000, 0x00000000bd900000|100%|HC|  |TAMS 0x00000000bd800000, 0x00000000bd800000| Complete 
| 985|0x00000000bd900000, 0x00000000bda00000, 0x00000000bda00000|100%|HS|  |TAMS 0x00000000bd900000, 0x00000000bd900000| Complete 
| 986|0x00000000bda00000, 0x00000000bdb00000, 0x00000000bdb00000|100%|HC|  |TAMS 0x00000000bda00000, 0x00000000bda00000| Complete 
| 987|0x00000000bdb00000, 0x00000000bdc00000, 0x00000000bdc00000|100%|HS|  |TAMS 0x00000000bdb00000, 0x00000000bdb00000| Complete 
| 988|0x00000000bdc00000, 0x00000000bdd00000, 0x00000000bdd00000|100%|HC|  |TAMS 0x00000000bdc00000, 0x00000000bdc00000| Complete 
| 989|0x00000000bdd00000, 0x00000000bde00000, 0x00000000bde00000|100%|HS|  |TAMS 0x00000000bdd00000, 0x00000000bdd00000| Complete 
| 990|0x00000000bde00000, 0x00000000bdf00000, 0x00000000bdf00000|100%|HC|  |TAMS 0x00000000bde00000, 0x00000000bde00000| Complete 
| 991|0x00000000bdf00000, 0x00000000be000000, 0x00000000be000000|100%|HS|  |TAMS 0x00000000bdf00000, 0x00000000bdf00000| Complete 
| 992|0x00000000be000000, 0x00000000be100000, 0x00000000be100000|100%|HC|  |TAMS 0x00000000be000000, 0x00000000be000000| Complete 
| 993|0x00000000be100000, 0x00000000be200000, 0x00000000be200000|100%|HS|  |TAMS 0x00000000be100000, 0x00000000be100000| Complete 
| 994|0x00000000be200000, 0x00000000be300000, 0x00000000be300000|100%|HC|  |TAMS 0x00000000be200000, 0x00000000be200000| Complete 
| 995|0x00000000be300000, 0x00000000be400000, 0x00000000be400000|100%|HS|  |TAMS 0x00000000be300000, 0x00000000be300000| Complete 
| 996|0x00000000be400000, 0x00000000be500000, 0x00000000be500000|100%|HC|  |TAMS 0x00000000be400000, 0x00000000be400000| Complete 
| 997|0x00000000be500000, 0x00000000be600000, 0x00000000be600000|100%|HS|  |TAMS 0x00000000be500000, 0x00000000be500000| Complete 
| 998|0x00000000be600000, 0x00000000be700000, 0x00000000be700000|100%|HC|  |TAMS 0x00000000be600000, 0x00000000be600000| Complete 
| 999|0x00000000be700000, 0x00000000be800000, 0x00000000be800000|100%|HS|  |TAMS 0x00000000be700000, 0x00000000be700000| Complete 
|1000|0x00000000be800000, 0x00000000be900000, 0x00000000be900000|100%|HC|  |TAMS 0x00000000be800000, 0x00000000be800000| Complete 
|1001|0x00000000be900000, 0x00000000bea00000, 0x00000000bea00000|100%|HS|  |TAMS 0x00000000be900000, 0x00000000be900000| Complete 
|1002|0x00000000bea00000, 0x00000000beb00000, 0x00000000beb00000|100%|HC|  |TAMS 0x00000000bea00000, 0x00000000bea00000| Complete 
|1003|0x00000000beb00000, 0x00000000bec00000, 0x00000000bec00000|100%|HS|  |TAMS 0x00000000beb00000, 0x00000000beb00000| Complete 
|1004|0x00000000bec00000, 0x00000000bed00000, 0x00000000bed00000|100%|HC|  |TAMS 0x00000000bec00000, 0x00000000bec00000| Complete 
|1005|0x00000000bed00000, 0x00000000bee00000, 0x00000000bee00000|100%|HS|  |TAMS 0x00000000bed00000, 0x00000000bed00000| Complete 
|1006|0x00000000bee00000, 0x00000000bef00000, 0x00000000bef00000|100%|HC|  |TAMS 0x00000000bee00000, 0x00000000bee00000| Complete 
|1007|0x00000000bef00000, 0x00000000bf000000, 0x00000000bf000000|100%|HS|  |TAMS 0x00000000bef00000, 0x00000000bef00000| Complete 
|1008|0x00000000bf000000, 0x00000000bf100000, 0x00000000bf100000|100%|HC|  |TAMS 0x00000000bf000000, 0x00000000bf000000| Complete 
|1009|0x00000000bf100000, 0x00000000bf200000, 0x00000000bf200000|100%|HS|  |TAMS 0x00000000bf100000, 0x00000000bf100000| Complete 
|1010|0x00000000bf200000, 0x00000000bf300000, 0x00000000bf300000|100%|HC|  |TAMS 0x00000000bf200000, 0x00000000bf200000| Complete 
|1011|0x00000000bf300000, 0x00000000bf400000, 0x00000000bf400000|100%|HS|  |TAMS 0x00000000bf300000, 0x00000000bf300000| Complete 
|1012|0x00000000bf400000, 0x00000000bf500000, 0x00000000bf500000|100%|HC|  |TAMS 0x00000000bf400000, 0x00000000bf400000| Complete 
|1013|0x00000000bf500000, 0x00000000bf600000, 0x00000000bf600000|100%|HS|  |TAMS 0x00000000bf500000, 0x00000000bf500000| Complete 
|1014|0x00000000bf600000, 0x00000000bf700000, 0x00000000bf700000|100%|HC|  |TAMS 0x00000000bf600000, 0x00000000bf600000| Complete 
|1015|0x00000000bf700000, 0x00000000bf800000, 0x00000000bf800000|100%|HS|  |TAMS 0x00000000bf700000, 0x00000000bf700000| Complete 
|1016|0x00000000bf800000, 0x00000000bf900000, 0x00000000bf900000|100%|HC|  |TAMS 0x00000000bf800000, 0x00000000bf800000| Complete 
|1017|0x00000000bf900000, 0x00000000bfa00000, 0x00000000bfa00000|100%|HS|  |TAMS 0x00000000bf900000, 0x00000000bf900000| Complete 
|1018|0x00000000bfa00000, 0x00000000bfb00000, 0x00000000bfb00000|100%|HC|  |TAMS 0x00000000bfa00000, 0x00000000bfa00000| Complete 
|1019|0x00000000bfb00000, 0x00000000bfc00000, 0x00000000bfc00000|100%|HS|  |TAMS 0x00000000bfb00000, 0x00000000bfb00000| Complete 
|1020|0x00000000bfc00000, 0x00000000bfd00000, 0x00000000bfd00000|100%|HC|  |TAMS 0x00000000bfc00000, 0x00000000bfc00000| Complete 
|1021|0x00000000bfd00000, 0x00000000bfe00000, 0x00000000bfe00000|100%|HS|  |TAMS 0x00000000bfd00000, 0x00000000bfd00000| Complete 
|1022|0x00000000bfe00000, 0x00000000bff00000, 0x00000000bff00000|100%|HC|  |TAMS 0x00000000bfe00000, 0x00000000bfe00000| Complete 
|1023|0x00000000bff00000, 0x00000000c0000000, 0x00000000c0000000|100%|HS|  |TAMS 0x00000000bff00000, 0x00000000bff00000| Complete 
|1024|0x00000000c0000000, 0x00000000c0100000, 0x00000000c0100000|100%|HC|  |TAMS 0x00000000c0000000, 0x00000000c0000000| Complete 
|1025|0x00000000c0100000, 0x00000000c0200000, 0x00000000c0200000|100%|HS|  |TAMS 0x00000000c0100000, 0x00000000c0100000| Complete 
|1026|0x00000000c0200000, 0x00000000c0300000, 0x00000000c0300000|100%|HC|  |TAMS 0x00000000c0200000, 0x00000000c0200000| Complete 
|1027|0x00000000c0300000, 0x00000000c0300000, 0x00000000c0400000|  0%| F|  |TAMS 0x00000000c0300000, 0x00000000c0300000| Untracked 
|1028|0x00000000c0400000, 0x00000000c0400000, 0x00000000c0500000|  0%| F|  |TAMS 0x00000000c0400000, 0x00000000c0400000| Untracked 
|1029|0x00000000c0500000, 0x00000000c0500000, 0x00000000c0600000|  0%| F|  |TAMS 0x00000000c0500000, 0x00000000c0500000| Untracked 
|1030|0x00000000c0600000, 0x00000000c0600000, 0x00000000c0700000|  0%| F|  |TAMS 0x00000000c0600000, 0x00000000c0600000| Untracked 
|1031|0x00000000c0700000, 0x00000000c0700000, 0x00000000c0800000|  0%| F|  |TAMS 0x00000000c0700000, 0x00000000c0700000| Untracked 
|1032|0x00000000c0800000, 0x00000000c0800000, 0x00000000c0900000|  0%| F|  |TAMS 0x00000000c0800000, 0x00000000c0800000| Untracked 
|1033|0x00000000c0900000, 0x00000000c0900000, 0x00000000c0a00000|  0%| F|  |TAMS 0x00000000c0900000, 0x00000000c0900000| Untracked 
|1034|0x00000000c0a00000, 0x00000000c0a00000, 0x00000000c0b00000|  0%| F|  |TAMS 0x00000000c0a00000, 0x00000000c0a00000| Untracked 
|1035|0x00000000c0b00000, 0x00000000c0b00000, 0x00000000c0c00000|  0%| F|  |TAMS 0x00000000c0b00000, 0x00000000c0b00000| Untracked 
|1036|0x00000000c0c00000, 0x00000000c0c00000, 0x00000000c0d00000|  0%| F|  |TAMS 0x00000000c0c00000, 0x00000000c0c00000| Untracked 
|1037|0x00000000c0d00000, 0x00000000c0d00000, 0x00000000c0e00000|  0%| F|  |TAMS 0x00000000c0d00000, 0x00000000c0d00000| Untracked 
|1038|0x00000000c0e00000, 0x00000000c0e00000, 0x00000000c0f00000|  0%| F|  |TAMS 0x00000000c0e00000, 0x00000000c0e00000| Untracked 
|1039|0x00000000c0f00000, 0x00000000c0f00000, 0x00000000c1000000|  0%| F|  |TAMS 0x00000000c0f00000, 0x00000000c0f00000| Untracked 
|1040|0x00000000c1000000, 0x00000000c1000000, 0x00000000c1100000|  0%| F|  |TAMS 0x00000000c1000000, 0x00000000c1000000| Untracked 
|1041|0x00000000c1100000, 0x00000000c1100000, 0x00000000c1200000|  0%| F|  |TAMS 0x00000000c1100000, 0x00000000c1100000| Untracked 
|1042|0x00000000c1200000, 0x00000000c1200000, 0x00000000c1300000|  0%| F|  |TAMS 0x00000000c1200000, 0x00000000c1200000| Untracked 
|1043|0x00000000c1300000, 0x00000000c1300000, 0x00000000c1400000|  0%| F|  |TAMS 0x00000000c1300000, 0x00000000c1300000| Untracked 
|1044|0x00000000c1400000, 0x00000000c1400000, 0x00000000c1500000|  0%| F|  |TAMS 0x00000000c1400000, 0x00000000c1400000| Untracked 
|1045|0x00000000c1500000, 0x00000000c1500000, 0x00000000c1600000|  0%| F|  |TAMS 0x00000000c1500000, 0x00000000c1500000| Untracked 
|1046|0x00000000c1600000, 0x00000000c1600000, 0x00000000c1700000|  0%| F|  |TAMS 0x00000000c1600000, 0x00000000c1600000| Untracked 
|1047|0x00000000c1700000, 0x00000000c1700000, 0x00000000c1800000|  0%| F|  |TAMS 0x00000000c1700000, 0x00000000c1700000| Untracked 
|1048|0x00000000c1800000, 0x00000000c1800000, 0x00000000c1900000|  0%| F|  |TAMS 0x00000000c1800000, 0x00000000c1800000| Untracked 
|1049|0x00000000c1900000, 0x00000000c1900000, 0x00000000c1a00000|  0%| F|  |TAMS 0x00000000c1900000, 0x00000000c1900000| Untracked 
|1050|0x00000000c1a00000, 0x00000000c1a00000, 0x00000000c1b00000|  0%| F|  |TAMS 0x00000000c1a00000, 0x00000000c1a00000| Untracked 
|1051|0x00000000c1b00000, 0x00000000c1b00000, 0x00000000c1c00000|  0%| F|  |TAMS 0x00000000c1b00000, 0x00000000c1b00000| Untracked 
|1052|0x00000000c1c00000, 0x00000000c1c00000, 0x00000000c1d00000|  0%| F|  |TAMS 0x00000000c1c00000, 0x00000000c1c00000| Untracked 
|1053|0x00000000c1d00000, 0x00000000c1d00000, 0x00000000c1e00000|  0%| F|  |TAMS 0x00000000c1d00000, 0x00000000c1d00000| Untracked 
|1054|0x00000000c1e00000, 0x00000000c1e00000, 0x00000000c1f00000|  0%| F|  |TAMS 0x00000000c1e00000, 0x00000000c1e00000| Untracked 
|1055|0x00000000c1f00000, 0x00000000c1f00000, 0x00000000c2000000|  0%| F|  |TAMS 0x00000000c1f00000, 0x00000000c1f00000| Untracked 
|1056|0x00000000c2000000, 0x00000000c2000000, 0x00000000c2100000|  0%| F|  |TAMS 0x00000000c2000000, 0x00000000c2000000| Untracked 
|1057|0x00000000c2100000, 0x00000000c2100000, 0x00000000c2200000|  0%| F|  |TAMS 0x00000000c2100000, 0x00000000c2100000| Untracked 
|1058|0x00000000c2200000, 0x00000000c2200000, 0x00000000c2300000|  0%| F|  |TAMS 0x00000000c2200000, 0x00000000c2200000| Untracked 
|1059|0x00000000c2300000, 0x00000000c2300000, 0x00000000c2400000|  0%| F|  |TAMS 0x00000000c2300000, 0x00000000c2300000| Untracked 
|1060|0x00000000c2400000, 0x00000000c2400000, 0x00000000c2500000|  0%| F|  |TAMS 0x00000000c2400000, 0x00000000c2400000| Untracked 
|1061|0x00000000c2500000, 0x00000000c2500000, 0x00000000c2600000|  0%| F|  |TAMS 0x00000000c2500000, 0x00000000c2500000| Untracked 
|1062|0x00000000c2600000, 0x00000000c2600000, 0x00000000c2700000|  0%| F|  |TAMS 0x00000000c2600000, 0x00000000c2600000| Untracked 
|1063|0x00000000c2700000, 0x00000000c2700000, 0x00000000c2800000|  0%| F|  |TAMS 0x00000000c2700000, 0x00000000c2700000| Untracked 
|1064|0x00000000c2800000, 0x00000000c2800000, 0x00000000c2900000|  0%| F|  |TAMS 0x00000000c2800000, 0x00000000c2800000| Untracked 
|1065|0x00000000c2900000, 0x00000000c2900000, 0x00000000c2a00000|  0%| F|  |TAMS 0x00000000c2900000, 0x00000000c2900000| Untracked 
|1066|0x00000000c2a00000, 0x00000000c2a00000, 0x00000000c2b00000|  0%| F|  |TAMS 0x00000000c2a00000, 0x00000000c2a00000| Untracked 
|1067|0x00000000c2b00000, 0x00000000c2b00000, 0x00000000c2c00000|  0%| F|  |TAMS 0x00000000c2b00000, 0x00000000c2b00000| Untracked 
|1068|0x00000000c2c00000, 0x00000000c2c00000, 0x00000000c2d00000|  0%| F|  |TAMS 0x00000000c2c00000, 0x00000000c2c00000| Untracked 
|1069|0x00000000c2d00000, 0x00000000c2d00000, 0x00000000c2e00000|  0%| F|  |TAMS 0x00000000c2d00000, 0x00000000c2d00000| Untracked 
|1070|0x00000000c2e00000, 0x00000000c2e00000, 0x00000000c2f00000|  0%| F|  |TAMS 0x00000000c2e00000, 0x00000000c2e00000| Untracked 
|1071|0x00000000c2f00000, 0x00000000c2f00000, 0x00000000c3000000|  0%| F|  |TAMS 0x00000000c2f00000, 0x00000000c2f00000| Untracked 
|1072|0x00000000c3000000, 0x00000000c3000000, 0x00000000c3100000|  0%| F|  |TAMS 0x00000000c3000000, 0x00000000c3000000| Untracked 
|1073|0x00000000c3100000, 0x00000000c3100000, 0x00000000c3200000|  0%| F|  |TAMS 0x00000000c3100000, 0x00000000c3100000| Untracked 
|1074|0x00000000c3200000, 0x00000000c3200000, 0x00000000c3300000|  0%| F|  |TAMS 0x00000000c3200000, 0x00000000c3200000| Untracked 
|1075|0x00000000c3300000, 0x00000000c3300000, 0x00000000c3400000|  0%| F|  |TAMS 0x00000000c3300000, 0x00000000c3300000| Untracked 
|1076|0x00000000c3400000, 0x00000000c3400000, 0x00000000c3500000|  0%| F|  |TAMS 0x00000000c3400000, 0x00000000c3400000| Untracked 
|1077|0x00000000c3500000, 0x00000000c3500000, 0x00000000c3600000|  0%| F|  |TAMS 0x00000000c3500000, 0x00000000c3500000| Untracked 
|1078|0x00000000c3600000, 0x00000000c3600000, 0x00000000c3700000|  0%| F|  |TAMS 0x00000000c3600000, 0x00000000c3600000| Untracked 
|1079|0x00000000c3700000, 0x00000000c3700000, 0x00000000c3800000|  0%| F|  |TAMS 0x00000000c3700000, 0x00000000c3700000| Untracked 
|1080|0x00000000c3800000, 0x00000000c3800000, 0x00000000c3900000|  0%| F|  |TAMS 0x00000000c3800000, 0x00000000c3800000| Untracked 
|1081|0x00000000c3900000, 0x00000000c3900000, 0x00000000c3a00000|  0%| F|  |TAMS 0x00000000c3900000, 0x00000000c3900000| Untracked 
|1082|0x00000000c3a00000, 0x00000000c3a00000, 0x00000000c3b00000|  0%| F|  |TAMS 0x00000000c3a00000, 0x00000000c3a00000| Untracked 
|1083|0x00000000c3b00000, 0x00000000c3c00000, 0x00000000c3c00000|100%| O|  |TAMS 0x00000000c3c00000, 0x00000000c3b00000| Untracked 
|1084|0x00000000c3c00000, 0x00000000c3c00000, 0x00000000c3d00000|  0%| F|  |TAMS 0x00000000c3c00000, 0x00000000c3c00000| Untracked 
|1085|0x00000000c3d00000, 0x00000000c3d00000, 0x00000000c3e00000|  0%| F|  |TAMS 0x00000000c3d00000, 0x00000000c3d00000| Untracked 
|1086|0x00000000c3e00000, 0x00000000c3e00000, 0x00000000c3f00000|  0%| F|  |TAMS 0x00000000c3e00000, 0x00000000c3e00000| Untracked 
|1087|0x00000000c3f00000, 0x00000000c3f00000, 0x00000000c4000000|  0%| F|  |TAMS 0x00000000c3f00000, 0x00000000c3f00000| Untracked 
|1088|0x00000000c4000000, 0x00000000c4000000, 0x00000000c4100000|  0%| F|  |TAMS 0x00000000c4000000, 0x00000000c4000000| Untracked 
|1089|0x00000000c4100000, 0x00000000c4100000, 0x00000000c4200000|  0%| F|  |TAMS 0x00000000c4100000, 0x00000000c4100000| Untracked 
|1090|0x00000000c4200000, 0x00000000c4200000, 0x00000000c4300000|  0%| F|  |TAMS 0x00000000c4200000, 0x00000000c4200000| Untracked 
|1091|0x00000000c4300000, 0x00000000c4300000, 0x00000000c4400000|  0%| F|  |TAMS 0x00000000c4300000, 0x00000000c4300000| Untracked 
|1092|0x00000000c4400000, 0x00000000c4400000, 0x00000000c4500000|  0%| F|  |TAMS 0x00000000c4400000, 0x00000000c4400000| Untracked 
|1093|0x00000000c4500000, 0x00000000c4500000, 0x00000000c4600000|  0%| F|  |TAMS 0x00000000c4500000, 0x00000000c4500000| Untracked 
|1094|0x00000000c4600000, 0x00000000c4600000, 0x00000000c4700000|  0%| F|  |TAMS 0x00000000c4600000, 0x00000000c4600000| Untracked 
|1095|0x00000000c4700000, 0x00000000c4700000, 0x00000000c4800000|  0%| F|  |TAMS 0x00000000c4700000, 0x00000000c4700000| Untracked 
|1096|0x00000000c4800000, 0x00000000c4800000, 0x00000000c4900000|  0%| F|  |TAMS 0x00000000c4800000, 0x00000000c4800000| Untracked 
|1097|0x00000000c4900000, 0x00000000c4900000, 0x00000000c4a00000|  0%| F|  |TAMS 0x00000000c4900000, 0x00000000c4900000| Untracked 
|1098|0x00000000c4a00000, 0x00000000c4a00000, 0x00000000c4b00000|  0%| F|  |TAMS 0x00000000c4a00000, 0x00000000c4a00000| Untracked 
|1099|0x00000000c4b00000, 0x00000000c4b00000, 0x00000000c4c00000|  0%| F|  |TAMS 0x00000000c4b00000, 0x00000000c4b00000| Untracked 
|1100|0x00000000c4c00000, 0x00000000c4c00000, 0x00000000c4d00000|  0%| F|  |TAMS 0x00000000c4c00000, 0x00000000c4c00000| Untracked 
|1101|0x00000000c4d00000, 0x00000000c4d00000, 0x00000000c4e00000|  0%| F|  |TAMS 0x00000000c4d00000, 0x00000000c4d00000| Untracked 
|1102|0x00000000c4e00000, 0x00000000c4e00000, 0x00000000c4f00000|  0%| F|  |TAMS 0x00000000c4e00000, 0x00000000c4e00000| Untracked 
|1103|0x00000000c4f00000, 0x00000000c4f00000, 0x00000000c5000000|  0%| F|  |TAMS 0x00000000c4f00000, 0x00000000c4f00000| Untracked 
|1104|0x00000000c5000000, 0x00000000c5000000, 0x00000000c5100000|  0%| F|  |TAMS 0x00000000c5000000, 0x00000000c5000000| Untracked 
|1105|0x00000000c5100000, 0x00000000c5100000, 0x00000000c5200000|  0%| F|  |TAMS 0x00000000c5100000, 0x00000000c5100000| Untracked 
|1106|0x00000000c5200000, 0x00000000c5200000, 0x00000000c5300000|  0%| F|  |TAMS 0x00000000c5200000, 0x00000000c5200000| Untracked 
|1107|0x00000000c5300000, 0x00000000c5300000, 0x00000000c5400000|  0%| F|  |TAMS 0x00000000c5300000, 0x00000000c5300000| Untracked 
|1108|0x00000000c5400000, 0x00000000c5400000, 0x00000000c5500000|  0%| F|  |TAMS 0x00000000c5400000, 0x00000000c5400000| Untracked 
|1109|0x00000000c5500000, 0x00000000c5500000, 0x00000000c5600000|  0%| F|  |TAMS 0x00000000c5500000, 0x00000000c5500000| Untracked 
|1110|0x00000000c5600000, 0x00000000c5600000, 0x00000000c5700000|  0%| F|  |TAMS 0x00000000c5600000, 0x00000000c5600000| Untracked 
|1111|0x00000000c5700000, 0x00000000c5700000, 0x00000000c5800000|  0%| F|  |TAMS 0x00000000c5700000, 0x00000000c5700000| Untracked 
|1112|0x00000000c5800000, 0x00000000c5800000, 0x00000000c5900000|  0%| F|  |TAMS 0x00000000c5800000, 0x00000000c5800000| Untracked 
|1113|0x00000000c5900000, 0x00000000c5900000, 0x00000000c5a00000|  0%| F|  |TAMS 0x00000000c5900000, 0x00000000c5900000| Untracked 
|1114|0x00000000c5a00000, 0x00000000c5a00000, 0x00000000c5b00000|  0%| F|  |TAMS 0x00000000c5a00000, 0x00000000c5a00000| Untracked 
|1115|0x00000000c5b00000, 0x00000000c5b00000, 0x00000000c5c00000|  0%| F|  |TAMS 0x00000000c5b00000, 0x00000000c5b00000| Untracked 
|1116|0x00000000c5c00000, 0x00000000c5c00000, 0x00000000c5d00000|  0%| F|  |TAMS 0x00000000c5c00000, 0x00000000c5c00000| Untracked 
|1117|0x00000000c5d00000, 0x00000000c5d00000, 0x00000000c5e00000|  0%| F|  |TAMS 0x00000000c5d00000, 0x00000000c5d00000| Untracked 
|1118|0x00000000c5e00000, 0x00000000c5e00000, 0x00000000c5f00000|  0%| F|  |TAMS 0x00000000c5e00000, 0x00000000c5e00000| Untracked 
|1119|0x00000000c5f00000, 0x00000000c5f00000, 0x00000000c6000000|  0%| F|  |TAMS 0x00000000c5f00000, 0x00000000c5f00000| Untracked 
|1120|0x00000000c6000000, 0x00000000c6000000, 0x00000000c6100000|  0%| F|  |TAMS 0x00000000c6000000, 0x00000000c6000000| Untracked 
|1121|0x00000000c6100000, 0x00000000c6100000, 0x00000000c6200000|  0%| F|  |TAMS 0x00000000c6100000, 0x00000000c6100000| Untracked 
|1122|0x00000000c6200000, 0x00000000c6200000, 0x00000000c6300000|  0%| F|  |TAMS 0x00000000c6200000, 0x00000000c6200000| Untracked 
|1123|0x00000000c6300000, 0x00000000c6300000, 0x00000000c6400000|  0%| F|  |TAMS 0x00000000c6300000, 0x00000000c6300000| Untracked 
|1124|0x00000000c6400000, 0x00000000c6400000, 0x00000000c6500000|  0%| F|  |TAMS 0x00000000c6400000, 0x00000000c6400000| Untracked 
|1125|0x00000000c6500000, 0x00000000c6500000, 0x00000000c6600000|  0%| F|  |TAMS 0x00000000c6500000, 0x00000000c6500000| Untracked 
|1126|0x00000000c6600000, 0x00000000c6600000, 0x00000000c6700000|  0%| F|  |TAMS 0x00000000c6600000, 0x00000000c6600000| Untracked 
|1127|0x00000000c6700000, 0x00000000c6700000, 0x00000000c6800000|  0%| F|  |TAMS 0x00000000c6700000, 0x00000000c6700000| Untracked 
|1128|0x00000000c6800000, 0x00000000c6800000, 0x00000000c6900000|  0%| F|  |TAMS 0x00000000c6800000, 0x00000000c6800000| Untracked 
|1129|0x00000000c6900000, 0x00000000c6900000, 0x00000000c6a00000|  0%| F|  |TAMS 0x00000000c6900000, 0x00000000c6900000| Untracked 
|1130|0x00000000c6a00000, 0x00000000c6a00000, 0x00000000c6b00000|  0%| F|  |TAMS 0x00000000c6a00000, 0x00000000c6a00000| Untracked 
|1131|0x00000000c6b00000, 0x00000000c6b00000, 0x00000000c6c00000|  0%| F|  |TAMS 0x00000000c6b00000, 0x00000000c6b00000| Untracked 
|1132|0x00000000c6c00000, 0x00000000c6c00000, 0x00000000c6d00000|  0%| F|  |TAMS 0x00000000c6c00000, 0x00000000c6c00000| Untracked 
|1133|0x00000000c6d00000, 0x00000000c6d00000, 0x00000000c6e00000|  0%| F|  |TAMS 0x00000000c6d00000, 0x00000000c6d00000| Untracked 
|1134|0x00000000c6e00000, 0x00000000c6e00000, 0x00000000c6f00000|  0%| F|  |TAMS 0x00000000c6e00000, 0x00000000c6e00000| Untracked 
|1135|0x00000000c6f00000, 0x00000000c6f00000, 0x00000000c7000000|  0%| F|  |TAMS 0x00000000c6f00000, 0x00000000c6f00000| Untracked 
|1136|0x00000000c7000000, 0x00000000c7000000, 0x00000000c7100000|  0%| F|  |TAMS 0x00000000c7000000, 0x00000000c7000000| Untracked 
|1137|0x00000000c7100000, 0x00000000c7100000, 0x00000000c7200000|  0%| F|  |TAMS 0x00000000c7100000, 0x00000000c7100000| Untracked 
|1138|0x00000000c7200000, 0x00000000c7200000, 0x00000000c7300000|  0%| F|  |TAMS 0x00000000c7200000, 0x00000000c7200000| Untracked 
|1139|0x00000000c7300000, 0x00000000c7300000, 0x00000000c7400000|  0%| F|  |TAMS 0x00000000c7300000, 0x00000000c7300000| Untracked 
|1140|0x00000000c7400000, 0x00000000c7400000, 0x00000000c7500000|  0%| F|  |TAMS 0x00000000c7400000, 0x00000000c7400000| Untracked 
|1141|0x00000000c7500000, 0x00000000c7500000, 0x00000000c7600000|  0%| F|  |TAMS 0x00000000c7500000, 0x00000000c7500000| Untracked 
|1142|0x00000000c7600000, 0x00000000c7600000, 0x00000000c7700000|  0%| F|  |TAMS 0x00000000c7600000, 0x00000000c7600000| Untracked 
|1143|0x00000000c7700000, 0x00000000c7700000, 0x00000000c7800000|  0%| F|  |TAMS 0x00000000c7700000, 0x00000000c7700000| Untracked 
|1144|0x00000000c7800000, 0x00000000c7800000, 0x00000000c7900000|  0%| F|  |TAMS 0x00000000c7800000, 0x00000000c7800000| Untracked 
|1145|0x00000000c7900000, 0x00000000c7900000, 0x00000000c7a00000|  0%| F|  |TAMS 0x00000000c7900000, 0x00000000c7900000| Untracked 
|1146|0x00000000c7a00000, 0x00000000c7a00000, 0x00000000c7b00000|  0%| F|  |TAMS 0x00000000c7a00000, 0x00000000c7a00000| Untracked 
|1147|0x00000000c7b00000, 0x00000000c7b00000, 0x00000000c7c00000|  0%| F|  |TAMS 0x00000000c7b00000, 0x00000000c7b00000| Untracked 
|1148|0x00000000c7c00000, 0x00000000c7c00000, 0x00000000c7d00000|  0%| F|  |TAMS 0x00000000c7c00000, 0x00000000c7c00000| Untracked 
|1149|0x00000000c7d00000, 0x00000000c7d00000, 0x00000000c7e00000|  0%| F|  |TAMS 0x00000000c7d00000, 0x00000000c7d00000| Untracked 
|1150|0x00000000c7e00000, 0x00000000c7e00000, 0x00000000c7f00000|  0%| F|  |TAMS 0x00000000c7e00000, 0x00000000c7e00000| Untracked 
|1151|0x00000000c7f00000, 0x00000000c7f00000, 0x00000000c8000000|  0%| F|  |TAMS 0x00000000c7f00000, 0x00000000c7f00000| Untracked 
|1152|0x00000000c8000000, 0x00000000c8000000, 0x00000000c8100000|  0%| F|  |TAMS 0x00000000c8000000, 0x00000000c8000000| Untracked 
|1153|0x00000000c8100000, 0x00000000c8100000, 0x00000000c8200000|  0%| F|  |TAMS 0x00000000c8100000, 0x00000000c8100000| Untracked 
|1154|0x00000000c8200000, 0x00000000c8200000, 0x00000000c8300000|  0%| F|  |TAMS 0x00000000c8200000, 0x00000000c8200000| Untracked 
|1155|0x00000000c8300000, 0x00000000c8300000, 0x00000000c8400000|  0%| F|  |TAMS 0x00000000c8300000, 0x00000000c8300000| Untracked 
|1156|0x00000000c8400000, 0x00000000c8400000, 0x00000000c8500000|  0%| F|  |TAMS 0x00000000c8400000, 0x00000000c8400000| Untracked 
|1157|0x00000000c8500000, 0x00000000c8500000, 0x00000000c8600000|  0%| F|  |TAMS 0x00000000c8500000, 0x00000000c8500000| Untracked 
|1158|0x00000000c8600000, 0x00000000c8600000, 0x00000000c8700000|  0%| F|  |TAMS 0x00000000c8600000, 0x00000000c8600000| Untracked 
|1159|0x00000000c8700000, 0x00000000c8700000, 0x00000000c8800000|  0%| F|  |TAMS 0x00000000c8700000, 0x00000000c8700000| Untracked 
|1160|0x00000000c8800000, 0x00000000c8800000, 0x00000000c8900000|  0%| F|  |TAMS 0x00000000c8800000, 0x00000000c8800000| Untracked 
|1161|0x00000000c8900000, 0x00000000c8900000, 0x00000000c8a00000|  0%| F|  |TAMS 0x00000000c8900000, 0x00000000c8900000| Untracked 
|1162|0x00000000c8a00000, 0x00000000c8a00000, 0x00000000c8b00000|  0%| F|  |TAMS 0x00000000c8a00000, 0x00000000c8a00000| Untracked 
|1163|0x00000000c8b00000, 0x00000000c8b00000, 0x00000000c8c00000|  0%| F|  |TAMS 0x00000000c8b00000, 0x00000000c8b00000| Untracked 
|1164|0x00000000c8c00000, 0x00000000c8c00000, 0x00000000c8d00000|  0%| F|  |TAMS 0x00000000c8c00000, 0x00000000c8c00000| Untracked 
|1165|0x00000000c8d00000, 0x00000000c8d00000, 0x00000000c8e00000|  0%| F|  |TAMS 0x00000000c8d00000, 0x00000000c8d00000| Untracked 
|1166|0x00000000c8e00000, 0x00000000c8e00000, 0x00000000c8f00000|  0%| F|  |TAMS 0x00000000c8e00000, 0x00000000c8e00000| Untracked 
|1167|0x00000000c8f00000, 0x00000000c8f00000, 0x00000000c9000000|  0%| F|  |TAMS 0x00000000c8f00000, 0x00000000c8f00000| Untracked 
|1168|0x00000000c9000000, 0x00000000c9000000, 0x00000000c9100000|  0%| F|  |TAMS 0x00000000c9000000, 0x00000000c9000000| Untracked 
|1169|0x00000000c9100000, 0x00000000c9100000, 0x00000000c9200000|  0%| F|  |TAMS 0x00000000c9100000, 0x00000000c9100000| Untracked 
|1170|0x00000000c9200000, 0x00000000c9200000, 0x00000000c9300000|  0%| F|  |TAMS 0x00000000c9200000, 0x00000000c9200000| Untracked 
|1171|0x00000000c9300000, 0x00000000c9300000, 0x00000000c9400000|  0%| F|  |TAMS 0x00000000c9300000, 0x00000000c9300000| Untracked 
|1172|0x00000000c9400000, 0x00000000c9400000, 0x00000000c9500000|  0%| F|  |TAMS 0x00000000c9400000, 0x00000000c9400000| Untracked 
|1173|0x00000000c9500000, 0x00000000c9500000, 0x00000000c9600000|  0%| F|  |TAMS 0x00000000c9500000, 0x00000000c9500000| Untracked 
|1174|0x00000000c9600000, 0x00000000c9600000, 0x00000000c9700000|  0%| F|  |TAMS 0x00000000c9600000, 0x00000000c9600000| Untracked 
|1175|0x00000000c9700000, 0x00000000c9700000, 0x00000000c9800000|  0%| F|  |TAMS 0x00000000c9700000, 0x00000000c9700000| Untracked 
|1176|0x00000000c9800000, 0x00000000c9800000, 0x00000000c9900000|  0%| F|  |TAMS 0x00000000c9800000, 0x00000000c9800000| Untracked 
|1177|0x00000000c9900000, 0x00000000c9900000, 0x00000000c9a00000|  0%| F|  |TAMS 0x00000000c9900000, 0x00000000c9900000| Untracked 
|1178|0x00000000c9a00000, 0x00000000c9a00000, 0x00000000c9b00000|  0%| F|  |TAMS 0x00000000c9a00000, 0x00000000c9a00000| Untracked 
|1179|0x00000000c9b00000, 0x00000000c9b00000, 0x00000000c9c00000|  0%| F|  |TAMS 0x00000000c9b00000, 0x00000000c9b00000| Untracked 
|1180|0x00000000c9c00000, 0x00000000c9c00000, 0x00000000c9d00000|  0%| F|  |TAMS 0x00000000c9c00000, 0x00000000c9c00000| Untracked 
|1181|0x00000000c9d00000, 0x00000000c9d00000, 0x00000000c9e00000|  0%| F|  |TAMS 0x00000000c9d00000, 0x00000000c9d00000| Untracked 
|1182|0x00000000c9e00000, 0x00000000c9e00000, 0x00000000c9f00000|  0%| F|  |TAMS 0x00000000c9e00000, 0x00000000c9e00000| Untracked 
|1183|0x00000000c9f00000, 0x00000000c9f00000, 0x00000000ca000000|  0%| F|  |TAMS 0x00000000c9f00000, 0x00000000c9f00000| Untracked 
|1184|0x00000000ca000000, 0x00000000ca000000, 0x00000000ca100000|  0%| F|  |TAMS 0x00000000ca000000, 0x00000000ca000000| Untracked 
|1185|0x00000000ca100000, 0x00000000ca100000, 0x00000000ca200000|  0%| F|  |TAMS 0x00000000ca100000, 0x00000000ca100000| Untracked 
|1186|0x00000000ca200000, 0x00000000ca200000, 0x00000000ca300000|  0%| F|  |TAMS 0x00000000ca200000, 0x00000000ca200000| Untracked 
|1187|0x00000000ca300000, 0x00000000ca300000, 0x00000000ca400000|  0%| F|  |TAMS 0x00000000ca300000, 0x00000000ca300000| Untracked 
|1188|0x00000000ca400000, 0x00000000ca400000, 0x00000000ca500000|  0%| F|  |TAMS 0x00000000ca400000, 0x00000000ca400000| Untracked 
|1189|0x00000000ca500000, 0x00000000ca500000, 0x00000000ca600000|  0%| F|  |TAMS 0x00000000ca500000, 0x00000000ca500000| Untracked 
|1190|0x00000000ca600000, 0x00000000ca600000, 0x00000000ca700000|  0%| F|  |TAMS 0x00000000ca600000, 0x00000000ca600000| Untracked 
|1191|0x00000000ca700000, 0x00000000ca700000, 0x00000000ca800000|  0%| F|  |TAMS 0x00000000ca700000, 0x00000000ca700000| Untracked 
|1192|0x00000000ca800000, 0x00000000ca800000, 0x00000000ca900000|  0%| F|  |TAMS 0x00000000ca800000, 0x00000000ca800000| Untracked 
|1193|0x00000000ca900000, 0x00000000ca900000, 0x00000000caa00000|  0%| F|  |TAMS 0x00000000ca900000, 0x00000000ca900000| Untracked 
|1194|0x00000000caa00000, 0x00000000caa00000, 0x00000000cab00000|  0%| F|  |TAMS 0x00000000caa00000, 0x00000000caa00000| Untracked 
|1195|0x00000000cab00000, 0x00000000cab00000, 0x00000000cac00000|  0%| F|  |TAMS 0x00000000cab00000, 0x00000000cab00000| Untracked 
|1196|0x00000000cac00000, 0x00000000cac00000, 0x00000000cad00000|  0%| F|  |TAMS 0x00000000cac00000, 0x00000000cac00000| Untracked 
|1197|0x00000000cad00000, 0x00000000cad00000, 0x00000000cae00000|  0%| F|  |TAMS 0x00000000cad00000, 0x00000000cad00000| Untracked 
|1198|0x00000000cae00000, 0x00000000cae00000, 0x00000000caf00000|  0%| F|  |TAMS 0x00000000cae00000, 0x00000000cae00000| Untracked 
|1199|0x00000000caf00000, 0x00000000caf00000, 0x00000000cb000000|  0%| F|  |TAMS 0x00000000caf00000, 0x00000000caf00000| Untracked 
|1200|0x00000000cb000000, 0x00000000cb000000, 0x00000000cb100000|  0%| F|  |TAMS 0x00000000cb000000, 0x00000000cb000000| Untracked 
|1201|0x00000000cb100000, 0x00000000cb100000, 0x00000000cb200000|  0%| F|  |TAMS 0x00000000cb100000, 0x00000000cb100000| Untracked 
|1202|0x00000000cb200000, 0x00000000cb200000, 0x00000000cb300000|  0%| F|  |TAMS 0x00000000cb200000, 0x00000000cb200000| Untracked 
|1203|0x00000000cb300000, 0x00000000cb300000, 0x00000000cb400000|  0%| F|  |TAMS 0x00000000cb300000, 0x00000000cb300000| Untracked 
|1204|0x00000000cb400000, 0x00000000cb400000, 0x00000000cb500000|  0%| F|  |TAMS 0x00000000cb400000, 0x00000000cb400000| Untracked 
|1205|0x00000000cb500000, 0x00000000cb500000, 0x00000000cb600000|  0%| F|  |TAMS 0x00000000cb500000, 0x00000000cb500000| Untracked 
|1206|0x00000000cb600000, 0x00000000cb600000, 0x00000000cb700000|  0%| F|  |TAMS 0x00000000cb600000, 0x00000000cb600000| Untracked 
|1207|0x00000000cb700000, 0x00000000cb700000, 0x00000000cb800000|  0%| F|  |TAMS 0x00000000cb700000, 0x00000000cb700000| Untracked 
|1208|0x00000000cb800000, 0x00000000cb800000, 0x00000000cb900000|  0%| F|  |TAMS 0x00000000cb800000, 0x00000000cb800000| Untracked 
|1209|0x00000000cb900000, 0x00000000cb900000, 0x00000000cba00000|  0%| F|  |TAMS 0x00000000cb900000, 0x00000000cb900000| Untracked 
|1210|0x00000000cba00000, 0x00000000cba00000, 0x00000000cbb00000|  0%| F|  |TAMS 0x00000000cba00000, 0x00000000cba00000| Untracked 
|1211|0x00000000cbb00000, 0x00000000cbb00000, 0x00000000cbc00000|  0%| F|  |TAMS 0x00000000cbb00000, 0x00000000cbb00000| Untracked 
|1212|0x00000000cbc00000, 0x00000000cbc00000, 0x00000000cbd00000|  0%| F|  |TAMS 0x00000000cbc00000, 0x00000000cbc00000| Untracked 
|1213|0x00000000cbd00000, 0x00000000cbd00000, 0x00000000cbe00000|  0%| F|  |TAMS 0x00000000cbd00000, 0x00000000cbd00000| Untracked 
|1214|0x00000000cbe00000, 0x00000000cbe00000, 0x00000000cbf00000|  0%| F|  |TAMS 0x00000000cbe00000, 0x00000000cbe00000| Untracked 
|1215|0x00000000cbf00000, 0x00000000cbf00000, 0x00000000cc000000|  0%| F|  |TAMS 0x00000000cbf00000, 0x00000000cbf00000| Untracked 
|1216|0x00000000cc000000, 0x00000000cc000000, 0x00000000cc100000|  0%| F|  |TAMS 0x00000000cc000000, 0x00000000cc000000| Untracked 
|1217|0x00000000cc100000, 0x00000000cc100000, 0x00000000cc200000|  0%| F|  |TAMS 0x00000000cc100000, 0x00000000cc100000| Untracked 
|1218|0x00000000cc200000, 0x00000000cc200000, 0x00000000cc300000|  0%| F|  |TAMS 0x00000000cc200000, 0x00000000cc200000| Untracked 
|1219|0x00000000cc300000, 0x00000000cc300000, 0x00000000cc400000|  0%| F|  |TAMS 0x00000000cc300000, 0x00000000cc300000| Untracked 
|1220|0x00000000cc400000, 0x00000000cc400000, 0x00000000cc500000|  0%| F|  |TAMS 0x00000000cc400000, 0x00000000cc400000| Untracked 
|1221|0x00000000cc500000, 0x00000000cc500000, 0x00000000cc600000|  0%| F|  |TAMS 0x00000000cc500000, 0x00000000cc500000| Untracked 
|1222|0x00000000cc600000, 0x00000000cc600000, 0x00000000cc700000|  0%| F|  |TAMS 0x00000000cc600000, 0x00000000cc600000| Untracked 
|1223|0x00000000cc700000, 0x00000000cc700000, 0x00000000cc800000|  0%| F|  |TAMS 0x00000000cc700000, 0x00000000cc700000| Untracked 
|1224|0x00000000cc800000, 0x00000000cc8840d8, 0x00000000cc900000| 51%| E|  |TAMS 0x00000000cc800000, 0x00000000cc800000| Complete 
|1225|0x00000000cc900000, 0x00000000cca00000, 0x00000000cca00000|100%| E|CS|TAMS 0x00000000cc900000, 0x00000000cc900000| Complete 
|1226|0x00000000cca00000, 0x00000000ccb00000, 0x00000000ccb00000|100%| E|CS|TAMS 0x00000000cca00000, 0x00000000cca00000| Complete 
|1227|0x00000000ccb00000, 0x00000000ccc00000, 0x00000000ccc00000|100%| E|CS|TAMS 0x00000000ccb00000, 0x00000000ccb00000| Complete 
|1228|0x00000000ccc00000, 0x00000000ccd00000, 0x00000000ccd00000|100%| E|CS|TAMS 0x00000000ccc00000, 0x00000000ccc00000| Complete 
|1229|0x00000000ccd00000, 0x00000000cce00000, 0x00000000cce00000|100%| E|CS|TAMS 0x00000000ccd00000, 0x00000000ccd00000| Complete 
|1230|0x00000000cce00000, 0x00000000ccf00000, 0x00000000ccf00000|100%| E|CS|TAMS 0x00000000cce00000, 0x00000000cce00000| Complete 
|1231|0x00000000ccf00000, 0x00000000cd000000, 0x00000000cd000000|100%| E|CS|TAMS 0x00000000ccf00000, 0x00000000ccf00000| Complete 
|1232|0x00000000cd000000, 0x00000000cd100000, 0x00000000cd100000|100%| E|CS|TAMS 0x00000000cd000000, 0x00000000cd000000| Complete 
|1233|0x00000000cd100000, 0x00000000cd200000, 0x00000000cd200000|100%| E|CS|TAMS 0x00000000cd100000, 0x00000000cd100000| Complete 
|1234|0x00000000cd200000, 0x00000000cd300000, 0x00000000cd300000|100%| E|CS|TAMS 0x00000000cd200000, 0x00000000cd200000| Complete 
|1235|0x00000000cd300000, 0x00000000cd400000, 0x00000000cd400000|100%| E|CS|TAMS 0x00000000cd300000, 0x00000000cd300000| Complete 
|1236|0x00000000cd400000, 0x00000000cd500000, 0x00000000cd500000|100%| E|CS|TAMS 0x00000000cd400000, 0x00000000cd400000| Complete 
|1237|0x00000000cd500000, 0x00000000cd600000, 0x00000000cd600000|100%| E|CS|TAMS 0x00000000cd500000, 0x00000000cd500000| Complete 
|1238|0x00000000cd600000, 0x00000000cd700000, 0x00000000cd700000|100%| E|CS|TAMS 0x00000000cd600000, 0x00000000cd600000| Complete 
|1239|0x00000000cd700000, 0x00000000cd800000, 0x00000000cd800000|100%| E|CS|TAMS 0x00000000cd700000, 0x00000000cd700000| Complete 
|1240|0x00000000cd800000, 0x00000000cd900000, 0x00000000cd900000|100%| E|CS|TAMS 0x00000000cd800000, 0x00000000cd800000| Complete 
|1241|0x00000000cd900000, 0x00000000cda00000, 0x00000000cda00000|100%| E|CS|TAMS 0x00000000cd900000, 0x00000000cd900000| Complete 
|1242|0x00000000cda00000, 0x00000000cdb00000, 0x00000000cdb00000|100%| E|CS|TAMS 0x00000000cda00000, 0x00000000cda00000| Complete 
|1243|0x00000000cdb00000, 0x00000000cdc00000, 0x00000000cdc00000|100%| E|CS|TAMS 0x00000000cdb00000, 0x00000000cdb00000| Complete 
|1244|0x00000000cdc00000, 0x00000000cdd00000, 0x00000000cdd00000|100%| E|CS|TAMS 0x00000000cdc00000, 0x00000000cdc00000| Complete 
|1245|0x00000000cdd00000, 0x00000000cde00000, 0x00000000cde00000|100%| E|CS|TAMS 0x00000000cdd00000, 0x00000000cdd00000| Complete 
|1246|0x00000000cde00000, 0x00000000cdf00000, 0x00000000cdf00000|100%| E|CS|TAMS 0x00000000cde00000, 0x00000000cde00000| Complete 
|1247|0x00000000cdf00000, 0x00000000ce000000, 0x00000000ce000000|100%| E|CS|TAMS 0x00000000cdf00000, 0x00000000cdf00000| Complete 
|1248|0x00000000ce000000, 0x00000000ce100000, 0x00000000ce100000|100%| E|CS|TAMS 0x00000000ce000000, 0x00000000ce000000| Complete 
|1249|0x00000000ce100000, 0x00000000ce200000, 0x00000000ce200000|100%| E|CS|TAMS 0x00000000ce100000, 0x00000000ce100000| Complete 
|1250|0x00000000ce200000, 0x00000000ce300000, 0x00000000ce300000|100%| E|CS|TAMS 0x00000000ce200000, 0x00000000ce200000| Complete 
|1251|0x00000000ce300000, 0x00000000ce400000, 0x00000000ce400000|100%| E|CS|TAMS 0x00000000ce300000, 0x00000000ce300000| Complete 
|1252|0x00000000ce400000, 0x00000000ce500000, 0x00000000ce500000|100%| E|CS|TAMS 0x00000000ce400000, 0x00000000ce400000| Complete 
|1253|0x00000000ce500000, 0x00000000ce600000, 0x00000000ce600000|100%| E|CS|TAMS 0x00000000ce500000, 0x00000000ce500000| Complete 
|1254|0x00000000ce600000, 0x00000000ce700000, 0x00000000ce700000|100%| E|CS|TAMS 0x00000000ce600000, 0x00000000ce600000| Complete 
|1255|0x00000000ce700000, 0x00000000ce800000, 0x00000000ce800000|100%| E|CS|TAMS 0x00000000ce700000, 0x00000000ce700000| Complete 
|1256|0x00000000ce800000, 0x00000000ce900000, 0x00000000ce900000|100%| E|CS|TAMS 0x00000000ce800000, 0x00000000ce800000| Complete 
|1257|0x00000000ce900000, 0x00000000cea00000, 0x00000000cea00000|100%| E|CS|TAMS 0x00000000ce900000, 0x00000000ce900000| Complete 
|1258|0x00000000cea00000, 0x00000000ceb00000, 0x00000000ceb00000|100%| E|CS|TAMS 0x00000000cea00000, 0x00000000cea00000| Complete 
|1259|0x00000000ceb00000, 0x00000000cec00000, 0x00000000cec00000|100%| E|CS|TAMS 0x00000000ceb00000, 0x00000000ceb00000| Complete 
|1260|0x00000000cec00000, 0x00000000ced00000, 0x00000000ced00000|100%| E|CS|TAMS 0x00000000cec00000, 0x00000000cec00000| Complete 
|1261|0x00000000ced00000, 0x00000000cee00000, 0x00000000cee00000|100%| E|CS|TAMS 0x00000000ced00000, 0x00000000ced00000| Complete 
|1262|0x00000000cee00000, 0x00000000cef00000, 0x00000000cef00000|100%| E|CS|TAMS 0x00000000cee00000, 0x00000000cee00000| Complete 
|1263|0x00000000cef00000, 0x00000000cf000000, 0x00000000cf000000|100%| E|CS|TAMS 0x00000000cef00000, 0x00000000cef00000| Complete 
|1264|0x00000000cf000000, 0x00000000cf100000, 0x00000000cf100000|100%| E|CS|TAMS 0x00000000cf000000, 0x00000000cf000000| Complete 
|1265|0x00000000cf100000, 0x00000000cf200000, 0x00000000cf200000|100%| E|CS|TAMS 0x00000000cf100000, 0x00000000cf100000| Complete 
|1266|0x00000000cf200000, 0x00000000cf300000, 0x00000000cf300000|100%| E|CS|TAMS 0x00000000cf200000, 0x00000000cf200000| Complete 
|1267|0x00000000cf300000, 0x00000000cf400000, 0x00000000cf400000|100%| E|CS|TAMS 0x00000000cf300000, 0x00000000cf300000| Complete 
|1268|0x00000000cf400000, 0x00000000cf500000, 0x00000000cf500000|100%| E|CS|TAMS 0x00000000cf400000, 0x00000000cf400000| Complete 
|1269|0x00000000cf500000, 0x00000000cf600000, 0x00000000cf600000|100%| E|CS|TAMS 0x00000000cf500000, 0x00000000cf500000| Complete 
|1270|0x00000000cf600000, 0x00000000cf700000, 0x00000000cf700000|100%| E|CS|TAMS 0x00000000cf600000, 0x00000000cf600000| Complete 
|1271|0x00000000cf700000, 0x00000000cf800000, 0x00000000cf800000|100%| E|CS|TAMS 0x00000000cf700000, 0x00000000cf700000| Complete 
|1272|0x00000000cf800000, 0x00000000cf900000, 0x00000000cf900000|100%| E|CS|TAMS 0x00000000cf800000, 0x00000000cf800000| Complete 
|1273|0x00000000cf900000, 0x00000000cfa00000, 0x00000000cfa00000|100%| E|CS|TAMS 0x00000000cf900000, 0x00000000cf900000| Complete 
|1274|0x00000000cfa00000, 0x00000000cfb00000, 0x00000000cfb00000|100%| E|CS|TAMS 0x00000000cfa00000, 0x00000000cfa00000| Complete 
|1275|0x00000000cfb00000, 0x00000000cfc00000, 0x00000000cfc00000|100%| E|CS|TAMS 0x00000000cfb00000, 0x00000000cfb00000| Complete 
|1276|0x00000000cfc00000, 0x00000000cfd00000, 0x00000000cfd00000|100%| E|CS|TAMS 0x00000000cfc00000, 0x00000000cfc00000| Complete 
|1277|0x00000000cfd00000, 0x00000000cfe00000, 0x00000000cfe00000|100%| E|CS|TAMS 0x00000000cfd00000, 0x00000000cfd00000| Complete 
|1278|0x00000000cfe00000, 0x00000000cff00000, 0x00000000cff00000|100%| E|CS|TAMS 0x00000000cfe00000, 0x00000000cfe00000| Complete 
|1279|0x00000000cff00000, 0x00000000d0000000, 0x00000000d0000000|100%| E|CS|TAMS 0x00000000cff00000, 0x00000000cff00000| Complete 
|1280|0x00000000d0000000, 0x00000000d0100000, 0x00000000d0100000|100%| E|CS|TAMS 0x00000000d0000000, 0x00000000d0000000| Complete 
|1281|0x00000000d0100000, 0x00000000d0200000, 0x00000000d0200000|100%| E|CS|TAMS 0x00000000d0100000, 0x00000000d0100000| Complete 
|1282|0x00000000d0200000, 0x00000000d0300000, 0x00000000d0300000|100%| E|CS|TAMS 0x00000000d0200000, 0x00000000d0200000| Complete 
|1283|0x00000000d0300000, 0x00000000d0400000, 0x00000000d0400000|100%| E|CS|TAMS 0x00000000d0300000, 0x00000000d0300000| Complete 
|1284|0x00000000d0400000, 0x00000000d0500000, 0x00000000d0500000|100%| E|CS|TAMS 0x00000000d0400000, 0x00000000d0400000| Complete 
|1285|0x00000000d0500000, 0x00000000d0600000, 0x00000000d0600000|100%| E|CS|TAMS 0x00000000d0500000, 0x00000000d0500000| Complete 
|1286|0x00000000d0600000, 0x00000000d0700000, 0x00000000d0700000|100%| E|CS|TAMS 0x00000000d0600000, 0x00000000d0600000| Complete 
|1287|0x00000000d0700000, 0x00000000d0800000, 0x00000000d0800000|100%| E|CS|TAMS 0x00000000d0700000, 0x00000000d0700000| Complete 
|1288|0x00000000d0800000, 0x00000000d0900000, 0x00000000d0900000|100%| E|CS|TAMS 0x00000000d0800000, 0x00000000d0800000| Complete 
|1289|0x00000000d0900000, 0x00000000d0a00000, 0x00000000d0a00000|100%| E|CS|TAMS 0x00000000d0900000, 0x00000000d0900000| Complete 
|1290|0x00000000d0a00000, 0x00000000d0b00000, 0x00000000d0b00000|100%| E|CS|TAMS 0x00000000d0a00000, 0x00000000d0a00000| Complete 
|1291|0x00000000d0b00000, 0x00000000d0c00000, 0x00000000d0c00000|100%| E|CS|TAMS 0x00000000d0b00000, 0x00000000d0b00000| Complete 
|1292|0x00000000d0c00000, 0x00000000d0d00000, 0x00000000d0d00000|100%| E|CS|TAMS 0x00000000d0c00000, 0x00000000d0c00000| Complete 
|1293|0x00000000d0d00000, 0x00000000d0e00000, 0x00000000d0e00000|100%| E|CS|TAMS 0x00000000d0d00000, 0x00000000d0d00000| Complete 
|1294|0x00000000d0e00000, 0x00000000d0f00000, 0x00000000d0f00000|100%| E|CS|TAMS 0x00000000d0e00000, 0x00000000d0e00000| Complete 
|1295|0x00000000d0f00000, 0x00000000d1000000, 0x00000000d1000000|100%| E|CS|TAMS 0x00000000d0f00000, 0x00000000d0f00000| Complete 
|1296|0x00000000d1000000, 0x00000000d1100000, 0x00000000d1100000|100%| E|CS|TAMS 0x00000000d1000000, 0x00000000d1000000| Complete 
|1297|0x00000000d1100000, 0x00000000d1200000, 0x00000000d1200000|100%| E|CS|TAMS 0x00000000d1100000, 0x00000000d1100000| Complete 
|1298|0x00000000d1200000, 0x00000000d1300000, 0x00000000d1300000|100%| E|CS|TAMS 0x00000000d1200000, 0x00000000d1200000| Complete 
|1299|0x00000000d1300000, 0x00000000d1400000, 0x00000000d1400000|100%| E|CS|TAMS 0x00000000d1300000, 0x00000000d1300000| Complete 
|1300|0x00000000d1400000, 0x00000000d1500000, 0x00000000d1500000|100%| E|CS|TAMS 0x00000000d1400000, 0x00000000d1400000| Complete 
|1301|0x00000000d1500000, 0x00000000d1600000, 0x00000000d1600000|100%| E|CS|TAMS 0x00000000d1500000, 0x00000000d1500000| Complete 
|1302|0x00000000d1600000, 0x00000000d1700000, 0x00000000d1700000|100%| E|CS|TAMS 0x00000000d1600000, 0x00000000d1600000| Complete 
|1303|0x00000000d1700000, 0x00000000d1800000, 0x00000000d1800000|100%| E|CS|TAMS 0x00000000d1700000, 0x00000000d1700000| Complete 
|1304|0x00000000d1800000, 0x00000000d1900000, 0x00000000d1900000|100%| E|CS|TAMS 0x00000000d1800000, 0x00000000d1800000| Complete 
|1305|0x00000000d1900000, 0x00000000d1a00000, 0x00000000d1a00000|100%| E|CS|TAMS 0x00000000d1900000, 0x00000000d1900000| Complete 
|1306|0x00000000d1a00000, 0x00000000d1b00000, 0x00000000d1b00000|100%| E|CS|TAMS 0x00000000d1a00000, 0x00000000d1a00000| Complete 
|1307|0x00000000d1b00000, 0x00000000d1c00000, 0x00000000d1c00000|100%| E|CS|TAMS 0x00000000d1b00000, 0x00000000d1b00000| Complete 
|1308|0x00000000d1c00000, 0x00000000d1d00000, 0x00000000d1d00000|100%| E|CS|TAMS 0x00000000d1c00000, 0x00000000d1c00000| Complete 
|1309|0x00000000d1d00000, 0x00000000d1e00000, 0x00000000d1e00000|100%| E|CS|TAMS 0x00000000d1d00000, 0x00000000d1d00000| Complete 
|1310|0x00000000d1e00000, 0x00000000d1f00000, 0x00000000d1f00000|100%| E|CS|TAMS 0x00000000d1e00000, 0x00000000d1e00000| Complete 
|1311|0x00000000d1f00000, 0x00000000d2000000, 0x00000000d2000000|100%| E|CS|TAMS 0x00000000d1f00000, 0x00000000d1f00000| Complete 
|1312|0x00000000d2000000, 0x00000000d2100000, 0x00000000d2100000|100%| E|CS|TAMS 0x00000000d2000000, 0x00000000d2000000| Complete 
|1313|0x00000000d2100000, 0x00000000d2200000, 0x00000000d2200000|100%| E|CS|TAMS 0x00000000d2100000, 0x00000000d2100000| Complete 
|1314|0x00000000d2200000, 0x00000000d2300000, 0x00000000d2300000|100%| E|CS|TAMS 0x00000000d2200000, 0x00000000d2200000| Complete 
|1315|0x00000000d2300000, 0x00000000d2400000, 0x00000000d2400000|100%| E|CS|TAMS 0x00000000d2300000, 0x00000000d2300000| Complete 
|1316|0x00000000d2400000, 0x00000000d2500000, 0x00000000d2500000|100%| E|CS|TAMS 0x00000000d2400000, 0x00000000d2400000| Complete 
|1317|0x00000000d2500000, 0x00000000d2600000, 0x00000000d2600000|100%| E|CS|TAMS 0x00000000d2500000, 0x00000000d2500000| Complete 
|1318|0x00000000d2600000, 0x00000000d2700000, 0x00000000d2700000|100%| E|CS|TAMS 0x00000000d2600000, 0x00000000d2600000| Complete 
|1319|0x00000000d2700000, 0x00000000d2800000, 0x00000000d2800000|100%| E|CS|TAMS 0x00000000d2700000, 0x00000000d2700000| Complete 
|1320|0x00000000d2800000, 0x00000000d2900000, 0x00000000d2900000|100%| E|CS|TAMS 0x00000000d2800000, 0x00000000d2800000| Complete 
|1321|0x00000000d2900000, 0x00000000d2a00000, 0x00000000d2a00000|100%| E|CS|TAMS 0x00000000d2900000, 0x00000000d2900000| Complete 
|1322|0x00000000d2a00000, 0x00000000d2b00000, 0x00000000d2b00000|100%| E|CS|TAMS 0x00000000d2a00000, 0x00000000d2a00000| Complete 
|1323|0x00000000d2b00000, 0x00000000d2c00000, 0x00000000d2c00000|100%| E|CS|TAMS 0x00000000d2b00000, 0x00000000d2b00000| Complete 
|1324|0x00000000d2c00000, 0x00000000d2d00000, 0x00000000d2d00000|100%| E|CS|TAMS 0x00000000d2c00000, 0x00000000d2c00000| Complete 
|1325|0x00000000d2d00000, 0x00000000d2e00000, 0x00000000d2e00000|100%| E|CS|TAMS 0x00000000d2d00000, 0x00000000d2d00000| Complete 
|1326|0x00000000d2e00000, 0x00000000d2f00000, 0x00000000d2f00000|100%| E|CS|TAMS 0x00000000d2e00000, 0x00000000d2e00000| Complete 
|1327|0x00000000d2f00000, 0x00000000d3000000, 0x00000000d3000000|100%| E|  |TAMS 0x00000000d2f00000, 0x00000000d2f00000| Complete 
|1328|0x00000000d3000000, 0x00000000d3100000, 0x00000000d3100000|100%| E|CS|TAMS 0x00000000d3000000, 0x00000000d3000000| Complete 
|1329|0x00000000d3100000, 0x00000000d3200000, 0x00000000d3200000|100%| E|CS|TAMS 0x00000000d3100000, 0x00000000d3100000| Complete 
|1330|0x00000000d3200000, 0x00000000d3300000, 0x00000000d3300000|100%| E|CS|TAMS 0x00000000d3200000, 0x00000000d3200000| Complete 
|1331|0x00000000d3300000, 0x00000000d3400000, 0x00000000d3400000|100%| E|CS|TAMS 0x00000000d3300000, 0x00000000d3300000| Complete 
|1332|0x00000000d3400000, 0x00000000d3500000, 0x00000000d3500000|100%| E|CS|TAMS 0x00000000d3400000, 0x00000000d3400000| Complete 
|1333|0x00000000d3500000, 0x00000000d3600000, 0x00000000d3600000|100%| E|CS|TAMS 0x00000000d3500000, 0x00000000d3500000| Complete 
|1334|0x00000000d3600000, 0x00000000d3700000, 0x00000000d3700000|100%| E|CS|TAMS 0x00000000d3600000, 0x00000000d3600000| Complete 
|1335|0x00000000d3700000, 0x00000000d3800000, 0x00000000d3800000|100%| E|CS|TAMS 0x00000000d3700000, 0x00000000d3700000| Complete 
|1336|0x00000000d3800000, 0x00000000d3900000, 0x00000000d3900000|100%| E|CS|TAMS 0x00000000d3800000, 0x00000000d3800000| Complete 
|1337|0x00000000d3900000, 0x00000000d3a00000, 0x00000000d3a00000|100%| E|CS|TAMS 0x00000000d3900000, 0x00000000d3900000| Complete 
|1338|0x00000000d3a00000, 0x00000000d3b00000, 0x00000000d3b00000|100%| E|CS|TAMS 0x00000000d3a00000, 0x00000000d3a00000| Complete 
|1339|0x00000000d3b00000, 0x00000000d3c00000, 0x00000000d3c00000|100%| E|CS|TAMS 0x00000000d3b00000, 0x00000000d3b00000| Complete 
|1340|0x00000000d3c00000, 0x00000000d3d00000, 0x00000000d3d00000|100%| E|CS|TAMS 0x00000000d3c00000, 0x00000000d3c00000| Complete 
|1341|0x00000000d3d00000, 0x00000000d3e00000, 0x00000000d3e00000|100%| E|CS|TAMS 0x00000000d3d00000, 0x00000000d3d00000| Complete 
|1342|0x00000000d3e00000, 0x00000000d3f00000, 0x00000000d3f00000|100%| E|CS|TAMS 0x00000000d3e00000, 0x00000000d3e00000| Complete 
|1343|0x00000000d3f00000, 0x00000000d4000000, 0x00000000d4000000|100%| E|CS|TAMS 0x00000000d3f00000, 0x00000000d3f00000| Complete 
|1344|0x00000000d4000000, 0x00000000d4100000, 0x00000000d4100000|100%| E|CS|TAMS 0x00000000d4000000, 0x00000000d4000000| Complete 
|1345|0x00000000d4100000, 0x00000000d4200000, 0x00000000d4200000|100%| E|CS|TAMS 0x00000000d4100000, 0x00000000d4100000| Complete 
|1346|0x00000000d4200000, 0x00000000d4300000, 0x00000000d4300000|100%| E|CS|TAMS 0x00000000d4200000, 0x00000000d4200000| Complete 
|1347|0x00000000d4300000, 0x00000000d4400000, 0x00000000d4400000|100%| E|CS|TAMS 0x00000000d4300000, 0x00000000d4300000| Complete 
|1348|0x00000000d4400000, 0x00000000d4500000, 0x00000000d4500000|100%| E|CS|TAMS 0x00000000d4400000, 0x00000000d4400000| Complete 
|1349|0x00000000d4500000, 0x00000000d4600000, 0x00000000d4600000|100%| E|CS|TAMS 0x00000000d4500000, 0x00000000d4500000| Complete 
|1350|0x00000000d4600000, 0x00000000d4700000, 0x00000000d4700000|100%| E|CS|TAMS 0x00000000d4600000, 0x00000000d4600000| Complete 
|1351|0x00000000d4700000, 0x00000000d4800000, 0x00000000d4800000|100%| E|CS|TAMS 0x00000000d4700000, 0x00000000d4700000| Complete 
|1352|0x00000000d4800000, 0x00000000d4900000, 0x00000000d4900000|100%| E|CS|TAMS 0x00000000d4800000, 0x00000000d4800000| Complete 
|1353|0x00000000d4900000, 0x00000000d4a00000, 0x00000000d4a00000|100%| E|CS|TAMS 0x00000000d4900000, 0x00000000d4900000| Complete 
|1354|0x00000000d4a00000, 0x00000000d4b00000, 0x00000000d4b00000|100%| E|CS|TAMS 0x00000000d4a00000, 0x00000000d4a00000| Complete 
|1355|0x00000000d4b00000, 0x00000000d4c00000, 0x00000000d4c00000|100%| E|CS|TAMS 0x00000000d4b00000, 0x00000000d4b00000| Complete 
|1356|0x00000000d4c00000, 0x00000000d4d00000, 0x00000000d4d00000|100%| E|CS|TAMS 0x00000000d4c00000, 0x00000000d4c00000| Complete 
|1357|0x00000000d4d00000, 0x00000000d4e00000, 0x00000000d4e00000|100%| E|CS|TAMS 0x00000000d4d00000, 0x00000000d4d00000| Complete 
|1358|0x00000000d4e00000, 0x00000000d4f00000, 0x00000000d4f00000|100%| E|CS|TAMS 0x00000000d4e00000, 0x00000000d4e00000| Complete 
|1359|0x00000000d4f00000, 0x00000000d5000000, 0x00000000d5000000|100%| E|CS|TAMS 0x00000000d4f00000, 0x00000000d4f00000| Complete 
|1360|0x00000000d5000000, 0x00000000d5100000, 0x00000000d5100000|100%| E|CS|TAMS 0x00000000d5000000, 0x00000000d5000000| Complete 
|1361|0x00000000d5100000, 0x00000000d5200000, 0x00000000d5200000|100%| E|CS|TAMS 0x00000000d5100000, 0x00000000d5100000| Complete 
|1362|0x00000000d5200000, 0x00000000d5300000, 0x00000000d5300000|100%| E|CS|TAMS 0x00000000d5200000, 0x00000000d5200000| Complete 
|1363|0x00000000d5300000, 0x00000000d5400000, 0x00000000d5400000|100%| E|CS|TAMS 0x00000000d5300000, 0x00000000d5300000| Complete 
|1364|0x00000000d5400000, 0x00000000d5500000, 0x00000000d5500000|100%| E|CS|TAMS 0x00000000d5400000, 0x00000000d5400000| Complete 
|1365|0x00000000d5500000, 0x00000000d5600000, 0x00000000d5600000|100%| E|CS|TAMS 0x00000000d5500000, 0x00000000d5500000| Complete 
|1366|0x00000000d5600000, 0x00000000d5700000, 0x00000000d5700000|100%| E|CS|TAMS 0x00000000d5600000, 0x00000000d5600000| Complete 
|1367|0x00000000d5700000, 0x00000000d5800000, 0x00000000d5800000|100%| E|CS|TAMS 0x00000000d5700000, 0x00000000d5700000| Complete 
|1368|0x00000000d5800000, 0x00000000d5900000, 0x00000000d5900000|100%| E|CS|TAMS 0x00000000d5800000, 0x00000000d5800000| Complete 
|1369|0x00000000d5900000, 0x00000000d5a00000, 0x00000000d5a00000|100%| E|CS|TAMS 0x00000000d5900000, 0x00000000d5900000| Complete 
|1370|0x00000000d5a00000, 0x00000000d5b00000, 0x00000000d5b00000|100%| E|CS|TAMS 0x00000000d5a00000, 0x00000000d5a00000| Complete 
|1371|0x00000000d5b00000, 0x00000000d5c00000, 0x00000000d5c00000|100%| E|CS|TAMS 0x00000000d5b00000, 0x00000000d5b00000| Complete 
|1372|0x00000000d5c00000, 0x00000000d5d00000, 0x00000000d5d00000|100%| E|CS|TAMS 0x00000000d5c00000, 0x00000000d5c00000| Complete 
|1373|0x00000000d5d00000, 0x00000000d5e00000, 0x00000000d5e00000|100%| E|CS|TAMS 0x00000000d5d00000, 0x00000000d5d00000| Complete 
|1374|0x00000000d5e00000, 0x00000000d5f00000, 0x00000000d5f00000|100%| E|CS|TAMS 0x00000000d5e00000, 0x00000000d5e00000| Complete 
|1375|0x00000000d5f00000, 0x00000000d6000000, 0x00000000d6000000|100%| E|CS|TAMS 0x00000000d5f00000, 0x00000000d5f00000| Complete 
|1376|0x00000000d6000000, 0x00000000d6100000, 0x00000000d6100000|100%| E|CS|TAMS 0x00000000d6000000, 0x00000000d6000000| Complete 
|1377|0x00000000d6100000, 0x00000000d6200000, 0x00000000d6200000|100%| E|CS|TAMS 0x00000000d6100000, 0x00000000d6100000| Complete 
|1378|0x00000000d6200000, 0x00000000d6300000, 0x00000000d6300000|100%| E|CS|TAMS 0x00000000d6200000, 0x00000000d6200000| Complete 
|1379|0x00000000d6300000, 0x00000000d6400000, 0x00000000d6400000|100%| E|CS|TAMS 0x00000000d6300000, 0x00000000d6300000| Complete 
|1380|0x00000000d6400000, 0x00000000d6500000, 0x00000000d6500000|100%| E|CS|TAMS 0x00000000d6400000, 0x00000000d6400000| Complete 
|1381|0x00000000d6500000, 0x00000000d6600000, 0x00000000d6600000|100%| E|CS|TAMS 0x00000000d6500000, 0x00000000d6500000| Complete 
|1382|0x00000000d6600000, 0x00000000d6700000, 0x00000000d6700000|100%| E|CS|TAMS 0x00000000d6600000, 0x00000000d6600000| Complete 
|1383|0x00000000d6700000, 0x00000000d6800000, 0x00000000d6800000|100%| E|CS|TAMS 0x00000000d6700000, 0x00000000d6700000| Complete 
|1384|0x00000000d6800000, 0x00000000d6900000, 0x00000000d6900000|100%| E|CS|TAMS 0x00000000d6800000, 0x00000000d6800000| Complete 
|1385|0x00000000d6900000, 0x00000000d6a00000, 0x00000000d6a00000|100%| E|CS|TAMS 0x00000000d6900000, 0x00000000d6900000| Complete 
|1386|0x00000000d6a00000, 0x00000000d6b00000, 0x00000000d6b00000|100%| E|CS|TAMS 0x00000000d6a00000, 0x00000000d6a00000| Complete 
|1387|0x00000000d6b00000, 0x00000000d6c00000, 0x00000000d6c00000|100%| E|CS|TAMS 0x00000000d6b00000, 0x00000000d6b00000| Complete 
|1388|0x00000000d6c00000, 0x00000000d6d00000, 0x00000000d6d00000|100%| E|CS|TAMS 0x00000000d6c00000, 0x00000000d6c00000| Complete 
|1389|0x00000000d6d00000, 0x00000000d6e00000, 0x00000000d6e00000|100%| E|CS|TAMS 0x00000000d6d00000, 0x00000000d6d00000| Complete 
|1390|0x00000000d6e00000, 0x00000000d6f00000, 0x00000000d6f00000|100%| E|CS|TAMS 0x00000000d6e00000, 0x00000000d6e00000| Complete 
|1391|0x00000000d6f00000, 0x00000000d7000000, 0x00000000d7000000|100%| E|CS|TAMS 0x00000000d6f00000, 0x00000000d6f00000| Complete 
|1392|0x00000000d7000000, 0x00000000d7100000, 0x00000000d7100000|100%| E|CS|TAMS 0x00000000d7000000, 0x00000000d7000000| Complete 
|1393|0x00000000d7100000, 0x00000000d7200000, 0x00000000d7200000|100%| E|CS|TAMS 0x00000000d7100000, 0x00000000d7100000| Complete 
|1394|0x00000000d7200000, 0x00000000d7300000, 0x00000000d7300000|100%| E|CS|TAMS 0x00000000d7200000, 0x00000000d7200000| Complete 
|1395|0x00000000d7300000, 0x00000000d7400000, 0x00000000d7400000|100%| E|CS|TAMS 0x00000000d7300000, 0x00000000d7300000| Complete 
|1396|0x00000000d7400000, 0x00000000d7500000, 0x00000000d7500000|100%| E|CS|TAMS 0x00000000d7400000, 0x00000000d7400000| Complete 
|1397|0x00000000d7500000, 0x00000000d7600000, 0x00000000d7600000|100%| E|CS|TAMS 0x00000000d7500000, 0x00000000d7500000| Complete 
|1398|0x00000000d7600000, 0x00000000d7700000, 0x00000000d7700000|100%| E|CS|TAMS 0x00000000d7600000, 0x00000000d7600000| Complete 
|1399|0x00000000d7700000, 0x00000000d7800000, 0x00000000d7800000|100%| E|CS|TAMS 0x00000000d7700000, 0x00000000d7700000| Complete 
|1400|0x00000000d7800000, 0x00000000d7900000, 0x00000000d7900000|100%| E|CS|TAMS 0x00000000d7800000, 0x00000000d7800000| Complete 
|1401|0x00000000d7900000, 0x00000000d7a00000, 0x00000000d7a00000|100%| E|CS|TAMS 0x00000000d7900000, 0x00000000d7900000| Complete 
|1402|0x00000000d7a00000, 0x00000000d7b00000, 0x00000000d7b00000|100%| E|CS|TAMS 0x00000000d7a00000, 0x00000000d7a00000| Complete 
|1403|0x00000000d7b00000, 0x00000000d7c00000, 0x00000000d7c00000|100%| E|CS|TAMS 0x00000000d7b00000, 0x00000000d7b00000| Complete 
|1404|0x00000000d7c00000, 0x00000000d7d00000, 0x00000000d7d00000|100%| E|CS|TAMS 0x00000000d7c00000, 0x00000000d7c00000| Complete 
|1405|0x00000000d7d00000, 0x00000000d7e00000, 0x00000000d7e00000|100%| E|CS|TAMS 0x00000000d7d00000, 0x00000000d7d00000| Complete 
|1406|0x00000000d7e00000, 0x00000000d7f00000, 0x00000000d7f00000|100%| E|CS|TAMS 0x00000000d7e00000, 0x00000000d7e00000| Complete 
|1407|0x00000000d7f00000, 0x00000000d8000000, 0x00000000d8000000|100%| E|CS|TAMS 0x00000000d7f00000, 0x00000000d7f00000| Complete 
|1408|0x00000000d8000000, 0x00000000d8100000, 0x00000000d8100000|100%| E|CS|TAMS 0x00000000d8000000, 0x00000000d8000000| Complete 
|1409|0x00000000d8100000, 0x00000000d8200000, 0x00000000d8200000|100%| E|CS|TAMS 0x00000000d8100000, 0x00000000d8100000| Complete 
|1410|0x00000000d8200000, 0x00000000d8300000, 0x00000000d8300000|100%| E|CS|TAMS 0x00000000d8200000, 0x00000000d8200000| Complete 
|1411|0x00000000d8300000, 0x00000000d8400000, 0x00000000d8400000|100%| E|CS|TAMS 0x00000000d8300000, 0x00000000d8300000| Complete 
|1412|0x00000000d8400000, 0x00000000d8500000, 0x00000000d8500000|100%| E|CS|TAMS 0x00000000d8400000, 0x00000000d8400000| Complete 
|1413|0x00000000d8500000, 0x00000000d8600000, 0x00000000d8600000|100%| E|CS|TAMS 0x00000000d8500000, 0x00000000d8500000| Complete 
|1414|0x00000000d8600000, 0x00000000d8700000, 0x00000000d8700000|100%| E|CS|TAMS 0x00000000d8600000, 0x00000000d8600000| Complete 
|1415|0x00000000d8700000, 0x00000000d8800000, 0x00000000d8800000|100%| E|CS|TAMS 0x00000000d8700000, 0x00000000d8700000| Complete 
|1416|0x00000000d8800000, 0x00000000d8900000, 0x00000000d8900000|100%| E|CS|TAMS 0x00000000d8800000, 0x00000000d8800000| Complete 
|1417|0x00000000d8900000, 0x00000000d8a00000, 0x00000000d8a00000|100%| E|CS|TAMS 0x00000000d8900000, 0x00000000d8900000| Complete 
|1418|0x00000000d8a00000, 0x00000000d8b00000, 0x00000000d8b00000|100%| E|CS|TAMS 0x00000000d8a00000, 0x00000000d8a00000| Complete 
|1419|0x00000000d8b00000, 0x00000000d8c00000, 0x00000000d8c00000|100%| E|CS|TAMS 0x00000000d8b00000, 0x00000000d8b00000| Complete 
|1420|0x00000000d8c00000, 0x00000000d8d00000, 0x00000000d8d00000|100%| E|CS|TAMS 0x00000000d8c00000, 0x00000000d8c00000| Complete 
|1421|0x00000000d8d00000, 0x00000000d8e00000, 0x00000000d8e00000|100%| E|CS|TAMS 0x00000000d8d00000, 0x00000000d8d00000| Complete 
|1422|0x00000000d8e00000, 0x00000000d8f00000, 0x00000000d8f00000|100%| E|CS|TAMS 0x00000000d8e00000, 0x00000000d8e00000| Complete 
|1423|0x00000000d8f00000, 0x00000000d9000000, 0x00000000d9000000|100%| E|CS|TAMS 0x00000000d8f00000, 0x00000000d8f00000| Complete 
|1424|0x00000000d9000000, 0x00000000d9100000, 0x00000000d9100000|100%| E|CS|TAMS 0x00000000d9000000, 0x00000000d9000000| Complete 
|1425|0x00000000d9100000, 0x00000000d9200000, 0x00000000d9200000|100%| E|CS|TAMS 0x00000000d9100000, 0x00000000d9100000| Complete 
|1426|0x00000000d9200000, 0x00000000d9300000, 0x00000000d9300000|100%| E|CS|TAMS 0x00000000d9200000, 0x00000000d9200000| Complete 
|1427|0x00000000d9300000, 0x00000000d9400000, 0x00000000d9400000|100%| E|CS|TAMS 0x00000000d9300000, 0x00000000d9300000| Complete 
|1428|0x00000000d9400000, 0x00000000d9500000, 0x00000000d9500000|100%| E|CS|TAMS 0x00000000d9400000, 0x00000000d9400000| Complete 
|1429|0x00000000d9500000, 0x00000000d9600000, 0x00000000d9600000|100%| E|CS|TAMS 0x00000000d9500000, 0x00000000d9500000| Complete 
|1430|0x00000000d9600000, 0x00000000d9700000, 0x00000000d9700000|100%| E|CS|TAMS 0x00000000d9600000, 0x00000000d9600000| Complete 
|1431|0x00000000d9700000, 0x00000000d9800000, 0x00000000d9800000|100%| E|CS|TAMS 0x00000000d9700000, 0x00000000d9700000| Complete 
|1432|0x00000000d9800000, 0x00000000d9900000, 0x00000000d9900000|100%| E|CS|TAMS 0x00000000d9800000, 0x00000000d9800000| Complete 
|1433|0x00000000d9900000, 0x00000000d9a00000, 0x00000000d9a00000|100%| E|CS|TAMS 0x00000000d9900000, 0x00000000d9900000| Complete 
|1434|0x00000000d9a00000, 0x00000000d9b00000, 0x00000000d9b00000|100%| E|CS|TAMS 0x00000000d9a00000, 0x00000000d9a00000| Complete 
|1435|0x00000000d9b00000, 0x00000000d9c00000, 0x00000000d9c00000|100%| E|CS|TAMS 0x00000000d9b00000, 0x00000000d9b00000| Complete 
|1436|0x00000000d9c00000, 0x00000000d9d00000, 0x00000000d9d00000|100%| E|CS|TAMS 0x00000000d9c00000, 0x00000000d9c00000| Complete 
|1437|0x00000000d9d00000, 0x00000000d9e00000, 0x00000000d9e00000|100%| E|CS|TAMS 0x00000000d9d00000, 0x00000000d9d00000| Complete 
|1438|0x00000000d9e00000, 0x00000000d9f00000, 0x00000000d9f00000|100%| E|CS|TAMS 0x00000000d9e00000, 0x00000000d9e00000| Complete 
|1439|0x00000000d9f00000, 0x00000000da000000, 0x00000000da000000|100%| E|CS|TAMS 0x00000000d9f00000, 0x00000000d9f00000| Complete 
|1440|0x00000000da000000, 0x00000000da100000, 0x00000000da100000|100%| E|CS|TAMS 0x00000000da000000, 0x00000000da000000| Complete 
|1441|0x00000000da100000, 0x00000000da200000, 0x00000000da200000|100%| E|CS|TAMS 0x00000000da100000, 0x00000000da100000| Complete 
|1442|0x00000000da200000, 0x00000000da300000, 0x00000000da300000|100%| E|CS|TAMS 0x00000000da200000, 0x00000000da200000| Complete 
|1443|0x00000000da300000, 0x00000000da400000, 0x00000000da400000|100%| E|CS|TAMS 0x00000000da300000, 0x00000000da300000| Complete 
|1444|0x00000000da400000, 0x00000000da500000, 0x00000000da500000|100%| E|CS|TAMS 0x00000000da400000, 0x00000000da400000| Complete 
|1445|0x00000000da500000, 0x00000000da600000, 0x00000000da600000|100%| E|CS|TAMS 0x00000000da500000, 0x00000000da500000| Complete 
|1446|0x00000000da600000, 0x00000000da700000, 0x00000000da700000|100%| E|CS|TAMS 0x00000000da600000, 0x00000000da600000| Complete 
|1447|0x00000000da700000, 0x00000000da800000, 0x00000000da800000|100%| E|CS|TAMS 0x00000000da700000, 0x00000000da700000| Complete 
|1448|0x00000000da800000, 0x00000000da900000, 0x00000000da900000|100%| E|CS|TAMS 0x00000000da800000, 0x00000000da800000| Complete 
|1449|0x00000000da900000, 0x00000000daa00000, 0x00000000daa00000|100%| E|CS|TAMS 0x00000000da900000, 0x00000000da900000| Complete 
|1450|0x00000000daa00000, 0x00000000dab00000, 0x00000000dab00000|100%| E|CS|TAMS 0x00000000daa00000, 0x00000000daa00000| Complete 
|1451|0x00000000dab00000, 0x00000000dac00000, 0x00000000dac00000|100%| E|CS|TAMS 0x00000000dab00000, 0x00000000dab00000| Complete 
|1452|0x00000000dac00000, 0x00000000dad00000, 0x00000000dad00000|100%| E|CS|TAMS 0x00000000dac00000, 0x00000000dac00000| Complete 
|1453|0x00000000dad00000, 0x00000000dae00000, 0x00000000dae00000|100%| E|CS|TAMS 0x00000000dad00000, 0x00000000dad00000| Complete 
|1454|0x00000000dae00000, 0x00000000daf00000, 0x00000000daf00000|100%| E|CS|TAMS 0x00000000dae00000, 0x00000000dae00000| Complete 
|1455|0x00000000daf00000, 0x00000000db000000, 0x00000000db000000|100%| E|CS|TAMS 0x00000000daf00000, 0x00000000daf00000| Complete 
|1456|0x00000000db000000, 0x00000000db100000, 0x00000000db100000|100%| E|CS|TAMS 0x00000000db000000, 0x00000000db000000| Complete 
|1457|0x00000000db100000, 0x00000000db200000, 0x00000000db200000|100%| E|CS|TAMS 0x00000000db100000, 0x00000000db100000| Complete 
|1458|0x00000000db200000, 0x00000000db300000, 0x00000000db300000|100%| E|CS|TAMS 0x00000000db200000, 0x00000000db200000| Complete 
|1459|0x00000000db300000, 0x00000000db400000, 0x00000000db400000|100%| E|CS|TAMS 0x00000000db300000, 0x00000000db300000| Complete 
|1460|0x00000000db400000, 0x00000000db500000, 0x00000000db500000|100%| E|CS|TAMS 0x00000000db400000, 0x00000000db400000| Complete 
|1461|0x00000000db500000, 0x00000000db600000, 0x00000000db600000|100%| E|CS|TAMS 0x00000000db500000, 0x00000000db500000| Complete 
|1462|0x00000000db600000, 0x00000000db700000, 0x00000000db700000|100%| E|CS|TAMS 0x00000000db600000, 0x00000000db600000| Complete 
|1463|0x00000000db700000, 0x00000000db800000, 0x00000000db800000|100%| E|CS|TAMS 0x00000000db700000, 0x00000000db700000| Complete 
|1464|0x00000000db800000, 0x00000000db900000, 0x00000000db900000|100%| E|CS|TAMS 0x00000000db800000, 0x00000000db800000| Complete 
|1465|0x00000000db900000, 0x00000000dba00000, 0x00000000dba00000|100%| E|CS|TAMS 0x00000000db900000, 0x00000000db900000| Complete 
|1466|0x00000000dba00000, 0x00000000dbb00000, 0x00000000dbb00000|100%| E|CS|TAMS 0x00000000dba00000, 0x00000000dba00000| Complete 
|1467|0x00000000dbb00000, 0x00000000dbc00000, 0x00000000dbc00000|100%| E|CS|TAMS 0x00000000dbb00000, 0x00000000dbb00000| Complete 
|1468|0x00000000dbc00000, 0x00000000dbd00000, 0x00000000dbd00000|100%| E|CS|TAMS 0x00000000dbc00000, 0x00000000dbc00000| Complete 
|1469|0x00000000dbd00000, 0x00000000dbe00000, 0x00000000dbe00000|100%| E|CS|TAMS 0x00000000dbd00000, 0x00000000dbd00000| Complete 
|1470|0x00000000dbe00000, 0x00000000dbf00000, 0x00000000dbf00000|100%| E|CS|TAMS 0x00000000dbe00000, 0x00000000dbe00000| Complete 
|1471|0x00000000dbf00000, 0x00000000dc000000, 0x00000000dc000000|100%| E|CS|TAMS 0x00000000dbf00000, 0x00000000dbf00000| Complete 
|1472|0x00000000dc000000, 0x00000000dc100000, 0x00000000dc100000|100%| E|CS|TAMS 0x00000000dc000000, 0x00000000dc000000| Complete 
|1473|0x00000000dc100000, 0x00000000dc200000, 0x00000000dc200000|100%| E|CS|TAMS 0x00000000dc100000, 0x00000000dc100000| Complete 
|1474|0x00000000dc200000, 0x00000000dc300000, 0x00000000dc300000|100%| E|CS|TAMS 0x00000000dc200000, 0x00000000dc200000| Complete 
|1475|0x00000000dc300000, 0x00000000dc400000, 0x00000000dc400000|100%| E|CS|TAMS 0x00000000dc300000, 0x00000000dc300000| Complete 
|1476|0x00000000dc400000, 0x00000000dc500000, 0x00000000dc500000|100%| E|CS|TAMS 0x00000000dc400000, 0x00000000dc400000| Complete 
|1477|0x00000000dc500000, 0x00000000dc600000, 0x00000000dc600000|100%| E|CS|TAMS 0x00000000dc500000, 0x00000000dc500000| Complete 
|1478|0x00000000dc600000, 0x00000000dc700000, 0x00000000dc700000|100%| E|CS|TAMS 0x00000000dc600000, 0x00000000dc600000| Complete 
|1479|0x00000000dc700000, 0x00000000dc800000, 0x00000000dc800000|100%| E|CS|TAMS 0x00000000dc700000, 0x00000000dc700000| Complete 
|1480|0x00000000dc800000, 0x00000000dc900000, 0x00000000dc900000|100%| E|CS|TAMS 0x00000000dc800000, 0x00000000dc800000| Complete 
|1481|0x00000000dc900000, 0x00000000dca00000, 0x00000000dca00000|100%| E|CS|TAMS 0x00000000dc900000, 0x00000000dc900000| Complete 
|1482|0x00000000dca00000, 0x00000000dcb00000, 0x00000000dcb00000|100%| E|CS|TAMS 0x00000000dca00000, 0x00000000dca00000| Complete 
|1483|0x00000000dcb00000, 0x00000000dcc00000, 0x00000000dcc00000|100%| E|CS|TAMS 0x00000000dcb00000, 0x00000000dcb00000| Complete 
|1484|0x00000000dcc00000, 0x00000000dcd00000, 0x00000000dcd00000|100%| E|CS|TAMS 0x00000000dcc00000, 0x00000000dcc00000| Complete 
|1485|0x00000000dcd00000, 0x00000000dce00000, 0x00000000dce00000|100%| E|CS|TAMS 0x00000000dcd00000, 0x00000000dcd00000| Complete 
|1486|0x00000000dce00000, 0x00000000dcf00000, 0x00000000dcf00000|100%| E|CS|TAMS 0x00000000dce00000, 0x00000000dce00000| Complete 
|1487|0x00000000dcf00000, 0x00000000dd000000, 0x00000000dd000000|100%| E|CS|TAMS 0x00000000dcf00000, 0x00000000dcf00000| Complete 
|1488|0x00000000dd000000, 0x00000000dd100000, 0x00000000dd100000|100%| E|CS|TAMS 0x00000000dd000000, 0x00000000dd000000| Complete 
|1489|0x00000000dd100000, 0x00000000dd200000, 0x00000000dd200000|100%| E|CS|TAMS 0x00000000dd100000, 0x00000000dd100000| Complete 
|1490|0x00000000dd200000, 0x00000000dd300000, 0x00000000dd300000|100%| E|CS|TAMS 0x00000000dd200000, 0x00000000dd200000| Complete 
|1491|0x00000000dd300000, 0x00000000dd400000, 0x00000000dd400000|100%| E|CS|TAMS 0x00000000dd300000, 0x00000000dd300000| Complete 
|1492|0x00000000dd400000, 0x00000000dd500000, 0x00000000dd500000|100%| E|CS|TAMS 0x00000000dd400000, 0x00000000dd400000| Complete 
|1493|0x00000000dd500000, 0x00000000dd600000, 0x00000000dd600000|100%| E|CS|TAMS 0x00000000dd500000, 0x00000000dd500000| Complete 
|1494|0x00000000dd600000, 0x00000000dd700000, 0x00000000dd700000|100%| E|CS|TAMS 0x00000000dd600000, 0x00000000dd600000| Complete 
|1495|0x00000000dd700000, 0x00000000dd800000, 0x00000000dd800000|100%| E|CS|TAMS 0x00000000dd700000, 0x00000000dd700000| Complete 
|1496|0x00000000dd800000, 0x00000000dd900000, 0x00000000dd900000|100%| E|CS|TAMS 0x00000000dd800000, 0x00000000dd800000| Complete 
|1497|0x00000000dd900000, 0x00000000dda00000, 0x00000000dda00000|100%| E|CS|TAMS 0x00000000dd900000, 0x00000000dd900000| Complete 
|1498|0x00000000dda00000, 0x00000000ddb00000, 0x00000000ddb00000|100%| E|CS|TAMS 0x00000000dda00000, 0x00000000dda00000| Complete 
|1499|0x00000000ddb00000, 0x00000000ddc00000, 0x00000000ddc00000|100%| E|CS|TAMS 0x00000000ddb00000, 0x00000000ddb00000| Complete 
|1500|0x00000000ddc00000, 0x00000000ddd00000, 0x00000000ddd00000|100%| E|CS|TAMS 0x00000000ddc00000, 0x00000000ddc00000| Complete 
|1501|0x00000000ddd00000, 0x00000000dde00000, 0x00000000dde00000|100%| E|CS|TAMS 0x00000000ddd00000, 0x00000000ddd00000| Complete 
|1502|0x00000000dde00000, 0x00000000ddf00000, 0x00000000ddf00000|100%| E|CS|TAMS 0x00000000dde00000, 0x00000000dde00000| Complete 
|1503|0x00000000ddf00000, 0x00000000de000000, 0x00000000de000000|100%| E|CS|TAMS 0x00000000ddf00000, 0x00000000ddf00000| Complete 
|1504|0x00000000de000000, 0x00000000de100000, 0x00000000de100000|100%| E|CS|TAMS 0x00000000de000000, 0x00000000de000000| Complete 
|1505|0x00000000de100000, 0x00000000de200000, 0x00000000de200000|100%| E|CS|TAMS 0x00000000de100000, 0x00000000de100000| Complete 
|1506|0x00000000de200000, 0x00000000de300000, 0x00000000de300000|100%| E|CS|TAMS 0x00000000de200000, 0x00000000de200000| Complete 
|1507|0x00000000de300000, 0x00000000de400000, 0x00000000de400000|100%| E|CS|TAMS 0x00000000de300000, 0x00000000de300000| Complete 
|1508|0x00000000de400000, 0x00000000de500000, 0x00000000de500000|100%| E|CS|TAMS 0x00000000de400000, 0x00000000de400000| Complete 
|1509|0x00000000de500000, 0x00000000de600000, 0x00000000de600000|100%| E|CS|TAMS 0x00000000de500000, 0x00000000de500000| Complete 
|1510|0x00000000de600000, 0x00000000de700000, 0x00000000de700000|100%| E|CS|TAMS 0x00000000de600000, 0x00000000de600000| Complete 
|1511|0x00000000de700000, 0x00000000de800000, 0x00000000de800000|100%| E|CS|TAMS 0x00000000de700000, 0x00000000de700000| Complete 
|1512|0x00000000de800000, 0x00000000de900000, 0x00000000de900000|100%| E|CS|TAMS 0x00000000de800000, 0x00000000de800000| Complete 
|1513|0x00000000de900000, 0x00000000dea00000, 0x00000000dea00000|100%| E|CS|TAMS 0x00000000de900000, 0x00000000de900000| Complete 
|1514|0x00000000dea00000, 0x00000000deb00000, 0x00000000deb00000|100%| E|CS|TAMS 0x00000000dea00000, 0x00000000dea00000| Complete 
|1515|0x00000000deb00000, 0x00000000dec00000, 0x00000000dec00000|100%| E|CS|TAMS 0x00000000deb00000, 0x00000000deb00000| Complete 
|1516|0x00000000dec00000, 0x00000000ded00000, 0x00000000ded00000|100%| E|CS|TAMS 0x00000000dec00000, 0x00000000dec00000| Complete 
|1517|0x00000000ded00000, 0x00000000dee00000, 0x00000000dee00000|100%| E|CS|TAMS 0x00000000ded00000, 0x00000000ded00000| Complete 
|1518|0x00000000dee00000, 0x00000000def00000, 0x00000000def00000|100%| E|CS|TAMS 0x00000000dee00000, 0x00000000dee00000| Complete 
|1519|0x00000000def00000, 0x00000000df000000, 0x00000000df000000|100%| E|CS|TAMS 0x00000000def00000, 0x00000000def00000| Complete 
|1520|0x00000000df000000, 0x00000000df100000, 0x00000000df100000|100%| E|CS|TAMS 0x00000000df000000, 0x00000000df000000| Complete 
|1521|0x00000000df100000, 0x00000000df200000, 0x00000000df200000|100%| E|CS|TAMS 0x00000000df100000, 0x00000000df100000| Complete 
|1522|0x00000000df200000, 0x00000000df300000, 0x00000000df300000|100%| E|CS|TAMS 0x00000000df200000, 0x00000000df200000| Complete 
|1523|0x00000000df300000, 0x00000000df400000, 0x00000000df400000|100%| E|CS|TAMS 0x00000000df300000, 0x00000000df300000| Complete 
|1524|0x00000000df400000, 0x00000000df500000, 0x00000000df500000|100%| E|CS|TAMS 0x00000000df400000, 0x00000000df400000| Complete 
|1525|0x00000000df500000, 0x00000000df600000, 0x00000000df600000|100%| E|CS|TAMS 0x00000000df500000, 0x00000000df500000| Complete 
|1526|0x00000000df600000, 0x00000000df700000, 0x00000000df700000|100%| E|CS|TAMS 0x00000000df600000, 0x00000000df600000| Complete 
|1527|0x00000000df700000, 0x00000000df800000, 0x00000000df800000|100%| E|CS|TAMS 0x00000000df700000, 0x00000000df700000| Complete 
|1528|0x00000000df800000, 0x00000000df900000, 0x00000000df900000|100%| E|CS|TAMS 0x00000000df800000, 0x00000000df800000| Complete 
|1529|0x00000000df900000, 0x00000000dfa00000, 0x00000000dfa00000|100%| E|CS|TAMS 0x00000000df900000, 0x00000000df900000| Complete 
|1530|0x00000000dfa00000, 0x00000000dfb00000, 0x00000000dfb00000|100%| E|CS|TAMS 0x00000000dfa00000, 0x00000000dfa00000| Complete 
|1531|0x00000000dfb00000, 0x00000000dfc00000, 0x00000000dfc00000|100%| E|CS|TAMS 0x00000000dfb00000, 0x00000000dfb00000| Complete 
|1532|0x00000000dfc00000, 0x00000000dfd00000, 0x00000000dfd00000|100%| E|CS|TAMS 0x00000000dfc00000, 0x00000000dfc00000| Complete 
|1533|0x00000000dfd00000, 0x00000000dfe00000, 0x00000000dfe00000|100%| E|CS|TAMS 0x00000000dfd00000, 0x00000000dfd00000| Complete 
|1534|0x00000000dfe00000, 0x00000000dff00000, 0x00000000dff00000|100%| E|CS|TAMS 0x00000000dfe00000, 0x00000000dfe00000| Complete 
|1535|0x00000000dff00000, 0x00000000e0000000, 0x00000000e0000000|100%| E|CS|TAMS 0x00000000dff00000, 0x00000000dff00000| Complete 
|1536|0x00000000e0000000, 0x00000000e0100000, 0x00000000e0100000|100%| E|CS|TAMS 0x00000000e0000000, 0x00000000e0000000| Complete 
|1537|0x00000000e0100000, 0x00000000e0200000, 0x00000000e0200000|100%| E|CS|TAMS 0x00000000e0100000, 0x00000000e0100000| Complete 
|1538|0x00000000e0200000, 0x00000000e0300000, 0x00000000e0300000|100%| E|CS|TAMS 0x00000000e0200000, 0x00000000e0200000| Complete 
|1539|0x00000000e0300000, 0x00000000e0400000, 0x00000000e0400000|100%| E|CS|TAMS 0x00000000e0300000, 0x00000000e0300000| Complete 
|1540|0x00000000e0400000, 0x00000000e0500000, 0x00000000e0500000|100%| E|CS|TAMS 0x00000000e0400000, 0x00000000e0400000| Complete 
|1541|0x00000000e0500000, 0x00000000e0600000, 0x00000000e0600000|100%| E|CS|TAMS 0x00000000e0500000, 0x00000000e0500000| Complete 
|1542|0x00000000e0600000, 0x00000000e0700000, 0x00000000e0700000|100%| E|CS|TAMS 0x00000000e0600000, 0x00000000e0600000| Complete 
|1543|0x00000000e0700000, 0x00000000e0800000, 0x00000000e0800000|100%| E|CS|TAMS 0x00000000e0700000, 0x00000000e0700000| Complete 
|1544|0x00000000e0800000, 0x00000000e0900000, 0x00000000e0900000|100%| E|CS|TAMS 0x00000000e0800000, 0x00000000e0800000| Complete 
|1545|0x00000000e0900000, 0x00000000e0a00000, 0x00000000e0a00000|100%| E|CS|TAMS 0x00000000e0900000, 0x00000000e0900000| Complete 
|1546|0x00000000e0a00000, 0x00000000e0b00000, 0x00000000e0b00000|100%| E|CS|TAMS 0x00000000e0a00000, 0x00000000e0a00000| Complete 
|1547|0x00000000e0b00000, 0x00000000e0b198c0, 0x00000000e0c00000|  9%| S|CS|TAMS 0x00000000e0b00000, 0x00000000e0b00000| Complete 
|1548|0x00000000e0c00000, 0x00000000e0d00000, 0x00000000e0d00000|100%| S|CS|TAMS 0x00000000e0c00000, 0x00000000e0c00000| Complete 
|1549|0x00000000e0d00000, 0x00000000e0e00000, 0x00000000e0e00000|100%| E|CS|TAMS 0x00000000e0d00000, 0x00000000e0d00000| Complete 
|1550|0x00000000e0e00000, 0x00000000e0f00000, 0x00000000e0f00000|100%| E|CS|TAMS 0x00000000e0e00000, 0x00000000e0e00000| Complete 
|1551|0x00000000e0f00000, 0x00000000e1000000, 0x00000000e1000000|100%| E|CS|TAMS 0x00000000e0f00000, 0x00000000e0f00000| Complete 
|1552|0x00000000e1000000, 0x00000000e1100000, 0x00000000e1100000|100%| E|CS|TAMS 0x00000000e1000000, 0x00000000e1000000| Complete 
|1553|0x00000000e1100000, 0x00000000e1200000, 0x00000000e1200000|100%| E|CS|TAMS 0x00000000e1100000, 0x00000000e1100000| Complete 
|1554|0x00000000e1200000, 0x00000000e1300000, 0x00000000e1300000|100%| E|CS|TAMS 0x00000000e1200000, 0x00000000e1200000| Complete 
|1555|0x00000000e1300000, 0x00000000e1400000, 0x00000000e1400000|100%| E|CS|TAMS 0x00000000e1300000, 0x00000000e1300000| Complete 
|1556|0x00000000e1400000, 0x00000000e1500000, 0x00000000e1500000|100%| E|CS|TAMS 0x00000000e1400000, 0x00000000e1400000| Complete 
|1557|0x00000000e1500000, 0x00000000e1600000, 0x00000000e1600000|100%| E|CS|TAMS 0x00000000e1500000, 0x00000000e1500000| Complete 
|1558|0x00000000e1600000, 0x00000000e1700000, 0x00000000e1700000|100%| E|CS|TAMS 0x00000000e1600000, 0x00000000e1600000| Complete 
|1559|0x00000000e1700000, 0x00000000e1800000, 0x00000000e1800000|100%| E|CS|TAMS 0x00000000e1700000, 0x00000000e1700000| Complete 
|1560|0x00000000e1800000, 0x00000000e1900000, 0x00000000e1900000|100%| E|CS|TAMS 0x00000000e1800000, 0x00000000e1800000| Complete 
|1561|0x00000000e1900000, 0x00000000e1a00000, 0x00000000e1a00000|100%| E|CS|TAMS 0x00000000e1900000, 0x00000000e1900000| Complete 
|1562|0x00000000e1a00000, 0x00000000e1b00000, 0x00000000e1b00000|100%| E|CS|TAMS 0x00000000e1a00000, 0x00000000e1a00000| Complete 
|1563|0x00000000e1b00000, 0x00000000e1c00000, 0x00000000e1c00000|100%| E|CS|TAMS 0x00000000e1b00000, 0x00000000e1b00000| Complete 
|1564|0x00000000e1c00000, 0x00000000e1d00000, 0x00000000e1d00000|100%| E|CS|TAMS 0x00000000e1c00000, 0x00000000e1c00000| Complete 
|1565|0x00000000e1d00000, 0x00000000e1e00000, 0x00000000e1e00000|100%| E|CS|TAMS 0x00000000e1d00000, 0x00000000e1d00000| Complete 
|1566|0x00000000e1e00000, 0x00000000e1f00000, 0x00000000e1f00000|100%| E|CS|TAMS 0x00000000e1e00000, 0x00000000e1e00000| Complete 
|1567|0x00000000e1f00000, 0x00000000e2000000, 0x00000000e2000000|100%| E|CS|TAMS 0x00000000e1f00000, 0x00000000e1f00000| Complete 
|1568|0x00000000e2000000, 0x00000000e2100000, 0x00000000e2100000|100%| E|CS|TAMS 0x00000000e2000000, 0x00000000e2000000| Complete 
|1569|0x00000000e2100000, 0x00000000e2200000, 0x00000000e2200000|100%| E|CS|TAMS 0x00000000e2100000, 0x00000000e2100000| Complete 
|1570|0x00000000e2200000, 0x00000000e2300000, 0x00000000e2300000|100%| E|CS|TAMS 0x00000000e2200000, 0x00000000e2200000| Complete 
|1571|0x00000000e2300000, 0x00000000e2400000, 0x00000000e2400000|100%| E|CS|TAMS 0x00000000e2300000, 0x00000000e2300000| Complete 
|1572|0x00000000e2400000, 0x00000000e2500000, 0x00000000e2500000|100%| E|CS|TAMS 0x00000000e2400000, 0x00000000e2400000| Complete 
|1573|0x00000000e2500000, 0x00000000e2600000, 0x00000000e2600000|100%| E|CS|TAMS 0x00000000e2500000, 0x00000000e2500000| Complete 
|1574|0x00000000e2600000, 0x00000000e2700000, 0x00000000e2700000|100%| E|CS|TAMS 0x00000000e2600000, 0x00000000e2600000| Complete 
|1575|0x00000000e2700000, 0x00000000e2800000, 0x00000000e2800000|100%| E|CS|TAMS 0x00000000e2700000, 0x00000000e2700000| Complete 
|1576|0x00000000e2800000, 0x00000000e2900000, 0x00000000e2900000|100%| E|CS|TAMS 0x00000000e2800000, 0x00000000e2800000| Complete 
|1577|0x00000000e2900000, 0x00000000e2a00000, 0x00000000e2a00000|100%| E|CS|TAMS 0x00000000e2900000, 0x00000000e2900000| Complete 
|1578|0x00000000e2a00000, 0x00000000e2b00000, 0x00000000e2b00000|100%| E|CS|TAMS 0x00000000e2a00000, 0x00000000e2a00000| Complete 
|1579|0x00000000e2b00000, 0x00000000e2c00000, 0x00000000e2c00000|100%| E|CS|TAMS 0x00000000e2b00000, 0x00000000e2b00000| Complete 
|1580|0x00000000e2c00000, 0x00000000e2d00000, 0x00000000e2d00000|100%| E|CS|TAMS 0x00000000e2c00000, 0x00000000e2c00000| Complete 
|1581|0x00000000e2d00000, 0x00000000e2e00000, 0x00000000e2e00000|100%| E|CS|TAMS 0x00000000e2d00000, 0x00000000e2d00000| Complete 
|1582|0x00000000e2e00000, 0x00000000e2f00000, 0x00000000e2f00000|100%| E|CS|TAMS 0x00000000e2e00000, 0x00000000e2e00000| Complete 
|1583|0x00000000e2f00000, 0x00000000e3000000, 0x00000000e3000000|100%| E|CS|TAMS 0x00000000e2f00000, 0x00000000e2f00000| Complete 
|1584|0x00000000e3000000, 0x00000000e3100000, 0x00000000e3100000|100%| E|CS|TAMS 0x00000000e3000000, 0x00000000e3000000| Complete 
|1585|0x00000000e3100000, 0x00000000e3200000, 0x00000000e3200000|100%| E|CS|TAMS 0x00000000e3100000, 0x00000000e3100000| Complete 
|1586|0x00000000e3200000, 0x00000000e3300000, 0x00000000e3300000|100%| E|CS|TAMS 0x00000000e3200000, 0x00000000e3200000| Complete 
|1587|0x00000000e3300000, 0x00000000e3400000, 0x00000000e3400000|100%| E|CS|TAMS 0x00000000e3300000, 0x00000000e3300000| Complete 
|1588|0x00000000e3400000, 0x00000000e3500000, 0x00000000e3500000|100%| E|CS|TAMS 0x00000000e3400000, 0x00000000e3400000| Complete 
|1589|0x00000000e3500000, 0x00000000e3600000, 0x00000000e3600000|100%| E|CS|TAMS 0x00000000e3500000, 0x00000000e3500000| Complete 
|1590|0x00000000e3600000, 0x00000000e3700000, 0x00000000e3700000|100%| E|CS|TAMS 0x00000000e3600000, 0x00000000e3600000| Complete 
|1591|0x00000000e3700000, 0x00000000e3800000, 0x00000000e3800000|100%| E|CS|TAMS 0x00000000e3700000, 0x00000000e3700000| Complete 
|1592|0x00000000e3800000, 0x00000000e3900000, 0x00000000e3900000|100%| E|CS|TAMS 0x00000000e3800000, 0x00000000e3800000| Complete 
|1593|0x00000000e3900000, 0x00000000e3a00000, 0x00000000e3a00000|100%| E|CS|TAMS 0x00000000e3900000, 0x00000000e3900000| Complete 
|1594|0x00000000e3a00000, 0x00000000e3b00000, 0x00000000e3b00000|100%| E|CS|TAMS 0x00000000e3a00000, 0x00000000e3a00000| Complete 
|1595|0x00000000e3b00000, 0x00000000e3c00000, 0x00000000e3c00000|100%| E|CS|TAMS 0x00000000e3b00000, 0x00000000e3b00000| Complete 
|1596|0x00000000e3c00000, 0x00000000e3d00000, 0x00000000e3d00000|100%| E|CS|TAMS 0x00000000e3c00000, 0x00000000e3c00000| Complete 
|1597|0x00000000e3d00000, 0x00000000e3e00000, 0x00000000e3e00000|100%| E|CS|TAMS 0x00000000e3d00000, 0x00000000e3d00000| Complete 
|1598|0x00000000e3e00000, 0x00000000e3f00000, 0x00000000e3f00000|100%| E|CS|TAMS 0x00000000e3e00000, 0x00000000e3e00000| Complete 
|1599|0x00000000e3f00000, 0x00000000e4000000, 0x00000000e4000000|100%| E|CS|TAMS 0x00000000e3f00000, 0x00000000e3f00000| Complete 
|1600|0x00000000e4000000, 0x00000000e4100000, 0x00000000e4100000|100%| E|CS|TAMS 0x00000000e4000000, 0x00000000e4000000| Complete 
|1601|0x00000000e4100000, 0x00000000e4200000, 0x00000000e4200000|100%| E|CS|TAMS 0x00000000e4100000, 0x00000000e4100000| Complete 
|1602|0x00000000e4200000, 0x00000000e4300000, 0x00000000e4300000|100%| E|CS|TAMS 0x00000000e4200000, 0x00000000e4200000| Complete 
|1603|0x00000000e4300000, 0x00000000e4400000, 0x00000000e4400000|100%| E|CS|TAMS 0x00000000e4300000, 0x00000000e4300000| Complete 
|1604|0x00000000e4400000, 0x00000000e4500000, 0x00000000e4500000|100%| E|CS|TAMS 0x00000000e4400000, 0x00000000e4400000| Complete 
|1605|0x00000000e4500000, 0x00000000e4600000, 0x00000000e4600000|100%| E|CS|TAMS 0x00000000e4500000, 0x00000000e4500000| Complete 
|1606|0x00000000e4600000, 0x00000000e4700000, 0x00000000e4700000|100%| E|CS|TAMS 0x00000000e4600000, 0x00000000e4600000| Complete 
|1607|0x00000000e4700000, 0x00000000e4800000, 0x00000000e4800000|100%| E|CS|TAMS 0x00000000e4700000, 0x00000000e4700000| Complete 
|1608|0x00000000e4800000, 0x00000000e4900000, 0x00000000e4900000|100%| E|CS|TAMS 0x00000000e4800000, 0x00000000e4800000| Complete 
|1609|0x00000000e4900000, 0x00000000e4a00000, 0x00000000e4a00000|100%| E|CS|TAMS 0x00000000e4900000, 0x00000000e4900000| Complete 
|1610|0x00000000e4a00000, 0x00000000e4b00000, 0x00000000e4b00000|100%| E|CS|TAMS 0x00000000e4a00000, 0x00000000e4a00000| Complete 
|1611|0x00000000e4b00000, 0x00000000e4c00000, 0x00000000e4c00000|100%| E|CS|TAMS 0x00000000e4b00000, 0x00000000e4b00000| Complete 
|1612|0x00000000e4c00000, 0x00000000e4d00000, 0x00000000e4d00000|100%| E|CS|TAMS 0x00000000e4c00000, 0x00000000e4c00000| Complete 
|1613|0x00000000e4d00000, 0x00000000e4e00000, 0x00000000e4e00000|100%| E|CS|TAMS 0x00000000e4d00000, 0x00000000e4d00000| Complete 
|1614|0x00000000e4e00000, 0x00000000e4f00000, 0x00000000e4f00000|100%| E|CS|TAMS 0x00000000e4e00000, 0x00000000e4e00000| Complete 
|1615|0x00000000e4f00000, 0x00000000e5000000, 0x00000000e5000000|100%| E|CS|TAMS 0x00000000e4f00000, 0x00000000e4f00000| Complete 
|1616|0x00000000e5000000, 0x00000000e5100000, 0x00000000e5100000|100%| E|CS|TAMS 0x00000000e5000000, 0x00000000e5000000| Complete 
|1617|0x00000000e5100000, 0x00000000e5200000, 0x00000000e5200000|100%| E|CS|TAMS 0x00000000e5100000, 0x00000000e5100000| Complete 
|1623|0x00000000e5700000, 0x00000000e5800000, 0x00000000e5800000|100%| E|CS|TAMS 0x00000000e5700000, 0x00000000e5700000| Complete 
|1624|0x00000000e5800000, 0x00000000e5900000, 0x00000000e5900000|100%| E|CS|TAMS 0x00000000e5800000, 0x00000000e5800000| Complete 
|1625|0x00000000e5900000, 0x00000000e5a00000, 0x00000000e5a00000|100%| E|CS|TAMS 0x00000000e5900000, 0x00000000e5900000| Complete 
|1626|0x00000000e5a00000, 0x00000000e5b00000, 0x00000000e5b00000|100%| E|CS|TAMS 0x00000000e5a00000, 0x00000000e5a00000| Complete 
|1627|0x00000000e5b00000, 0x00000000e5c00000, 0x00000000e5c00000|100%| E|CS|TAMS 0x00000000e5b00000, 0x00000000e5b00000| Complete 
|1628|0x00000000e5c00000, 0x00000000e5d00000, 0x00000000e5d00000|100%| E|CS|TAMS 0x00000000e5c00000, 0x00000000e5c00000| Complete 
|1629|0x00000000e5d00000, 0x00000000e5e00000, 0x00000000e5e00000|100%| E|CS|TAMS 0x00000000e5d00000, 0x00000000e5d00000| Complete 
|1832|0x00000000f2800000, 0x00000000f2900000, 0x00000000f2900000|100%| E|CS|TAMS 0x00000000f2800000, 0x00000000f2800000| Complete 
|1833|0x00000000f2900000, 0x00000000f2a00000, 0x00000000f2a00000|100%| E|CS|TAMS 0x00000000f2900000, 0x00000000f2900000| Complete 
|1834|0x00000000f2a00000, 0x00000000f2b00000, 0x00000000f2b00000|100%| E|CS|TAMS 0x00000000f2a00000, 0x00000000f2a00000| Complete 
|1835|0x00000000f2b00000, 0x00000000f2c00000, 0x00000000f2c00000|100%| E|CS|TAMS 0x00000000f2b00000, 0x00000000f2b00000| Complete 
|1836|0x00000000f2c00000, 0x00000000f2d00000, 0x00000000f2d00000|100%| E|CS|TAMS 0x00000000f2c00000, 0x00000000f2c00000| Complete 
|1837|0x00000000f2d00000, 0x00000000f2e00000, 0x00000000f2e00000|100%| E|CS|TAMS 0x00000000f2d00000, 0x00000000f2d00000| Complete 
|1838|0x00000000f2e00000, 0x00000000f2f00000, 0x00000000f2f00000|100%| E|CS|TAMS 0x00000000f2e00000, 0x00000000f2e00000| Complete 
|1839|0x00000000f2f00000, 0x00000000f3000000, 0x00000000f3000000|100%| E|CS|TAMS 0x00000000f2f00000, 0x00000000f2f00000| Complete 
|1840|0x00000000f3000000, 0x00000000f3100000, 0x00000000f3100000|100%| E|CS|TAMS 0x00000000f3000000, 0x00000000f3000000| Complete 
|1841|0x00000000f3100000, 0x00000000f3200000, 0x00000000f3200000|100%| E|CS|TAMS 0x00000000f3100000, 0x00000000f3100000| Complete 
|2046|0x00000000ffe00000, 0x00000000ffe76000, 0x00000000fff00000| 46%|OA|  |TAMS 0x00000000ffe76000, 0x00000000ffe00000| Untracked 
|2047|0x00000000fff00000, 0x00000000fff82000, 0x0000000100000000| 50%|CA|  |TAMS 0x00000000fff82000, 0x00000000fff00000| Untracked 

Card table byte_map: [0x00007dae99726000,0x00007dae99b26000] _byte_map_base: 0x00007dae99326000

Marking Bits (Prev, Next): (CMBitMap*) 0x00007dae94065f50, (CMBitMap*) 0x00007dae94065f10
 Prev Bits: [0x00007dae79600000, 0x00007dae7b600000)
 Next Bits: [0x00007dae7b600000, 0x00007dae7d600000)

Polling page: 0x00007dae9bd12000

Metaspace:

Usage:
  Non-class:    166.72 MB used.
      Class:     24.93 MB used.
       Both:    191.65 MB used.

Virtual space:
  Non-class space:      176.00 MB reserved,     168.50 MB ( 96%) committed,  22 nodes.
      Class space:      412.00 MB reserved,      26.44 MB (  6%) committed,  1 nodes.
             Both:      588.00 MB reserved,     194.94 MB ( 33%) committed. 

Chunk freelists:
   Non-Class:  2.91 MB
       Class:  1.53 MB
        Both:  4.45 MB

MaxMetaspaceSize: 512.00 MB
CompressedClassSpaceSize: 412.00 MB
Initial GC threshold: 21.00 MB
Current GC threshold: 324.38 MB
CDS: on
MetaspaceReclaimPolicy: balanced
 - commit_granule_bytes: 65536.
 - commit_granule_words: 8192.
 - virtual_space_node_default_size: 1048576.
 - enlarge_chunks_in_place: 1.
 - new_chunks_are_fully_committed: 0.
 - uncommit_free_chunks: 1.
 - use_allocation_guard: 0.
 - handle_deallocations: 1.


Internal statistics:

num_allocs_failed_limit: 12.
num_arena_births: 6012.
num_arena_deaths: 1016.
num_vsnodes_births: 23.
num_vsnodes_deaths: 0.
num_space_committed: 3205.
num_space_uncommitted: 88.
num_chunks_returned_to_freelist: 1775.
num_chunks_taken_from_freelist: 16677.
num_chunk_merges: 624.
num_chunk_splits: 9717.
num_chunks_enlarged: 5077.
num_purges: 28.
num_inconsistent_stats: 0.

CodeHeap 'non-profiled nmethods': size=120032Kb used=45335Kb max_used=45335Kb free=74696Kb
 bounds [0x00007dae850c8000, 0x00007dae87d18000, 0x00007dae8c600000]
CodeHeap 'profiled nmethods': size=120028Kb used=81699Kb max_used=81905Kb free=38328Kb
 bounds [0x00007dae7db91000, 0x00007dae82ba1000, 0x00007dae850c8000]
CodeHeap 'non-nmethods': size=5700Kb used=2569Kb max_used=2655Kb free=3130Kb
 bounds [0x00007dae7d600000, 0x00007dae7d8a0000, 0x00007dae7db91000]
 total_blobs=43753 nmethods=42620 adapters=1041
 compilation: enabled
              stopped_count=0, restarted_count=0
 full_count=0

Compilation events (20 events):
Event: 6746.979 Thread 0x00007dae94115520 nmethod 60177 0x00007dae82a84a90 code [0x00007dae82a84c80, 0x00007dae82a85210]
Event: 6751.777 Thread 0x00007dae94115520 60178       1       org.codehaus.groovy.runtime.NullObject::toString (3 bytes)
Event: 6751.777 Thread 0x00007dae94115520 nmethod 60178 0x00007dae87d08a10 code [0x00007dae87d08ba0, 0x00007dae87d08c70]
Event: 6751.795 Thread 0x00007dae94113ff0 60180       4       org.codehaus.groovy.runtime.dgm$309::invoke (11 bytes)
Event: 6751.799 Thread 0x00007dae94115520 60179       3       org.codehaus.groovy.runtime.callsite.GetEffectivePogoFieldSite::getProperty (9 bytes)
Event: 6751.875 Thread 0x00007dae94115520 nmethod 60179 0x00007dae82a7df90 code [0x00007dae82a7e140, 0x00007dae82a7e2a0]
Event: 6751.875 Thread 0x00007dae94115520 60181       3       org.codehaus.groovy.runtime.callsite.GetEffectivePogoFieldSite::isEffective (35 bytes)
Event: 6751.936 Thread 0x00007dae94115520 nmethod 60181 0x00007dae82a83c10 code [0x00007dae82a83e40, 0x00007dae82a848a0]
Event: 6752.123 Thread 0x00007dae94113ff0 nmethod 60180 0x00007dae87d08d10 code [0x00007dae87d08ee0, 0x00007dae87d09168]
Event: 6753.264 Thread 0x00007dae94115520 60182       1       com.android.build.api.variant.impl.ApplicationVariantImpl::getApplicationId (5 bytes)
Event: 6753.264 Thread 0x00007dae94115520 nmethod 60182 0x00007dae87d09510 code [0x00007dae87d096a0, 0x00007dae87d09770]
Event: 6754.870 Thread 0x00007dae94113ff0 60183       4       com.android.build.gradle.internal.scope.BuildArtifactSpec::access$getSpecMap$cp (4 bytes)
Event: 6754.871 Thread 0x00007dae94113ff0 nmethod 60183 0x00007dae87d09810 code [0x00007dae87d09980, 0x00007dae87d099d8]
Event: 6755.993 Thread 0x00007dae94113ff0 60184       4       org.gradle.internal.authentication.DefaultAuthenticationContainer::<init> (10 bytes)
Event: 6756.653 Thread 0x00007dae94113ff0 nmethod 60184 0x00007dae87d09b10 code [0x00007dae87d09cc0, 0x00007dae87d0a408]
Event: 6756.654 Thread 0x00007dae94113ff0 60185       4       org.gradle.api.internal.artifacts.DefaultArtifactRepositoryContainer::addWithUniqueName (61 bytes)
Event: 6757.469 Thread 0x00007dae94113ff0 nmethod 60185 0x00007dae87d0a690 code [0x00007dae87d0a940, 0x00007dae87d0c200]
Event: 6757.470 Thread 0x00007dae94113ff0 60186       4       org.gradle.internal.authentication.DefaultAuthenticationContainer_Decorated$$Lambda$665/0x0000000801177860::run (8 bytes)
Event: 6757.515 Thread 0x00007dae94113ff0 nmethod 60186 0x00007dae87d0d010 code [0x00007dae87d0d1c0, 0x00007dae87d0d4d8]
Event: 6762.370 Thread 0x00007dae94113ff0 60187       4       org.gradle.api.tasks.util.PatternSet::include (11 bytes)

GC Heap History (20 events):
Event: 3704.169 GC heap before
{Heap before GC invocations=205 (full 0):
 garbage-first heap   total 1772544K, used 644576K [0x0000000080000000, 0x0000000100000000)
  region size 1024K, 86 young (88064K), 21 survivors (21504K)
 Metaspace       used 195451K, committed 198784K, reserved 602112K
  class space    used 25479K, committed 27008K, reserved 421888K
}
Event: 3704.283 GC heap after
{Heap after GC invocations=206 (full 0):
 garbage-first heap   total 1772544K, used 494380K [0x0000000080000000, 0x0000000100000000)
  region size 1024K, 5 young (5120K), 5 survivors (5120K)
 Metaspace       used 195451K, committed 198784K, reserved 602112K
  class space    used 25479K, committed 27008K, reserved 421888K
}
Event: 3706.338 GC heap before
{Heap before GC invocations=206 (full 0):
 garbage-first heap   total 1772544K, used 588588K [0x0000000080000000, 0x0000000100000000)
  region size 1024K, 99 young (101376K), 5 survivors (5120K)
 Metaspace       used 195905K, committed 199296K, reserved 602112K
  class space    used 25517K, committed 27072K, reserved 421888K
}
Event: 3706.382 GC heap after
{Heap after GC invocations=207 (full 0):
 garbage-first heap   total 1772544K, used 496142K [0x0000000080000000, 0x0000000100000000)
  region size 1024K, 7 young (7168K), 7 survivors (7168K)
 Metaspace       used 195905K, committed 199296K, reserved 602112K
  class space    used 25517K, committed 27072K, reserved 421888K
}
Event: 3759.780 GC heap before
{Heap before GC invocations=208 (full 0):
 garbage-first heap   total 1676288K, used 1417742K [0x0000000080000000, 0x0000000100000000)
  region size 1024K, 903 young (924672K), 7 survivors (7168K)
 Metaspace       used 195991K, committed 199360K, reserved 602112K
  class space    used 25523K, committed 27072K, reserved 421888K
}
Event: 3761.274 GC heap after
{Heap after GC invocations=209 (full 0):
 garbage-first heap   total 1676288K, used 504908K [0x0000000080000000, 0x0000000100000000)
  region size 1024K, 22 young (22528K), 22 survivors (22528K)
 Metaspace       used 195991K, committed 199360K, reserved 602112K
  class space    used 25523K, committed 27072K, reserved 421888K
}
Event: 3765.670 GC heap before
{Heap before GC invocations=209 (full 0):
 garbage-first heap   total 1676288K, used 564300K [0x0000000080000000, 0x0000000100000000)
  region size 1024K, 81 young (82944K), 22 survivors (22528K)
 Metaspace       used 195991K, committed 199360K, reserved 602112K
  class space    used 25523K, committed 27072K, reserved 421888K
}
Event: 3765.913 GC heap after
{Heap after GC invocations=210 (full 0):
 garbage-first heap   total 1676288K, used 498656K [0x0000000080000000, 0x0000000100000000)
  region size 1024K, 2 young (2048K), 2 survivors (2048K)
 Metaspace       used 195991K, committed 199360K, reserved 602112K
  class space    used 25523K, committed 27072K, reserved 421888K
}
Event: 3767.526 GC heap before
{Heap before GC invocations=210 (full 0):
 garbage-first heap   total 1676288K, used 578528K [0x0000000080000000, 0x0000000100000000)
  region size 1024K, 81 young (82944K), 2 survivors (2048K)
 Metaspace       used 196000K, committed 199360K, reserved 602112K
  class space    used 25523K, committed 27072K, reserved 421888K
}
Event: 3767.556 GC heap after
{Heap after GC invocations=211 (full 0):
 garbage-first heap   total 1676288K, used 495838K [0x0000000080000000, 0x0000000100000000)
  region size 1024K, 3 young (3072K), 3 survivors (3072K)
 Metaspace       used 196000K, committed 199360K, reserved 602112K
  class space    used 25523K, committed 27072K, reserved 421888K
}
Event: 3793.728 GC heap before
{Heap before GC invocations=211 (full 0):
 garbage-first heap   total 1676288K, used 574686K [0x0000000080000000, 0x0000000100000000)
  region size 1024K, 81 young (82944K), 3 survivors (3072K)
 Metaspace       used 196007K, committed 199360K, reserved 602112K
  class space    used 25523K, committed 27072K, reserved 421888K
}
Event: 3793.821 GC heap after
{Heap after GC invocations=212 (full 0):
 garbage-first heap   total 1676288K, used 499141K [0x0000000080000000, 0x0000000100000000)
  region size 1024K, 11 young (11264K), 11 survivors (11264K)
 Metaspace       used 196007K, committed 199360K, reserved 602112K
  class space    used 25523K, committed 27072K, reserved 421888K
}
Event: 3797.135 GC heap before
{Heap before GC invocations=212 (full 0):
 garbage-first heap   total 1676288K, used 570821K [0x0000000080000000, 0x0000000100000000)
  region size 1024K, 81 young (82944K), 11 survivors (11264K)
 Metaspace       used 196009K, committed 199360K, reserved 602112K
  class space    used 25524K, committed 27072K, reserved 421888K
}
Event: 3797.440 GC heap after
{Heap after GC invocations=213 (full 0):
 garbage-first heap   total 1676288K, used 503333K [0x0000000080000000, 0x0000000100000000)
  region size 1024K, 7 young (7168K), 7 survivors (7168K)
 Metaspace       used 196009K, committed 199360K, reserved 602112K
  class space    used 25524K, committed 27072K, reserved 421888K
}
Event: 3808.053 GC heap before
{Heap before GC invocations=213 (full 0):
 garbage-first heap   total 1676288K, used 578085K [0x0000000080000000, 0x0000000100000000)
  region size 1024K, 81 young (82944K), 7 survivors (7168K)
 Metaspace       used 196009K, committed 199360K, reserved 602112K
  class space    used 25524K, committed 27072K, reserved 421888K
}
Event: 3808.156 GC heap after
{Heap after GC invocations=214 (full 0):
 garbage-first heap   total 1676288K, used 506163K [0x0000000080000000, 0x0000000100000000)
  region size 1024K, 8 young (8192K), 8 survivors (8192K)
 Metaspace       used 196009K, committed 199360K, reserved 602112K
  class space    used 25524K, committed 27072K, reserved 421888K
}
Event: 3808.619 GC heap before
{Heap before GC invocations=214 (full 0):
 garbage-first heap   total 1676288K, used 580915K [0x0000000080000000, 0x0000000100000000)
  region size 1024K, 81 young (82944K), 8 survivors (8192K)
 Metaspace       used 196010K, committed 199360K, reserved 602112K
  class space    used 25524K, committed 27072K, reserved 421888K
}
Event: 3809.000 GC heap after
{Heap after GC invocations=215 (full 0):
 garbage-first heap   total 1676288K, used 502549K [0x0000000080000000, 0x0000000100000000)
  region size 1024K, 2 young (2048K), 2 survivors (2048K)
 Metaspace       used 196010K, committed 199360K, reserved 602112K
  class space    used 25524K, committed 27072K, reserved 421888K
}
Event: 3809.870 GC heap before
{Heap before GC invocations=215 (full 0):
 garbage-first heap   total 1676288K, used 588565K [0x0000000080000000, 0x0000000100000000)
  region size 1024K, 86 young (88064K), 2 survivors (2048K)
 Metaspace       used 196023K, committed 199424K, reserved 602112K
  class space    used 25524K, committed 27072K, reserved 421888K
}
Event: 3809.876 GC heap after
{Heap after GC invocations=216 (full 0):
 garbage-first heap   total 1676288K, used 502312K [0x0000000080000000, 0x0000000100000000)
  region size 1024K, 2 young (2048K), 2 survivors (2048K)
 Metaspace       used 196023K, committed 199424K, reserved 602112K
  class space    used 25524K, committed 27072K, reserved 421888K
}

Deoptimization events (20 events):
Event: 6663.580 Thread 0x00007dae440a18f0 Uncommon trap: trap_request=0xffffffde fr.pc=0x00007dae87b99e50 relative=0x00000000000000b0
Event: 6663.580 Thread 0x00007dae440a18f0 Uncommon trap: reason=class_check action=maybe_recompile pc=0x00007dae87b99e50 method=java.lang.StringLatin1$CharsSpliterator.tryAdvance(Ljava/util/function/IntConsumer;)Z @ 51 c2
Event: 6663.580 Thread 0x00007dae440a18f0 DEOPT PACKING pc=0x00007dae87b99e50 sp=0x00007dae692fda00
Event: 6663.580 Thread 0x00007dae440a18f0 DEOPT UNPACKING pc=0x00007dae7d652093 sp=0x00007dae692fd9b8 mode 2
Event: 6712.497 Thread 0x00007dae580270a0 Uncommon trap: trap_request=0xffffffde fr.pc=0x00007dae868404f4 relative=0x0000000000002434
Event: 6712.497 Thread 0x00007dae580270a0 Uncommon trap: reason=class_check action=maybe_recompile pc=0x00007dae868404f4 method=java.util.concurrent.ConcurrentHashMap.get(Ljava/lang/Object;)Ljava/lang/Object; @ 93 c2
Event: 6712.497 Thread 0x00007dae580270a0 DEOPT PACKING pc=0x00007dae868404f4 sp=0x00007dae69bfe180
Event: 6712.497 Thread 0x00007dae580270a0 DEOPT UNPACKING pc=0x00007dae7d652093 sp=0x00007dae69bfdf18 mode 2
Event: 6712.554 Thread 0x00007dae440a18f0 Uncommon trap: trap_request=0xffffff45 fr.pc=0x00007dae87595da0 relative=0x0000000000001160
Event: 6712.555 Thread 0x00007dae440a18f0 Uncommon trap: reason=unstable_if action=reinterpret pc=0x00007dae87595da0 method=java.util.concurrent.ConcurrentHashMap.putVal(Ljava/lang/Object;Ljava/lang/Object;Z)Ljava/lang/Object; @ 197 c2
Event: 6712.555 Thread 0x00007dae440a18f0 DEOPT PACKING pc=0x00007dae87595da0 sp=0x00007dae692f7cf0
Event: 6712.555 Thread 0x00007dae440a18f0 DEOPT UNPACKING pc=0x00007dae7d652093 sp=0x00007dae692f7c70 mode 2
Event: 6712.555 Thread 0x00007dae58027cf0 Uncommon trap: trap_request=0xffffff45 fr.pc=0x00007dae87595da0 relative=0x0000000000001160
Event: 6712.555 Thread 0x00007dae58027cf0 Uncommon trap: reason=unstable_if action=reinterpret pc=0x00007dae87595da0 method=java.util.concurrent.ConcurrentHashMap.putVal(Ljava/lang/Object;Ljava/lang/Object;Z)Ljava/lang/Object; @ 197 c2
Event: 6712.555 Thread 0x00007dae58027cf0 DEOPT PACKING pc=0x00007dae87595da0 sp=0x00007dadfb5fe0e0
Event: 6712.555 Thread 0x00007dae58027cf0 DEOPT UNPACKING pc=0x00007dae7d652093 sp=0x00007dadfb5fe060 mode 2
Event: 6739.707 Thread 0x00007dae3d5c4fe0 Uncommon trap: trap_request=0xffffffc6 fr.pc=0x00007dae8607e584 relative=0x0000000000001924
Event: 6739.730 Thread 0x00007dae3d5c4fe0 Uncommon trap: reason=bimorphic_or_optimized_type_check action=maybe_recompile pc=0x00007dae8607e584 method=org.gradle.execution.plan.DefaultPlanExecutor$MergedQueues.selectNext()Lorg/gradle/execution/plan/WorkSource$Selection; @ 47 c2
Event: 6739.730 Thread 0x00007dae3d5c4fe0 DEOPT PACKING pc=0x00007dae8607e584 sp=0x00007dadf07fe650
Event: 6739.752 Thread 0x00007dae3d5c4fe0 DEOPT UNPACKING pc=0x00007dae7d652093 sp=0x00007dadf07fe588 mode 2

Classes unloaded (20 events):
Event: 2486.127 Thread 0x00007dae941053d0 Unloading class 0x0000000801505400 'java/lang/invoke/LambdaForm$MH+0x0000000801505400'
Event: 2486.127 Thread 0x00007dae941053d0 Unloading class 0x0000000801505000 'java/lang/invoke/LambdaForm$MH+0x0000000801505000'
Event: 2486.127 Thread 0x00007dae941053d0 Unloading class 0x0000000801504c00 'java/lang/invoke/LambdaForm$MH+0x0000000801504c00'
Event: 2486.127 Thread 0x00007dae941053d0 Unloading class 0x0000000801504800 'java/lang/invoke/LambdaForm$MH+0x0000000801504800'
Event: 2486.127 Thread 0x00007dae941053d0 Unloading class 0x0000000801504400 'java/lang/invoke/LambdaForm$MH+0x0000000801504400'
Event: 2486.127 Thread 0x00007dae941053d0 Unloading class 0x0000000801504000 'java/lang/invoke/LambdaForm$MH+0x0000000801504000'
Event: 2486.127 Thread 0x00007dae941053d0 Unloading class 0x00000008011ec400 'jdk/internal/reflect/GeneratedConstructorAccessor18'
Event: 3680.819 Thread 0x00007dae941053d0 Unloading class 0x000000080136a000 'java/lang/invoke/LambdaForm$MH+0x000000080136a000'
Event: 3680.819 Thread 0x00007dae941053d0 Unloading class 0x0000000801369c00 'java/lang/invoke/LambdaForm$MH+0x0000000801369c00'
Event: 3680.819 Thread 0x00007dae941053d0 Unloading class 0x0000000801369400 'java/lang/invoke/LambdaForm$MH+0x0000000801369400'
Event: 3680.819 Thread 0x00007dae941053d0 Unloading class 0x000000080109d800 'java/lang/invoke/LambdaForm$MH+0x000000080109d800'
Event: 3680.819 Thread 0x00007dae941053d0 Unloading class 0x000000080109d400 'java/lang/invoke/LambdaForm$MH+0x000000080109d400'
Event: 3680.819 Thread 0x00007dae941053d0 Unloading class 0x000000080109cc00 'java/lang/invoke/LambdaForm$MH+0x000000080109cc00'
Event: 3680.819 Thread 0x00007dae941053d0 Unloading class 0x000000080109c800 'java/lang/invoke/LambdaForm$MH+0x000000080109c800'
Event: 3680.819 Thread 0x00007dae941053d0 Unloading class 0x0000000800cce800 'java/lang/invoke/LambdaForm$MH+0x0000000800cce800'
Event: 3680.819 Thread 0x00007dae941053d0 Unloading class 0x0000000800cce000 'java/lang/invoke/LambdaForm$MH+0x0000000800cce000'
Event: 3680.819 Thread 0x00007dae941053d0 Unloading class 0x0000000800ccdc00 'java/lang/invoke/LambdaForm$MH+0x0000000800ccdc00'
Event: 3680.819 Thread 0x00007dae941053d0 Unloading class 0x0000000800ccd800 'java/lang/invoke/LambdaForm$MH+0x0000000800ccd800'
Event: 3680.819 Thread 0x00007dae941053d0 Unloading class 0x0000000800ccd400 'java/lang/invoke/LambdaForm$MH+0x0000000800ccd400'
Event: 3680.819 Thread 0x00007dae941053d0 Unloading class 0x0000000800cccc00 'java/lang/invoke/LambdaForm$MH+0x0000000800cccc00'

Classes redefined (0 events):
No events

Internal exceptions (20 events):
Event: 6705.775 Thread 0x00007dae0d6abe70 Exception <a 'java/io/IOException'{0x00000000d1198738}> (0x00000000d1198738) 
thrown [open/src/hotspot/share/prims/jni.cpp, line 516]
Event: 6710.696 Thread 0x00007dae0d6abe70 Exception <a 'java/io/IOException'{0x00000000d119bcc8}> (0x00000000d119bcc8) 
thrown [open/src/hotspot/share/prims/jni.cpp, line 516]
Event: 6715.645 Thread 0x00007dae0d6abe70 Exception <a 'java/io/IOException'{0x00000000d0d06bf0}> (0x00000000d0d06bf0) 
thrown [open/src/hotspot/share/prims/jni.cpp, line 516]
Event: 6720.658 Thread 0x00007dae0d6abe70 Exception <a 'java/io/IOException'{0x00000000d091c878}> (0x00000000d091c878) 
thrown [open/src/hotspot/share/prims/jni.cpp, line 516]
Event: 6725.693 Thread 0x00007dae0d6abe70 Exception <a 'java/io/IOException'{0x00000000d0489a30}> (0x00000000d0489a30) 
thrown [open/src/hotspot/share/prims/jni.cpp, line 516]
Event: 6730.646 Thread 0x00007dae0d6abe70 Exception <a 'java/io/IOException'{0x00000000cfc8ab30}> (0x00000000cfc8ab30) 
thrown [open/src/hotspot/share/prims/jni.cpp, line 516]
Event: 6735.732 Thread 0x00007dae0d6abe70 Exception <a 'java/io/IOException'{0x00000000cf889140}> (0x00000000cf889140) 
thrown [open/src/hotspot/share/prims/jni.cpp, line 516]
Event: 6739.408 Thread 0x00007dae58039990 Exception <a 'sun/nio/fs/UnixException'{0x00000000ce647828}> (0x00000000ce647828) 
thrown [open/src/hotspot/share/prims/jni.cpp, line 516]
Event: 6739.409 Thread 0x00007dae58039990 Exception <a 'sun/nio/fs/UnixException'{0x00000000ce649ca0}> (0x00000000ce649ca0) 
thrown [open/src/hotspot/share/prims/jni.cpp, line 516]
Event: 6739.413 Thread 0x00007dae58039990 Exception <a 'sun/nio/fs/UnixException'{0x00000000ce64c0c8}> (0x00000000ce64c0c8) 
thrown [open/src/hotspot/share/prims/jni.cpp, line 516]
Event: 6739.414 Thread 0x00007dae58039990 Exception <a 'sun/nio/fs/UnixException'{0x00000000ce64e0e8}> (0x00000000ce64e0e8) 
thrown [open/src/hotspot/share/prims/jni.cpp, line 516]
Event: 6739.754 Thread 0x00007dae5803a430 Exception <a 'sun/nio/fs/UnixException'{0x00000000ce5da0a8}> (0x00000000ce5da0a8) 
thrown [open/src/hotspot/share/prims/jni.cpp, line 516]
Event: 6739.754 Thread 0x00007dae5803a430 Exception <a 'sun/nio/fs/UnixException'{0x00000000ce5dc400}> (0x00000000ce5dc400) 
thrown [open/src/hotspot/share/prims/jni.cpp, line 516]
Event: 6739.754 Thread 0x00007dae5803a430 Exception <a 'sun/nio/fs/UnixException'{0x00000000ce5de700}> (0x00000000ce5de700) 
thrown [open/src/hotspot/share/prims/jni.cpp, line 516]
Event: 6739.754 Thread 0x00007dae5803a430 Exception <a 'sun/nio/fs/UnixException'{0x00000000ce5e0620}> (0x00000000ce5e0620) 
thrown [open/src/hotspot/share/prims/jni.cpp, line 516]
Event: 6740.686 Thread 0x00007dae0d6abe70 Exception <a 'java/io/IOException'{0x00000000cef03978}> (0x00000000cef03978) 
thrown [open/src/hotspot/share/prims/jni.cpp, line 516]
Event: 6745.646 Thread 0x00007dae0d6abe70 Exception <a 'java/io/IOException'{0x00000000cd785630}> (0x00000000cd785630) 
thrown [open/src/hotspot/share/prims/jni.cpp, line 516]
Event: 6750.645 Thread 0x00007dae0d6abe70 Exception <a 'java/io/IOException'{0x00000000cd788bc0}> (0x00000000cd788bc0) 
thrown [open/src/hotspot/share/prims/jni.cpp, line 516]
Event: 6755.664 Thread 0x00007dae0d6abe70 Exception <a 'java/io/IOException'{0x00000000cd5123b0}> (0x00000000cd5123b0) 
thrown [open/src/hotspot/share/prims/jni.cpp, line 516]
Event: 6760.646 Thread 0x00007dae0d6abe70 Exception <a 'java/io/IOException'{0x00000000ccf89730}> (0x00000000ccf89730) 
thrown [open/src/hotspot/share/prims/jni.cpp, line 516]

VM Operations (20 events):
Event: 6744.737 Executing VM operation: Cleanup
Event: 6744.761 Executing VM operation: Cleanup done
Event: 6745.761 Executing VM operation: Cleanup
Event: 6745.768 Executing VM operation: Cleanup done
Event: 6746.768 Executing VM operation: Cleanup
Event: 6746.789 Executing VM operation: Cleanup done
Event: 6751.790 Executing VM operation: Cleanup
Event: 6751.793 Executing VM operation: Cleanup done
Event: 6752.793 Executing VM operation: Cleanup
Event: 6752.793 Executing VM operation: Cleanup done
Event: 6753.793 Executing VM operation: Cleanup
Event: 6753.809 Executing VM operation: Cleanup done
Event: 6754.809 Executing VM operation: Cleanup
Event: 6754.862 Executing VM operation: Cleanup done
Event: 6755.862 Executing VM operation: Cleanup
Event: 6755.879 Executing VM operation: Cleanup done
Event: 6756.879 Executing VM operation: Cleanup
Event: 6756.916 Executing VM operation: Cleanup done
Event: 6757.916 Executing VM operation: Cleanup
Event: 6757.916 Executing VM operation: Cleanup done

Events (20 events):
Event: 6738.860 Thread 0x00007dae40164940 Thread added: 0x00007dae40164940
Event: 6738.860 Protecting memory [0x00007dae69300000,0x00007dae69304000] with protection modes 0
Event: 6738.860 Thread 0x00007dae40165b10 Thread added: 0x00007dae40165b10
Event: 6738.861 Protecting memory [0x00007dae69000000,0x00007dae69004000] with protection modes 0
Event: 6738.861 Thread 0x00007dae402b6b20 Thread added: 0x00007dae402b6b20
Event: 6738.861 Protecting memory [0x00007dadfb700000,0x00007dadfb704000] with protection modes 0
Event: 6739.301 Thread 0x00007dae402b7e50 Thread added: 0x00007dae402b7e50
Event: 6739.301 Protecting memory [0x00007dadfb600000,0x00007dadfb604000] with protection modes 0
Event: 6739.301 Thread 0x00007dae402b90a0 Thread added: 0x00007dae402b90a0
Event: 6739.301 Protecting memory [0x00007dadfb1fe000,0x00007dadfb202000] with protection modes 0
Event: 6739.301 Thread 0x00007dae402ba300 Thread added: 0x00007dae402ba300
Event: 6739.302 Protecting memory [0x00007dadfa300000,0x00007dadfa304000] with protection modes 0
Event: 6739.449 Thread 0x00007dae3d0f08a0 Thread added: 0x00007dae3d0f08a0
Event: 6739.449 Protecting memory [0x00007dadfa100000,0x00007dadfa104000] with protection modes 0
Event: 6740.051 Thread 0x00007dae5800c6a0 Thread added: 0x00007dae5800c6a0
Event: 6740.051 Protecting memory [0x00007dadfa000000,0x00007dadfa004000] with protection modes 0
Event: 6740.073 Thread 0x00007dae5800d690 Thread added: 0x00007dae5800d690
Event: 6740.073 Protecting memory [0x00007dadf8f00000,0x00007dadf8f04000] with protection modes 0
Event: 6740.074 Thread 0x00007dae5800e6c0 Thread added: 0x00007dae5800e6c0
Event: 6740.074 Protecting memory [0x00007dadf8c00000,0x00007dadf8c04000] with protection modes 0


Dynamic libraries:
80000000-e5200000 rw-p 00000000 00:00 0 
e5200000-e5700000 ---p 00000000 00:00 0 
e5700000-e5e00000 rw-p 00000000 00:00 0 
e5e00000-f2800000 ---p 00000000 00:00 0 
f2800000-f3200000 rw-p 00000000 00:00 0 
f3200000-ffe00000 ---p 00000000 00:00 0 
ffe00000-ffe76000 rw-p 00c95000 08:05 12491314                           /home/victor/.sdkman/candidates/java/17.0.1-open/lib/server/classes.jsa
ffe76000-fff00000 rw-p 00000000 00:00 0 
fff00000-fff82000 rw-p 00c13000 08:05 12491314                           /home/victor/.sdkman/candidates/java/17.0.1-open/lib/server/classes.jsa
fff82000-100000000 rw-p 00000000 00:00 0 
800000000-80043f000 rw-p 00001000 08:05 12491314                         /home/victor/.sdkman/candidates/java/17.0.1-open/lib/server/classes.jsa
80043f000-800bda000 r--p 00440000 08:05 12491314                         /home/victor/.sdkman/candidates/java/17.0.1-open/lib/server/classes.jsa
800bda000-800c00000 ---p 00000000 00:00 0 
800c00000-800c30000 rw-p 00000000 00:00 0 
800c30000-800c70000 rw-p 00000000 00:00 0 
800c70000-800d30000 rw-p 00000000 00:00 0 
800d30000-801030000 rw-p 00000000 00:00 0 
801030000-801230000 rw-p 00000000 00:00 0 
801230000-8012b0000 rw-p 00000000 00:00 0 
8012b0000-8016b0000 rw-p 00000000 00:00 0 
8016b0000-8016f0000 rw-p 00000000 00:00 0 
8016f0000-801f30000 rw-p 00000000 00:00 0 
801f30000-801f70000 rw-p 00000000 00:00 0 
801f70000-8024f0000 rw-p 00000000 00:00 0 
8024f0000-802500000 ---p 00000000 00:00 0 
802500000-802680000 rw-p 00000000 00:00 0 
802680000-81a800000 ---p 00000000 00:00 0 
5cccf5a8b000-5cccf5a8c000 r-xp 00000000 08:05 12070293                   /home/victor/.sdkman/candidates/java/17.0.1-open/bin/java
5cccf5a8d000-5cccf5a8e000 r--p 00001000 08:05 12070293                   /home/victor/.sdkman/candidates/java/17.0.1-open/bin/java
5cccf5a8e000-5cccf5a8f000 rw-p 00002000 08:05 12070293                   /home/victor/.sdkman/candidates/java/17.0.1-open/bin/java
5cccf6eb9000-5cccf7429000 rw-p 00000000 00:00 0                          [heap]
7dade7400000-7dade7a90000 rw-p 00000000 00:00 0 
7dade7a90000-7dade7c00000 rw-p 00000000 00:00 0 
7dade8000000-7dade8800000 rw-p 00000000 00:00 0 
7dade8900000-7dade8904000 ---p 00000000 00:00 0 
7dade8904000-7dade8a00000 rw-p 00000000 00:00 0 
7dade8a00000-7dade8a04000 ---p 00000000 00:00 0 
7dade8a04000-7dade8b00000 rw-p 00000000 00:00 0 
7dade8b00000-7dade8b04000 ---p 00000000 00:00 0 
7dade8b04000-7dade8d20000 rw-p 00000000 00:00 0 
7dade8d20000-7dade9400000 ---p 00000000 00:00 0 
7dade94fe000-7dade9502000 ---p 00000000 00:00 0 
7dade9502000-7dade95fe000 rw-p 00000000 00:00 0 
7dade95fe000-7dade9602000 ---p 00000000 00:00 0 
7dade9602000-7dade96fe000 rw-p 00000000 00:00 0 
7dade96fe000-7dade96ff000 ---p 00000000 00:00 0 
7dade96ff000-7dade9cf0000 rw-p 00000000 00:00 0 
7dade9cf0000-7dade9d60000 rw-p 00000000 00:00 0 
7dade9d60000-7dade9e00000 ---p 00000000 00:00 0 
7dade9e00000-7dadea000000 rw-p 00000000 00:00 0 
7dadea000000-7dadea004000 ---p 00000000 00:00 0 
7dadea004000-7dadea100000 rw-p 00000000 00:00 0 
7dadea100000-7dadea104000 ---p 00000000 00:00 0 
7dadea104000-7dadea200000 rw-p 00000000 00:00 0 
7dadea200000-7dadea204000 ---p 00000000 00:00 0 
7dadea204000-7dadea300000 rw-p 00000000 00:00 0 
7dadea400000-7dadeabf0000 rw-p 00000000 00:00 0 
7dadeabf0000-7dadeb3f0000 rw-p 00000000 00:00 0 
7dadeb3f0000-7dadebaf0000 rw-p 00000000 00:00 0 
7dadebaf0000-7dadebc00000 rw-p 00000000 00:00 0 
7dadebc00000-7dadebc04000 ---p 00000000 00:00 0 
7dadebc04000-7dadebd00000 rw-p 00000000 00:00 0 
7dadebe00000-7dadebe04000 ---p 00000000 00:00 0 
7dadebe04000-7dadebf00000 rw-p 00000000 00:00 0 
7dadec000000-7dadef811000 rw-p 00000000 00:00 0 
7dadef811000-7dadf0000000 ---p 00000000 00:00 0 
7dadf0000000-7dadf0004000 ---p 00000000 00:00 0 
7dadf0004000-7dadf0100000 rw-p 00000000 00:00 0 
7dadf0100000-7dadf0104000 ---p 00000000 00:00 0 
7dadf0104000-7dadf0200000 rw-p 00000000 00:00 0 
7dadf0200000-7dadf0204000 ---p 00000000 00:00 0 
7dadf0204000-7dadf0300000 rw-p 00000000 00:00 0 
7dadf0400000-7dadf0404000 ---p 00000000 00:00 0 
7dadf0404000-7dadf0500000 rw-p 00000000 00:00 0 
7dadf0700000-7dadf0704000 ---p 00000000 00:00 0 
7dadf0704000-7dadf0800000 rw-p 00000000 00:00 0 
7dadf0800000-7dadf0805000 r-xp 00000000 08:05 26869847                   /tmp/native-platform1818267854253740537dir/libnative-platform.so
7dadf0805000-7dadf0a04000 ---p 00005000 08:05 26869847                   /tmp/native-platform1818267854253740537dir/libnative-platform.so
7dadf0a04000-7dadf0a05000 rw-p 00004000 08:05 26869847                   /tmp/native-platform1818267854253740537dir/libnative-platform.so
7dadf0c00000-7dadf0f70000 rw-p 00000000 00:00 0 
7dadf0f70000-7dadf0ff0000 rw-p 00000000 00:00 0 
7dadf0ff0000-7dadf12f0000 rw-p 00000000 00:00 0 
7dadf12f0000-7dadf13f0000 rw-p 00000000 00:00 0 
7dadf13f0000-7dadf1570000 rw-p 00000000 00:00 0 
7dadf1570000-7dadf15f0000 rw-p 00000000 00:00 0 
7dadf15f0000-7dadf1970000 rw-p 00000000 00:00 0 
7dadf1970000-7dadf19f0000 rw-p 00000000 00:00 0 
7dadf19f0000-7dadf1c00000 rw-p 00000000 00:00 0 
7dadf1e00000-7dadf1e04000 ---p 00000000 00:00 0 
7dadf1e04000-7dadf1f00000 rw-p 00000000 00:00 0 
7dadf1f00000-7dadf1f04000 ---p 00000000 00:00 0 
7dadf1f04000-7dadf2000000 rw-p 00000000 00:00 0 
7dadf2000000-7dadf2004000 ---p 00000000 00:00 0 
7dadf2004000-7dadf2100000 rw-p 00000000 00:00 0 
7dadf2100000-7dadf2104000 ---p 00000000 00:00 0 
7dadf2104000-7dadf2200000 rw-p 00000000 00:00 0 
7dadf2300000-7dadf2304000 ---p 00000000 00:00 0 
7dadf2304000-7dadf2400000 rw-p 00000000 00:00 0 
7dadf2400000-7dadf2404000 ---p 00000000 00:00 0 
7dadf2404000-7dadf2500000 rw-p 00000000 00:00 0 
7dadf2500000-7dadf2504000 ---p 00000000 00:00 0 
7dadf2504000-7dadf2600000 rw-p 00000000 00:00 0 
7dadf2600000-7dadf2604000 ---p 00000000 00:00 0 
7dadf2604000-7dadf2700000 rw-p 00000000 00:00 0 
7dadf2700000-7dadf2704000 ---p 00000000 00:00 0 
7dadf2704000-7dadf28f0000 rw-p 00000000 00:00 0 
7dadf28f0000-7dadf29f0000 rw-p 00000000 00:00 0 
7dadf29f0000-7dadf2c90000 rw-p 00000000 00:00 0 
7dadf2c90000-7dadf3000000 rw-p 00000000 00:00 0 
7dadf30fe000-7dadf3102000 ---p 00000000 00:00 0 
7dadf3102000-7dadf31fe000 rw-p 00000000 00:00 0 
7dadf32fe000-7dadf32ff000 ---p 00000000 00:00 0 
7dadf32ff000-7dadf3bf0000 rw-p 00000000 00:00 0 
7dadf3bf0000-7dadf4400000 rw-p 00000000 00:00 0 
7dadf4500000-7dadf4504000 ---p 00000000 00:00 0 
7dadf4504000-7dadf4600000 rw-p 00000000 00:00 0 
7dadf4600000-7dadf4604000 ---p 00000000 00:00 0 
7dadf4604000-7dadf4700000 rw-p 00000000 00:00 0 
7dadf4700000-7dadf4704000 ---p 00000000 00:00 0 
7dadf4704000-7dadf4800000 rw-p 00000000 00:00 0 
7dadf4800000-7dadf4804000 ---p 00000000 00:00 0 
7dadf4804000-7dadf4900000 rw-p 00000000 00:00 0 
7dadf4b00000-7dadf4b04000 ---p 00000000 00:00 0 
7dadf4b04000-7dadf4c00000 rw-p 00000000 00:00 0 
7dadf4d00000-7dadf4d04000 ---p 00000000 00:00 0 
7dadf4d04000-7dadf4e00000 rw-p 00000000 00:00 0 
7dadf5000000-7dadf5004000 ---p 00000000 00:00 0 
7dadf5004000-7dadf5100000 rw-p 00000000 00:00 0 
7dadf5800000-7dadf6000000 rw-p 00000000 00:00 0 
7dadf6000000-7dadf6004000 ---p 00000000 00:00 0 
7dadf6004000-7dadf6100000 rw-p 00000000 00:00 0 
7dadf6300000-7dadf6304000 ---p 00000000 00:00 0 
7dadf6304000-7dadf6400000 rw-p 00000000 00:00 0 
7dadf6500000-7dadf6504000 ---p 00000000 00:00 0 
7dadf6504000-7dadf6600000 rw-p 00000000 00:00 0 
7dadf6900000-7dadf6904000 ---p 00000000 00:00 0 
7dadf6904000-7dadf6a00000 rw-p 00000000 00:00 0 
7dadf6b00000-7dadf6b04000 ---p 00000000 00:00 0 
7dadf6b04000-7dadf6c00000 rw-p 00000000 00:00 0 
7dadf7000000-7dadf70f0000 rw-p 00000000 00:00 0 
7dadf70f0000-7dadf71f0000 rw-p 00000000 00:00 0 
7dadf71f0000-7dadf77f0000 rw-p 00000000 00:00 0 
7dadf77f0000-7dadf8000000 rw-p 00000000 00:00 0 
7dadf8200000-7dadf8204000 ---p 00000000 00:00 0 
7dadf8204000-7dadf8300000 rw-p 00000000 00:00 0 
7dadf8400000-7dadf8970000 rw-p 00000000 00:00 0 
7dadf8970000-7dadf8bb0000 rw-p 00000000 00:00 0 
7dadf8bb0000-7dadf8c00000 rw-p 00000000 00:00 0 
7dadf8c00000-7dadf8c04000 ---p 00000000 00:00 0 
7dadf8c04000-7dadf8d00000 rw-p 00000000 00:00 0 
7dadf8d00000-7dadf8d04000 ---p 00000000 00:00 0 
7dadf8d04000-7dadf8e00000 rw-p 00000000 00:00 0 
7dadf8e00000-7dadf8e04000 ---p 00000000 00:00 0 
7dadf8e04000-7dadf8f00000 rw-p 00000000 00:00 0 
7dadf8f00000-7dadf8f04000 ---p 00000000 00:00 0 
7dadf8f04000-7dadf90f0000 rw-p 00000000 00:00 0 
7dadf90f0000-7dadf97f0000 rw-p 00000000 00:00 0 
7dadf97f0000-7dadf9af0000 rw-p 00000000 00:00 0 
7dadf9af0000-7dadf9cf0000 rw-p 00000000 00:00 0 
7dadf9cf0000-7dadf9d70000 rw-p 00000000 00:00 0 
7dadf9d70000-7dadf9df0000 rw-p 00000000 00:00 0 
7dadf9df0000-7dadf9e90000 rw-p 00000000 00:00 0 
7dadf9e90000-7dadf9eb0000 rw-p 00000000 00:00 0 
7dadf9eb0000-7dadf9ef0000 rw-p 00000000 00:00 0 
7dadf9ef0000-7dadfa000000 rw-p 00000000 00:00 0 
7dadfa000000-7dadfa004000 ---p 00000000 00:00 0 
7dadfa004000-7dadfa100000 rw-p 00000000 00:00 0 
7dadfa100000-7dadfa104000 ---p 00000000 00:00 0 
7dadfa104000-7dadfa200000 rw-p 00000000 00:00 0 
7dadfa200000-7dadfa204000 ---p 00000000 00:00 0 
7dadfa204000-7dadfa300000 rw-p 00000000 00:00 0 
7dadfa300000-7dadfa304000 ---p 00000000 00:00 0 
7dadfa304000-7dadfa4f0000 rw-p 00000000 00:00 0 
7dadfa4f0000-7dadfa5f0000 rw-p 00000000 00:00 0 
7dadfa5f0000-7dadfac00000 rw-p 00000000 00:00 0 
7dadfacfe000-7dadfad02000 ---p 00000000 00:00 0 
7dadfad02000-7dadfadfe000 rw-p 00000000 00:00 0 
7dadfadfe000-7dadfae02000 ---p 00000000 00:00 0 
7dadfae02000-7dadfaefe000 rw-p 00000000 00:00 0 
7dadfaefe000-7dadfaf02000 ---p 00000000 00:00 0 
7dadfaf02000-7dadfaffe000 rw-p 00000000 00:00 0 
7dadfaffe000-7dadfb002000 ---p 00000000 00:00 0 
7dadfb002000-7dadfb0fe000 rw-p 00000000 00:00 0 
7dadfb0fe000-7dadfb102000 ---p 00000000 00:00 0 
7dadfb102000-7dadfb1fe000 rw-p 00000000 00:00 0 
7dadfb1fe000-7dadfb202000 ---p 00000000 00:00 0 
7dadfb202000-7dadfb2fe000 rw-p 00000000 00:00 0 
7dadfb2fe000-7dadfb2ff000 ---p 00000000 00:00 0 
7dadfb2ff000-7dadfb400000 rw-p 00000000 00:00 0 
7dadfb400000-7dadfb404000 ---p 00000000 00:00 0 
7dadfb404000-7dadfb500000 rw-p 00000000 00:00 0 
7dadfb500000-7dadfb504000 ---p 00000000 00:00 0 
7dadfb504000-7dadfb600000 rw-p 00000000 00:00 0 
7dadfb600000-7dadfb604000 ---p 00000000 00:00 0 
7dadfb604000-7dadfb700000 rw-p 00000000 00:00 0 
7dadfb700000-7dadfb704000 ---p 00000000 00:00 0 
7dadfb704000-7dadfbcf0000 rw-p 00000000 00:00 0 
7dadfbcf0000-7dadfbdf0000 rw-p 00000000 00:00 0 
7dadfbdf0000-7dadfbef0000 rw-p 00000000 00:00 0 
7dadfbef0000-7dadfc000000 rw-p 00000000 00:00 0 
7dadfc000000-7dadfdb53000 rw-p 00000000 00:00 0 
7dadfdb53000-7dae00000000 ---p 00000000 00:00 0 
7dae00000000-7dae00e55000 rw-p 00000000 00:00 0 
7dae00e55000-7dae04000000 ---p 00000000 00:00 0 
7dae04000000-7dae04c87000 rw-p 00000000 00:00 0 
7dae04c87000-7dae08000000 ---p 00000000 00:00 0 
7dae08000000-7dae08a0b000 rw-p 00000000 00:00 0 
7dae08a0b000-7dae0c000000 ---p 00000000 00:00 0 
7dae0c000000-7dae0ffff000 rw-p 00000000 00:00 0 
7dae0ffff000-7dae10000000 ---p 00000000 00:00 0 
7dae10000000-7dae11879000 rw-p 00000000 00:00 0 
7dae11879000-7dae14000000 ---p 00000000 00:00 0 
7dae14000000-7dae1527e000 rw-p 00000000 00:00 0 
7dae1527e000-7dae18000000 ---p 00000000 00:00 0 
7dae18000000-7dae19f23000 rw-p 00000000 00:00 0 
7dae19f23000-7dae1c000000 ---p 00000000 00:00 0 
7dae1c000000-7dae1cb7a000 rw-p 00000000 00:00 0 
7dae1cb7a000-7dae20000000 ---p 00000000 00:00 0 
7dae20000000-7dae21a5a000 rw-p 00000000 00:00 0 
7dae21a5a000-7dae24000000 ---p 00000000 00:00 0 
7dae24000000-7dae2513d000 rw-p 00000000 00:00 0 
7dae2513d000-7dae28000000 ---p 00000000 00:00 0 
7dae28000000-7dae28ec9000 rw-p 00000000 00:00 0 
7dae28ec9000-7dae2c000000 ---p 00000000 00:00 0 
7dae2c000000-7dae2cb52000 rw-p 00000000 00:00 0 
7dae2cb52000-7dae30000000 ---p 00000000 00:00 0 
7dae30000000-7dae30c24000 rw-p 00000000 00:00 0 
7dae30c24000-7dae34000000 ---p 00000000 00:00 0 
7dae34000000-7dae35837000 rw-p 00000000 00:00 0 
7dae35837000-7dae38000000 ---p 00000000 00:00 0 
7dae38000000-7dae39375000 rw-p 00000000 00:00 0 
7dae39375000-7dae3c000000 ---p 00000000 00:00 0 
7dae3c000000-7dae3d8fa000 rw-p 00000000 00:00 0 
7dae3d8fa000-7dae40000000 ---p 00000000 00:00 0 
7dae40000000-7dae42830000 rw-p 00000000 00:00 0 
7dae42830000-7dae44000000 ---p 00000000 00:00 0 
7dae44000000-7dae44994000 rw-p 00000000 00:00 0 
7dae44994000-7dae48000000 ---p 00000000 00:00 0 
7dae48000000-7dae4b389000 rw-p 00000000 00:00 0 
7dae4b389000-7dae4c000000 ---p 00000000 00:00 0 
7dae4c000000-7dae4e9fe000 rw-p 00000000 00:00 0 
7dae4e9fe000-7dae50000000 ---p 00000000 00:00 0 
7dae50000000-7dae513d8000 rw-p 00000000 00:00 0 
7dae513d8000-7dae54000000 ---p 00000000 00:00 0 
7dae54000000-7dae55208000 rw-p 00000000 00:00 0 
7dae55208000-7dae58000000 ---p 00000000 00:00 0 
7dae58000000-7dae591c9000 rw-p 00000000 00:00 0 
7dae591c9000-7dae5c000000 ---p 00000000 00:00 0 
7dae5c000000-7dae5eb0c000 rw-p 00000000 00:00 0 
7dae5eb0c000-7dae60000000 ---p 00000000 00:00 0 
7dae60000000-7dae62cca000 rw-p 00000000 00:00 0 
7dae62cca000-7dae64000000 ---p 00000000 00:00 0 
7dae64000000-7dae64ee5000 rw-p 00000000 00:00 0 
7dae64ee5000-7dae68000000 ---p 00000000 00:00 0 
7dae680fc000-7dae68100000 ---p 00000000 00:00 0 
7dae68100000-7dae681fc000 rw-p 00000000 00:00 0 
7dae681fc000-7dae68200000 ---p 00000000 00:00 0 
7dae68200000-7dae682fc000 rw-p 00000000 00:00 0 
7dae682fc000-7dae682fd000 ---p 00000000 00:00 0 
7dae682fd000-7dae683fe000 rw-p 00000000 00:00 0 
7dae683fe000-7dae683ff000 ---p 00000000 00:00 0 
7dae683ff000-7dae68500000 rw-p 00000000 00:00 0 
7dae68500000-7dae68504000 ---p 00000000 00:00 0 
7dae68504000-7dae68600000 rw-p 00000000 00:00 0 
7dae68600000-7dae68604000 ---p 00000000 00:00 0 
7dae68604000-7dae68700000 rw-p 00000000 00:00 0 
7dae68700000-7dae68704000 ---p 00000000 00:00 0 
7dae68704000-7dae688f0000 rw-p 00000000 00:00 0 
7dae688f0000-7dae689f0000 rw-p 00000000 00:00 0 
7dae689f0000-7dae69000000 rw-p 00000000 00:00 0 
7dae69000000-7dae69004000 ---p 00000000 00:00 0 
7dae69004000-7dae69100000 rw-p 00000000 00:00 0 
7dae69100000-7dae69104000 ---p 00000000 00:00 0 
7dae69104000-7dae69200000 rw-p 00000000 00:00 0 
7dae69200000-7dae69204000 ---p 00000000 00:00 0 
7dae69204000-7dae69300000 rw-p 00000000 00:00 0 
7dae69300000-7dae69304000 ---p 00000000 00:00 0 
7dae69304000-7dae69400000 rw-p 00000000 00:00 0 
7dae69400000-7dae6949a000 r--p 00000000 08:05 24907373                   /usr/lib/x86_64-linux-gnu/libstdc++.so.6.0.30
7dae6949a000-7dae695ab000 r-xp 0009a000 08:05 24907373                   /usr/lib/x86_64-linux-gnu/libstdc++.so.6.0.30
7dae695ab000-7dae6961a000 r--p 001ab000 08:05 24907373                   /usr/lib/x86_64-linux-gnu/libstdc++.so.6.0.30
7dae6961a000-7dae6961b000 ---p 0021a000 08:05 24907373                   /usr/lib/x86_64-linux-gnu/libstdc++.so.6.0.30
7dae6961b000-7dae69626000 r--p 0021a000 08:05 24907373                   /usr/lib/x86_64-linux-gnu/libstdc++.so.6.0.30
7dae69626000-7dae69629000 rw-p 00225000 08:05 24907373                   /usr/lib/x86_64-linux-gnu/libstdc++.so.6.0.30
7dae69629000-7dae6962c000 rw-p 00000000 00:00 0 
7dae69700000-7dae69704000 ---p 00000000 00:00 0 
7dae69704000-7dae69800000 rw-p 00000000 00:00 0 
7dae69800000-7dae69853000 r-xp 00000000 08:05 10652404                   /home/victor/.gradle/native/e376f236ea51e6404a007f0833ffe2c6e607c4080706a723a18a27aeea778392/linux-amd64/libnative-platform-file-events.so
7dae69853000-7dae69a52000 ---p 00053000 08:05 10652404                   /home/victor/.gradle/native/e376f236ea51e6404a007f0833ffe2c6e607c4080706a723a18a27aeea778392/linux-amd64/libnative-platform-file-events.so
7dae69a52000-7dae69a53000 r--p 00052000 08:05 10652404                   /home/victor/.gradle/native/e376f236ea51e6404a007f0833ffe2c6e607c4080706a723a18a27aeea778392/linux-amd64/libnative-platform-file-events.so
7dae69a53000-7dae69a55000 rw-p 00053000 08:05 10652404                   /home/victor/.gradle/native/e376f236ea51e6404a007f0833ffe2c6e607c4080706a723a18a27aeea778392/linux-amd64/libnative-platform-file-events.so
7dae69b00000-7dae69b04000 ---p 00000000 00:00 0 
7dae69b04000-7dae69c00000 rw-p 00000000 00:00 0 
7dae69c00000-7dae69c05000 r-xp 00000000 08:05 10515439                   /home/victor/.gradle/native/68d5fa5c4cc2d200863cafc0d521ce42e7d3e7ee720ec0a83991735586a16f82/linux-amd64/libnative-platform.so
7dae69c05000-7dae69e05000 ---p 00005000 08:05 10515439                   /home/victor/.gradle/native/68d5fa5c4cc2d200863cafc0d521ce42e7d3e7ee720ec0a83991735586a16f82/linux-amd64/libnative-platform.so
7dae69e05000-7dae69e06000 r--p 00005000 08:05 10515439                   /home/victor/.gradle/native/68d5fa5c4cc2d200863cafc0d521ce42e7d3e7ee720ec0a83991735586a16f82/linux-amd64/libnative-platform.so
7dae69e06000-7dae69e07000 rw-p 00006000 08:05 10515439                   /home/victor/.gradle/native/68d5fa5c4cc2d200863cafc0d521ce42e7d3e7ee720ec0a83991735586a16f82/linux-amd64/libnative-platform.so
7dae69f00000-7dae69f04000 ---p 00000000 00:00 0 
7dae69f04000-7dae6c000000 rw-p 00000000 00:00 0 
7dae6c000000-7dae6d49e000 rw-p 00000000 00:00 0 
7dae6d49e000-7dae70000000 ---p 00000000 00:00 0 
7dae70000000-7dae73ffb000 rw-p 00000000 00:00 0 
7dae73ffb000-7dae74000000 ---p 00000000 00:00 0 
7dae74000000-7dae769ae000 rw-p 00000000 00:00 0 
7dae769ae000-7dae78000000 ---p 00000000 00:00 0 
7dae780fc000-7dae78100000 ---p 00000000 00:00 0 
7dae78100000-7dae781fc000 rw-p 00000000 00:00 0 
7dae781fc000-7dae78200000 ---p 00000000 00:00 0 
7dae78200000-7dae782fc000 rw-p 00000000 00:00 0 
7dae782fc000-7dae782fd000 ---p 00000000 00:00 0 
7dae782fd000-7dae783fe000 rw-p 00000000 00:00 0 
7dae783fe000-7dae78402000 ---p 00000000 00:00 0 
7dae78402000-7dae784fe000 rw-p 00000000 00:00 0 
7dae784fe000-7dae784ff000 ---p 00000000 00:00 0 
7dae784ff000-7dae78600000 rw-p 00000000 00:00 0 
7dae78600000-7dae78b73000 r--p 00000000 08:05 24903936                   /usr/lib/locale/locale-archive
7dae78c00000-7dae78ff0000 rw-p 00000000 00:00 0 
7dae78ff0000-7dae79400000 rw-p 00000000 00:00 0 
7dae79400000-7dae79404000 ---p 00000000 00:00 0 
7dae79404000-7dae79500000 rw-p 00000000 00:00 0 
7dae79500000-7dae79504000 ---p 00000000 00:00 0 
7dae79504000-7dae7af48000 rw-p 00000000 00:00 0 
7dae7af48000-7dae7af5c000 ---p 00000000 00:00 0 
7dae7af5c000-7dae7af78000 rw-p 00000000 00:00 0 
7dae7af78000-7dae7b2a0000 ---p 00000000 00:00 0 
7dae7b2a0000-7dae7b2c8000 rw-p 00000000 00:00 0 
7dae7b2c8000-7dae7b5f8000 ---p 00000000 00:00 0 
7dae7b5f8000-7dae7cf48000 rw-p 00000000 00:00 0 
7dae7cf48000-7dae7cf5c000 ---p 00000000 00:00 0 
7dae7cf5c000-7dae7cf78000 rw-p 00000000 00:00 0 
7dae7cf78000-7dae7d2a0000 ---p 00000000 00:00 0 
7dae7d2a0000-7dae7d2c8000 rw-p 00000000 00:00 0 
7dae7d2c8000-7dae7d5f8000 ---p 00000000 00:00 0 
7dae7d5f8000-7dae7d600000 rw-p 00000000 00:00 0 
7dae7d600000-7dae7d8a0000 rwxp 00000000 00:00 0 
7dae7d8a0000-7dae7db91000 ---p 00000000 00:00 0 
7dae7db91000-7dae82ba1000 rwxp 00000000 00:00 0 
7dae82ba1000-7dae850c8000 ---p 00000000 00:00 0 
7dae850c8000-7dae87d18000 rwxp 00000000 00:00 0 
7dae87d18000-7dae8c600000 ---p 00000000 00:00 0 
7dae8c600000-7dae93e91000 r--s 00000000 08:05 12491329                   /home/victor/.sdkman/candidates/java/17.0.1-open/lib/modules
7dae93e9a000-7dae93e9e000 ---p 00000000 00:00 0 
7dae93e9e000-7dae93ebc000 rw-p 00000000 00:00 0 
7dae93ebc000-7dae93ec0000 ---p 00000000 00:00 0 
7dae93ec0000-7dae93ede000 rw-p 00000000 00:00 0 
7dae93ede000-7dae93ee2000 ---p 00000000 00:00 0 
7dae93ee2000-7dae93f00000 rw-p 00000000 00:00 0 
7dae93f00000-7dae93f04000 ---p 00000000 00:00 0 
7dae93f04000-7dae94000000 rw-p 00000000 00:00 0 
7dae94000000-7dae96526000 rw-p 00000000 00:00 0 
7dae96526000-7dae98000000 ---p 00000000 00:00 0 
7dae98006000-7dae9800a000 ---p 00000000 00:00 0 
7dae9800a000-7dae98028000 rw-p 00000000 00:00 0 
7dae98028000-7dae9802c000 ---p 00000000 00:00 0 
7dae9802c000-7dae9804a000 rw-p 00000000 00:00 0 
7dae9804a000-7dae9804d000 r--p 00000000 08:05 24907436                   /usr/lib/x86_64-linux-gnu/libgcc_s.so.1
7dae9804d000-7dae98064000 r-xp 00003000 08:05 24907436                   /usr/lib/x86_64-linux-gnu/libgcc_s.so.1
7dae98064000-7dae98068000 r--p 0001a000 08:05 24907436                   /usr/lib/x86_64-linux-gnu/libgcc_s.so.1
7dae98068000-7dae98069000 r--p 0001d000 08:05 24907436                   /usr/lib/x86_64-linux-gnu/libgcc_s.so.1
7dae98069000-7dae9806a000 rw-p 0001e000 08:05 24907436                   /usr/lib/x86_64-linux-gnu/libgcc_s.so.1
7dae9806a000-7dae9806e000 ---p 00000000 00:00 0 
7dae9806e000-7dae9816a000 rw-p 00000000 00:00 0 
7dae9816a000-7dae9816e000 ---p 00000000 00:00 0 
7dae9816e000-7dae9826a000 rw-p 00000000 00:00 0 
7dae9826a000-7dae9826e000 ---p 00000000 00:00 0 
7dae9826e000-7dae9836a000 rw-p 00000000 00:00 0 
7dae9836a000-7dae9836e000 ---p 00000000 00:00 0 
7dae9836e000-7dae9846a000 rw-p 00000000 00:00 0 
7dae9846a000-7dae9846e000 ---p 00000000 00:00 0 
7dae9846e000-7dae9856a000 rw-p 00000000 00:00 0 
7dae9856a000-7dae9856e000 ---p 00000000 00:00 0 
7dae9856e000-7dae9866a000 rw-p 00000000 00:00 0 
7dae9866a000-7dae9866e000 ---p 00000000 00:00 0 
7dae9866e000-7dae9876a000 rw-p 00000000 00:00 0 
7dae9876a000-7dae9876b000 ---p 00000000 00:00 0 
7dae9876b000-7dae9886c000 rw-p 00000000 00:00 0 
7dae9886c000-7dae9893a000 r-xp 00000000 08:05 12491333                   /home/victor/.sdkman/candidates/java/17.0.1-open/lib/libsvml.so
7dae9893a000-7dae9893b000 r--p 000cd000 08:05 12491333                   /home/victor/.sdkman/candidates/java/17.0.1-open/lib/libsvml.so
7dae9893b000-7dae9893c000 rw-p 000ce000 08:05 12491333                   /home/victor/.sdkman/candidates/java/17.0.1-open/lib/libsvml.so
7dae9893c000-7dae98a18000 rw-p 00000000 00:00 0 
7dae98a18000-7dae98a19000 ---p 00000000 00:00 0 
7dae98a19000-7dae98b1a000 rw-p 00000000 00:00 0 
7dae98b1a000-7dae98b1b000 ---p 00000000 00:00 0 
7dae98b1b000-7dae99020000 rw-p 00000000 00:00 0 
7dae99020000-7dae99021000 ---p 00000000 00:00 0 
7dae99021000-7dae99122000 rw-p 00000000 00:00 0 
7dae99122000-7dae99123000 ---p 00000000 00:00 0 
7dae99123000-7dae99224000 rw-p 00000000 00:00 0 
7dae99224000-7dae99225000 ---p 00000000 00:00 0 
7dae99225000-7dae9964f000 rw-p 00000000 00:00 0 
7dae9964f000-7dae99651000 ---p 00000000 00:00 0 
7dae99651000-7dae99655000 rw-p 00000000 00:00 0 
7dae99655000-7dae996ba000 ---p 00000000 00:00 0 
7dae996ba000-7dae996bf000 rw-p 00000000 00:00 0 
7dae996bf000-7dae99725000 ---p 00000000 00:00 0 
7dae99725000-7dae99a4f000 rw-p 00000000 00:00 0 
7dae99a4f000-7dae99a51000 ---p 00000000 00:00 0 
7dae99a51000-7dae99a55000 rw-p 00000000 00:00 0 
7dae99a55000-7dae99aba000 ---p 00000000 00:00 0 
7dae99aba000-7dae99abf000 rw-p 00000000 00:00 0 
7dae99abf000-7dae99b25000 ---p 00000000 00:00 0 
7dae99b25000-7dae99e4f000 rw-p 00000000 00:00 0 
7dae99e4f000-7dae99e51000 ---p 00000000 00:00 0 
7dae99e51000-7dae99e55000 rw-p 00000000 00:00 0 
7dae99e55000-7dae99eba000 ---p 00000000 00:00 0 
7dae99eba000-7dae99ebf000 rw-p 00000000 00:00 0 
7dae99ebf000-7dae99f25000 ---p 00000000 00:00 0 
7dae99f25000-7dae9a383000 rw-p 00000000 00:00 0 
7dae9a383000-7dae9a415000 ---p 00000000 00:00 0 
7dae9a415000-7dae9a4b6000 rw-p 00000000 00:00 0 
7dae9a4b6000-7dae9a500000 ---p 00000000 00:00 0 
7dae9a500000-7dae9a504000 ---p 00000000 00:00 0 
7dae9a504000-7dae9a600000 rw-p 00000000 00:00 0 
7dae9a600000-7dae9b727000 r-xp 00000000 08:05 12491316                   /home/victor/.sdkman/candidates/java/17.0.1-open/lib/server/libjvm.so
7dae9b727000-7dae9b7dc000 r--p 01126000 08:05 12491316                   /home/victor/.sdkman/candidates/java/17.0.1-open/lib/server/libjvm.so
7dae9b7dc000-7dae9b80f000 rw-p 011db000 08:05 12491316                   /home/victor/.sdkman/candidates/java/17.0.1-open/lib/server/libjvm.so
7dae9b80f000-7dae9b869000 rw-p 00000000 00:00 0 
7dae9b86a000-7dae9b86b000 r--p 00000000 08:05 24912638                   /usr/lib/x86_64-linux-gnu/libnss_mdns4_minimal.so.2
7dae9b86b000-7dae9b86d000 r-xp 00001000 08:05 24912638                   /usr/lib/x86_64-linux-gnu/libnss_mdns4_minimal.so.2
7dae9b86d000-7dae9b86e000 r--p 00003000 08:05 24912638                   /usr/lib/x86_64-linux-gnu/libnss_mdns4_minimal.so.2
7dae9b86e000-7dae9b86f000 r--p 00003000 08:05 24912638                   /usr/lib/x86_64-linux-gnu/libnss_mdns4_minimal.so.2
7dae9b86f000-7dae9b870000 rw-p 00004000 08:05 24912638                   /usr/lib/x86_64-linux-gnu/libnss_mdns4_minimal.so.2
7dae9b870000-7dae9b877000 r--s 00000000 08:05 25076710                   /usr/lib/x86_64-linux-gnu/gconv/gconv-modules.cache
7dae9b877000-7dae9b879000 r-xp 00000000 08:05 12491331                   /home/victor/.sdkman/candidates/java/17.0.1-open/lib/libextnet.so
7dae9b879000-7dae9b87a000 r--p 00001000 08:05 12491331                   /home/victor/.sdkman/candidates/java/17.0.1-open/lib/libextnet.so
7dae9b87a000-7dae9b87b000 rw-p 00002000 08:05 12491331                   /home/victor/.sdkman/candidates/java/17.0.1-open/lib/libextnet.so
7dae9b87b000-7dae9b880000 r-xp 00000000 08:05 12491309                   /home/victor/.sdkman/candidates/java/17.0.1-open/lib/libmanagement_ext.so
7dae9b880000-7dae9b881000 ---p 00005000 08:05 12491309                   /home/victor/.sdkman/candidates/java/17.0.1-open/lib/libmanagement_ext.so
7dae9b881000-7dae9b882000 r--p 00005000 08:05 12491309                   /home/victor/.sdkman/candidates/java/17.0.1-open/lib/libmanagement_ext.so
7dae9b882000-7dae9b883000 rw-p 00006000 08:05 12491309                   /home/victor/.sdkman/candidates/java/17.0.1-open/lib/libmanagement_ext.so
7dae9b883000-7dae9b890000 r-xp 00000000 08:05 12491346                   /home/victor/.sdkman/candidates/java/17.0.1-open/lib/libverify.so
7dae9b890000-7dae9b892000 r--p 0000c000 08:05 12491346                   /home/victor/.sdkman/candidates/java/17.0.1-open/lib/libverify.so
7dae9b892000-7dae9b893000 rw-p 0000e000 08:05 12491346                   /home/victor/.sdkman/candidates/java/17.0.1-open/lib/libverify.so
7dae9b8b2000-7dae9b8b6000 ---p 00000000 00:00 0 
7dae9b8b6000-7dae9b919000 rw-p 00000000 00:00 0 
7dae9b919000-7dae9b927000 r--p 00000000 08:05 24905857                   /usr/lib/x86_64-linux-gnu/libm.so.6
7dae9b927000-7dae9b9a3000 r-xp 0000e000 08:05 24905857                   /usr/lib/x86_64-linux-gnu/libm.so.6
7dae9b9a3000-7dae9b9fe000 r--p 0008a000 08:05 24905857                   /usr/lib/x86_64-linux-gnu/libm.so.6
7dae9b9fe000-7dae9b9ff000 r--p 000e4000 08:05 24905857                   /usr/lib/x86_64-linux-gnu/libm.so.6
7dae9b9ff000-7dae9ba00000 rw-p 000e5000 08:05 24905857                   /usr/lib/x86_64-linux-gnu/libm.so.6
7dae9ba00000-7dae9ba28000 r--p 00000000 08:05 24905782                   /usr/lib/x86_64-linux-gnu/libc.so.6
7dae9ba28000-7dae9bbbd000 r-xp 00028000 08:05 24905782                   /usr/lib/x86_64-linux-gnu/libc.so.6
7dae9bbbd000-7dae9bc15000 r--p 001bd000 08:05 24905782                   /usr/lib/x86_64-linux-gnu/libc.so.6
7dae9bc15000-7dae9bc16000 ---p 00215000 08:05 24905782                   /usr/lib/x86_64-linux-gnu/libc.so.6
7dae9bc16000-7dae9bc1a000 r--p 00215000 08:05 24905782                   /usr/lib/x86_64-linux-gnu/libc.so.6
7dae9bc1a000-7dae9bc1c000 rw-p 00219000 08:05 24905782                   /usr/lib/x86_64-linux-gnu/libc.so.6
7dae9bc1c000-7dae9bc29000 rw-p 00000000 00:00 0 
7dae9bc29000-7dae9bc2a000 r-xp 00000000 08:05 12491299                   /home/victor/.sdkman/candidates/java/17.0.1-open/lib/librmi.so
7dae9bc2a000-7dae9bc2b000 r--p 00000000 08:05 12491299                   /home/victor/.sdkman/candidates/java/17.0.1-open/lib/librmi.so
7dae9bc2b000-7dae9bc2c000 rw-p 00001000 08:05 12491299                   /home/victor/.sdkman/candidates/java/17.0.1-open/lib/librmi.so
7dae9bc2c000-7dae9bc30000 r-xp 00000000 08:05 12491303                   /home/victor/.sdkman/candidates/java/17.0.1-open/lib/libmanagement.so
7dae9bc30000-7dae9bc31000 r--p 00003000 08:05 12491303                   /home/victor/.sdkman/candidates/java/17.0.1-open/lib/libmanagement.so
7dae9bc31000-7dae9bc32000 rw-p 00004000 08:05 12491303                   /home/victor/.sdkman/candidates/java/17.0.1-open/lib/libmanagement.so
7dae9bc32000-7dae9bc47000 r-xp 00000000 08:05 12491302                   /home/victor/.sdkman/candidates/java/17.0.1-open/lib/libnet.so
7dae9bc47000-7dae9bc48000 ---p 00015000 08:05 12491302                   /home/victor/.sdkman/candidates/java/17.0.1-open/lib/libnet.so
7dae9bc48000-7dae9bc49000 r--p 00015000 08:05 12491302                   /home/victor/.sdkman/candidates/java/17.0.1-open/lib/libnet.so
7dae9bc49000-7dae9bc4a000 rw-p 00016000 08:05 12491302                   /home/victor/.sdkman/candidates/java/17.0.1-open/lib/libnet.so
7dae9bc4a000-7dae9bc5d000 r-xp 00000000 08:05 12491326                   /home/victor/.sdkman/candidates/java/17.0.1-open/lib/libnio.so
7dae9bc5d000-7dae9bc5e000 r--p 00012000 08:05 12491326                   /home/victor/.sdkman/candidates/java/17.0.1-open/lib/libnio.so
7dae9bc5e000-7dae9bc5f000 rw-p 00013000 08:05 12491326                   /home/victor/.sdkman/candidates/java/17.0.1-open/lib/libnio.so
7dae9bc5f000-7dae9bc66000 r-xp 00000000 08:05 12491325                   /home/victor/.sdkman/candidates/java/17.0.1-open/lib/libzip.so
7dae9bc66000-7dae9bc67000 ---p 00007000 08:05 12491325                   /home/victor/.sdkman/candidates/java/17.0.1-open/lib/libzip.so
7dae9bc67000-7dae9bc68000 r--p 00007000 08:05 12491325                   /home/victor/.sdkman/candidates/java/17.0.1-open/lib/libzip.so
7dae9bc68000-7dae9bc69000 rw-p 00008000 08:05 12491325                   /home/victor/.sdkman/candidates/java/17.0.1-open/lib/libzip.so
7dae9bc69000-7dae9bc6f000 rw-p 00000000 00:00 0 
7dae9bc6f000-7dae9bc75000 ---p 00000000 00:00 0 
7dae9bc75000-7dae9bc7d000 rw-s 00000000 08:05 26869823                   /tmp/hsperfdata_victor/4986
7dae9bc7d000-7dae9bca1000 r-xp 00000000 08:05 12491328                   /home/victor/.sdkman/candidates/java/17.0.1-open/lib/libjava.so
7dae9bca1000-7dae9bca2000 ---p 00024000 08:05 12491328                   /home/victor/.sdkman/candidates/java/17.0.1-open/lib/libjava.so
7dae9bca2000-7dae9bca3000 r--p 00024000 08:05 12491328                   /home/victor/.sdkman/candidates/java/17.0.1-open/lib/libjava.so
7dae9bca3000-7dae9bca4000 rw-p 00025000 08:05 12491328                   /home/victor/.sdkman/candidates/java/17.0.1-open/lib/libjava.so
7dae9bca4000-7dae9bca5000 rw-p 00000000 00:00 0 
7dae9bca5000-7dae9bcc0000 r-xp 00000000 08:05 12491305                   /home/victor/.sdkman/candidates/java/17.0.1-open/lib/libjimage.so
7dae9bcc0000-7dae9bcc1000 ---p 0001b000 08:05 12491305                   /home/victor/.sdkman/candidates/java/17.0.1-open/lib/libjimage.so
7dae9bcc1000-7dae9bcc3000 r--p 0001b000 08:05 12491305                   /home/victor/.sdkman/candidates/java/17.0.1-open/lib/libjimage.so
7dae9bcc3000-7dae9bcc4000 rw-p 0001d000 08:05 12491305                   /home/victor/.sdkman/candidates/java/17.0.1-open/lib/libjimage.so
7dae9bcc4000-7dae9bcc5000 r--p 00000000 08:05 24905912                   /usr/lib/x86_64-linux-gnu/librt.so.1
7dae9bcc5000-7dae9bcc6000 r-xp 00001000 08:05 24905912                   /usr/lib/x86_64-linux-gnu/librt.so.1
7dae9bcc6000-7dae9bcc7000 r--p 00002000 08:05 24905912                   /usr/lib/x86_64-linux-gnu/librt.so.1
7dae9bcc7000-7dae9bcc8000 r--p 00002000 08:05 24905912                   /usr/lib/x86_64-linux-gnu/librt.so.1
7dae9bcc8000-7dae9bcc9000 rw-p 00003000 08:05 24905912                   /usr/lib/x86_64-linux-gnu/librt.so.1
7dae9bcc9000-7dae9bccd000 rw-p 00000000 00:00 0 
7dae9bccd000-7dae9bcce000 r--p 00000000 08:05 24905851                   /usr/lib/x86_64-linux-gnu/libdl.so.2
7dae9bcce000-7dae9bccf000 r-xp 00001000 08:05 24905851                   /usr/lib/x86_64-linux-gnu/libdl.so.2
7dae9bccf000-7dae9bcd0000 r--p 00002000 08:05 24905851                   /usr/lib/x86_64-linux-gnu/libdl.so.2
7dae9bcd0000-7dae9bcd1000 r--p 00002000 08:05 24905851                   /usr/lib/x86_64-linux-gnu/libdl.so.2
7dae9bcd1000-7dae9bcd2000 rw-p 00003000 08:05 24905851                   /usr/lib/x86_64-linux-gnu/libdl.so.2
7dae9bcd2000-7dae9bcd3000 r--p 00000000 08:05 24905905                   /usr/lib/x86_64-linux-gnu/libpthread.so.0
7dae9bcd3000-7dae9bcd4000 r-xp 00001000 08:05 24905905                   /usr/lib/x86_64-linux-gnu/libpthread.so.0
7dae9bcd4000-7dae9bcd5000 r--p 00002000 08:05 24905905                   /usr/lib/x86_64-linux-gnu/libpthread.so.0
7dae9bcd5000-7dae9bcd6000 r--p 00002000 08:05 24905905                   /usr/lib/x86_64-linux-gnu/libpthread.so.0
7dae9bcd6000-7dae9bcd7000 rw-p 00003000 08:05 24905905                   /usr/lib/x86_64-linux-gnu/libpthread.so.0
7dae9bcd7000-7dae9bce6000 r-xp 00000000 08:05 12491322                   /home/victor/.sdkman/candidates/java/17.0.1-open/lib/libjli.so
7dae9bce6000-7dae9bce7000 r--p 0000e000 08:05 12491322                   /home/victor/.sdkman/candidates/java/17.0.1-open/lib/libjli.so
7dae9bce7000-7dae9bce8000 rw-p 0000f000 08:05 12491322                   /home/victor/.sdkman/candidates/java/17.0.1-open/lib/libjli.so
7dae9bce8000-7dae9bcea000 r--p 00000000 08:05 24913212                   /usr/lib/x86_64-linux-gnu/libz.so.1.2.11
7dae9bcea000-7dae9bcfb000 r-xp 00002000 08:05 24913212                   /usr/lib/x86_64-linux-gnu/libz.so.1.2.11
7dae9bcfb000-7dae9bd01000 r--p 00013000 08:05 24913212                   /usr/lib/x86_64-linux-gnu/libz.so.1.2.11
7dae9bd01000-7dae9bd02000 ---p 00019000 08:05 24913212                   /usr/lib/x86_64-linux-gnu/libz.so.1.2.11
7dae9bd02000-7dae9bd03000 r--p 00019000 08:05 24913212                   /usr/lib/x86_64-linux-gnu/libz.so.1.2.11
7dae9bd03000-7dae9bd04000 rw-p 0001a000 08:05 24913212                   /usr/lib/x86_64-linux-gnu/libz.so.1.2.11
7dae9bd06000-7dae9bd10000 r-xp 00000000 08:05 12491304                   /home/victor/.sdkman/candidates/java/17.0.1-open/lib/libinstrument.so
7dae9bd10000-7dae9bd11000 r--p 00009000 08:05 12491304                   /home/victor/.sdkman/candidates/java/17.0.1-open/lib/libinstrument.so
7dae9bd11000-7dae9bd12000 rw-p 0000a000 08:05 12491304                   /home/victor/.sdkman/candidates/java/17.0.1-open/lib/libinstrument.so
7dae9bd12000-7dae9bd13000 ---p 00000000 00:00 0 
7dae9bd13000-7dae9bd14000 r--p 00000000 00:00 0 
7dae9bd14000-7dae9bd16000 rw-p 00000000 00:00 0 
7dae9bd16000-7dae9bd18000 r--p 00000000 08:05 24904875                   /usr/lib/x86_64-linux-gnu/ld-linux-x86-64.so.2
7dae9bd18000-7dae9bd42000 r-xp 00002000 08:05 24904875                   /usr/lib/x86_64-linux-gnu/ld-linux-x86-64.so.2
7dae9bd42000-7dae9bd4d000 r--p 0002c000 08:05 24904875                   /usr/lib/x86_64-linux-gnu/ld-linux-x86-64.so.2
7dae9bd4d000-7dae9bd4e000 ---p 00000000 00:00 0 
7dae9bd4e000-7dae9bd50000 r--p 00037000 08:05 24904875                   /usr/lib/x86_64-linux-gnu/ld-linux-x86-64.so.2
7dae9bd50000-7dae9bd52000 rw-p 00039000 08:05 24904875                   /usr/lib/x86_64-linux-gnu/ld-linux-x86-64.so.2
7ffc61847000-7ffc61869000 rw-p 00000000 00:00 0                          [stack]
7ffc6197d000-7ffc61981000 r--p 00000000 00:00 0                          [vvar]
7ffc61981000-7ffc61983000 r-xp 00000000 00:00 0                          [vdso]
ffffffffff600000-ffffffffff601000 --xp 00000000 00:00 0                  [vsyscall]


VM Arguments:
jvm_args: -XX:MaxMetaspaceSize=512m --add-opens=java.base/java.util=ALL-UNNAMED --add-opens=java.base/java.lang=ALL-UNNAMED --add-opens=java.base/java.lang.invoke=ALL-UNNAMED --add-opens=java.prefs/java.util.prefs=ALL-UNNAMED --add-opens=java.base/java.nio.charset=ALL-UNNAMED --add-opens=java.base/java.net=ALL-UNNAMED --add-opens=java.base/java.util.concurrent.atomic=ALL-UNNAMED -Xmx2048m -Dfile.encoding=UTF-8 -Duser.country=US -Duser.language=en -Duser.variant -javaagent:/home/victor/.gradle/wrapper/dists/gradle-8.3-all/6en3ugtfdg5xnpx44z4qbwgas/gradle-8.3/lib/agents/gradle-instrumentation-agent-8.3.jar 
java_command: org.gradle.launcher.daemon.bootstrap.GradleDaemon 8.3
java_class_path (initial): /home/victor/.gradle/wrapper/dists/gradle-8.3-all/6en3ugtfdg5xnpx44z4qbwgas/gradle-8.3/lib/gradle-launcher-8.3.jar
Launcher Type: SUN_STANDARD

[Global flags]
     intx CICompilerCount                          = 3                                         {product} {ergonomic}
   size_t CompressedClassSpaceSize                 = 432013312                                 {product} {ergonomic}
     uint ConcGCThreads                            = 1                                         {product} {ergonomic}
     uint G1ConcRefinementThreads                  = 4                                         {product} {ergonomic}
   size_t G1HeapRegionSize                         = 1048576                                   {product} {ergonomic}
    uintx GCDrainStackTargetSize                   = 64                                        {product} {ergonomic}
   size_t InitialHeapSize                          = 125829120                                 {product} {ergonomic}
   size_t MarkStackSize                            = 4194304                                   {product} {ergonomic}
   size_t MaxHeapSize                              = 2147483648                                {product} {command line}
   size_t MaxMetaspaceSize                         = 536870912                                 {product} {command line}
   size_t MaxNewSize                               = 1287651328                                {product} {ergonomic}
   size_t MinHeapDeltaBytes                        = 1048576                                   {product} {ergonomic}
   size_t MinHeapSize                              = 8388608                                   {product} {ergonomic}
    uintx NonNMethodCodeHeapSize                   = 5832780                                {pd product} {ergonomic}
    uintx NonProfiledCodeHeapSize                  = 122912730                              {pd product} {ergonomic}
    uintx ProfiledCodeHeapSize                     = 122912730                              {pd product} {ergonomic}
    uintx ReservedCodeCacheSize                    = 251658240                              {pd product} {ergonomic}
     bool SegmentedCodeCache                       = true                                      {product} {ergonomic}
   size_t SoftMaxHeapSize                          = 2147483648                             {manageable} {ergonomic}
     bool UseCompressedClassPointers               = true                           {product lp64_product} {ergonomic}
     bool UseCompressedOops                        = true                           {product lp64_product} {ergonomic}
     bool UseG1GC                                  = true                                      {product} {ergonomic}

Logging:
Log output configuration:
 #0: stdout all=warning uptime,level,tags
 #1: stderr all=off uptime,level,tags

Environment Variables:
JAVA_HOME=/home/victor/.sdkman/candidates/java/current
PATH=/tmp/yarn--1715273798723-0.8225560406318229:/home/victor/Downloads/bootcamp_project/Flex-app/node_modules/.bin:/home/victor/.config/yarn/link/node_modules/.bin:/home/victor/.yarn/bin:/home/victor/.nvm/versions/node/v20.1.0/libexec/lib/node_modules/npm/bin/node-gyp-bin:/home/victor/.nvm/versions/node/v20.1.0/lib/node_modules/npm/bin/node-gyp-bin:/home/victor/.nvm/versions/node/v20.1.0/bin/node_modules/npm/bin/node-gyp-bin:/home/victor/.sdkman/candidates/java/current/bin:/home/victor/.nvm/versions/node/v20.1.0/bin:/usr/local/sbin:/usr/local/bin:/usr/sbin:/usr/bin:/sbin:/bin:/usr/games:/usr/local/games:/snap/bin:/snap/bin:/home/victor/Android/Sdk
USERNAME=victor
SHELL=/bin/bash
DISPLAY=:0
LANG=en_US.UTF-8

Signal Handlers:
   SIGSEGV: crash_handler in libjvm.so, mask=11100100010111111101111111111110, flags=SA_RESTART|SA_SIGINFO
    SIGBUS: crash_handler in libjvm.so, mask=11100100010111111101111111111110, flags=SA_RESTART|SA_SIGINFO
    SIGFPE: crash_handler in libjvm.so, mask=11100100010111111101111111111110, flags=SA_RESTART|SA_SIGINFO
   SIGPIPE: javaSignalHandler in libjvm.so, mask=11100100010111111101111111111110, flags=SA_RESTART|SA_SIGINFO
   SIGXFSZ: javaSignalHandler in libjvm.so, mask=11100100010111111101111111111110, flags=SA_RESTART|SA_SIGINFO
    SIGILL: crash_handler in libjvm.so, mask=11100100010111111101111111111110, flags=SA_RESTART|SA_SIGINFO
   SIGUSR2: SR_handler in libjvm.so, mask=00100000000000000000000000000000, flags=SA_RESTART|SA_SIGINFO
    SIGHUP: UserHandler in libjvm.so, mask=11100100010111111101111111111110, flags=SA_RESTART|SA_SIGINFO
    SIGINT: UserHandler in libjvm.so, mask=11100100010111111101111111111110, flags=SA_RESTART|SA_SIGINFO
   SIGTERM: UserHandler in libjvm.so, mask=11100100010111111101111111111110, flags=SA_RESTART|SA_SIGINFO
   SIGQUIT: UserHandler in libjvm.so, mask=11100100010111111101111111111110, flags=SA_RESTART|SA_SIGINFO
   SIGTRAP: crash_handler in libjvm.so, mask=11100100010111111101111111111110, flags=SA_RESTART|SA_SIGINFO


---------------  S Y S T E M  ---------------

OS:
DISTRIB_ID=Ubuntu
DISTRIB_RELEASE=22.04
DISTRIB_CODENAME=jammy
DISTRIB_DESCRIPTION="Ubuntu 22.04.3 LTS"
uname: Linux 6.5.0-28-generic #29~22.04.1-Ubuntu SMP PREEMPT_DYNAMIC Thu Apr  4 14:39:20 UTC 2 x86_64
OS uptime: 0 days 6:17 hours
libc: glibc 2.35 NPTL 2.35 
rlimit (soft/hard): STACK 8192k/infinity , CORE 0k/infinity , NPROC 30115/30115 , NOFILE 1048576/1048576 , AS infinity/infinity , CPU infinity/infinity , DATA infinity/infinity , FSIZE infinity/infinity , MEMLOCK 973268k/973268k
load average: 4.36 3.87 2.40

/proc/meminfo:
MemTotal:        7786148 kB
MemFree:         1854640 kB
MemAvailable:    3693920 kB
Buffers:          141960 kB
Cached:          1966552 kB
SwapCached:        80944 kB
Active:          3215068 kB
Inactive:        2159576 kB
Active(anon):    2809660 kB
Inactive(anon):   627332 kB
Active(file):     405408 kB
Inactive(file):  1532244 kB
Unevictable:       65088 kB
Mlocked:              16 kB
SwapTotal:       2097148 kB
SwapFree:         530036 kB
Zswap:                 0 kB
Zswapped:              0 kB
Dirty:               888 kB
Writeback:             0 kB
AnonPages:       3250808 kB
Mapped:           382104 kB
Shmem:            170764 kB
KReclaimable:     206252 kB
Slab:             354216 kB
SReclaimable:     206252 kB
SUnreclaim:       147964 kB
KernelStack:       15728 kB
PageTables:        34392 kB
SecPageTables:         0 kB
NFS_Unstable:          0 kB
Bounce:                0 kB
WritebackTmp:          0 kB
CommitLimit:     5990220 kB
Committed_AS:    8735924 kB
VmallocTotal:   34359738367 kB
VmallocUsed:       46492 kB
VmallocChunk:          0 kB
Percpu:             3552 kB
HardwareCorrupted:     0 kB
AnonHugePages:         0 kB
ShmemHugePages:        0 kB
ShmemPmdMapped:        0 kB
FileHugePages:         0 kB
FilePmdMapped:         0 kB
Unaccepted:            0 kB
HugePages_Total:       0
HugePages_Free:        0
HugePages_Rsvd:        0
HugePages_Surp:        0
Hugepagesize:       2048 kB
Hugetlb:               0 kB
DirectMap4k:      179076 kB
DirectMap2M:     7870464 kB

/sys/kernel/mm/transparent_hugepage/enabled: always [madvise] never
/sys/kernel/mm/transparent_hugepage/defrag (defrag/compaction efforts parameter): always defer defer+madvise [madvise] never

Process Memory:
Virtual Size: 5442344K (peak: 5598772K)
Resident Set Size: 1829452K (peak: 2732608K) (anon: 1806260K, file: 23192K, shmem: 0K)
Swapped out: 971972K
C-Heap outstanding allocations: 232883K

/proc/sys/kernel/threads-max (system-wide limit on the number of threads): 60231
/proc/sys/vm/max_map_count (maximum number of memory map areas a process may have): 65530
/proc/sys/kernel/pid_max (system-wide limit on number of process identifiers): 4194304

container (cgroup) information:
container_type: cgroupv2
cpu_cpuset_cpus: not supported
cpu_memory_nodes: not supported
active_processor_count: 4
cpu_quota: not supported
cpu_period: not supported
cpu_shares: not supported
memory_limit_in_bytes: unlimited
memory_and_swap_limit_in_bytes: unlimited
memory_soft_limit_in_bytes: unlimited
memory_usage_in_bytes: 2915856384
memory_max_usage_in_bytes: not supported

Steal ticks since vm start: 0
Steal ticks percentage since vm start:  0.000

CPU: total 4 (initial active 4) (2 cores per cpu, 2 threads per core) family 6 model 37 stepping 5 microcode 0xd1070214, cx8, cmov, fxsr, ht, mmx, sse, sse2, sse3, ssse3, sse4.1, sse4.2, popcnt, tsc, tscinvbit, aes, clmul, clflush
CPU Model and flags from /proc/cpuinfo:
model name	: Intel(R) Core(TM) i5 CPU       M 560  @ 2.67GHz
flags		: fpu vme de pse tsc msr pae mce cx8 apic sep mtrr pge mca cmov pat pse36 clflush dts acpi mmx fxsr sse sse2 ht tm pbe syscall nx rdtscp lm constant_tsc arch_perfmon pebs bts rep_good nopl xtopology nonstop_tsc cpuid aperfmperf pni pclmulqdq dtes64 monitor ds_cpl vmx smx est tm2 ssse3 cx16 xtpr pdcm pcid sse4_1 sse4_2 popcnt aes lahf_lm pti tpr_shadow flexpriority ept vpid dtherm ida arat vnmi

Online cpus: 0-3
Offline cpus: 
BIOS frequency limitation: 2667000
Frequency switch latency (ns): 10000
Available cpu frequencies: 2667000 2666000 2533000 2399000 2266000 2133000 1999000 1866000 1733000 1599000 1466000 1333000 1199000 
Current governor: schedutil
Core performance/turbo boost: 1

Memory: 4k page, physical 7786148k(1854416k free), swap 2097148k(530548k free)
Page Sizes: 4k

vm_info: OpenJDK 64-Bit Server VM (17.0.1+12-39) for linux-amd64 JRE (17.0.1+12-39), built on Sep 27 2021 17:31:13 by "mach5one" with gcc 10.3.0

END.
